H,H_controller,J_res_norm,J_skew_error,R_config_block_norm,R_max_eig,R_min_eig,R_momentum_max,R_momentum_min,R_trace,T,V,chamfer,conservative_power,controller_dissipation,curve_area,curve_length,curve_to_target_mean,gamma_force_norm,gamma_max,gamma_min,gamma_speed_norm,gamma_stack_count,grad_norm,hausdorff,knot_floor_count,knot_gate,knot_interval_max,knot_interval_min,knot_interval_ratio,knot_period,max_discrete_curvature,measured_dHdt,p_gamma_norm,p_q_norm,plant_dissipation,power_balance_error,predicted_dHdt,q_force_max,q_force_norm,q_speed_max,q_speed_norm,self_intersections,step,t,target_to_curve_mean,total_dissipation
0.7229374647140503,0.0,167.86410522460938,0.0,7.778744697570801,2.071669578552246,0.1359599381685257,2.0546767711639404,0.19299177825450897,80.82452392578125,0.0,0.7229374647140503,0.1294819861650467,-5.587935447692871e-09,0.003161883680149913,1.129109501838684,3.768317699432373,0.2878631055355072,0.10944325476884842,0.0,0.0,6.853192329406738,0,0.14480574429035187,0.9085493683815002,0,1.0,0.6931471824645996,0.6931471824645996,1.0,12.476649284362793,1.6763702630996704,1.3209700584411903,0.0,0.0,0.01991158351302147,1.3440435305238052,-0.0230734720826149,0.025868015363812447,0.09482024610042572,1.740104079246521,6.543787479400635,0.0,0,0.0,0.28969115018844604,0.02307346649467945
0.7295423150062561,0.0,167.94705200195312,0.0,7.782334327697754,2.0726425647735596,0.1359599381685257,2.0556235313415527,0.19299177825450897,80.85633850097656,0.006716697011142969,0.7228256464004517,0.13262727856636047,2.9802322387695312e-08,0.02905467338860035,1.1156296730041504,3.745819568634033,0.29221105575561523,0.10909942537546158,-0.002045505680143833,-0.011375543661415577,29.511398315429688,0,0.3687840402126312,0.9072177410125732,0,1.0,0.6921249628067017,0.6874755620956421,1.006762981414795,12.409317016601562,1.7895324230194092,1.11104249954226,0.033575501292943954,0.04647848382592201,0.22126716375350952,1.3613643050194024,-0.25032180547714233,0.025906706228852272,0.09595459699630737,1.4795454740524292,4.7671027183532715,0.0,1,0.005,0.29447126388549805,0.2503218352794647
0.7340478897094727,0.0,168.01426696777344,0.0,7.78523588180542,2.0734293460845947,0.1359599381685257,2.056391477584839,0.19299177825450897,80.882080078125,0.0245982576161623,0.7094496488571167,0.13429707288742065,-1.1920928955078125e-07,0.09805235266685486,1.1064121723175049,3.7308027744293213,0.2949449121952057,0.10746457427740097,-0.030170641839504242,-0.05025255307555199,50.54970932006836,0,0.6650983095169067,0.905055820941925,0,1.0,0.6781756281852722,0.6683365702629089,1.0147217512130737,12.101744651794434,2.1027071475982666,0.5164623260498157,0.06430458277463913,0.0885760635137558,0.7585103511810303,1.3730251789093129,-0.8565628528594971,0.02630883827805519,0.09722880274057388,2.6118180751800537,5.144751071929932,0.0,2,0.01,0.29721611738204956,0.8565627336502075
0.7347069382667542,0.0,168.0634002685547,0.0,7.787346363067627,2.0740020275115967,0.1359599381685257,2.056953191757202,0.19299177825450897,80.90087127685547,0.05027611553668976,0.6844308376312256,0.13454903662204742,-2.9802322387695312e-08,0.1973012387752533,1.1011638641357422,3.7240188121795654,0.29598450660705566,0.10459716618061066,-0.08225944638252258,-0.11425724625587463,69.48397064208984,0,0.9396266937255859,0.9022278189659119,0,1.0,0.6528630256652832,0.6376495361328125,1.023858666419983,11.585992813110352,2.6319339275360107,-0.3701329231262286,0.09200353175401688,0.12611795961856842,1.5320247411727905,1.3591930866241375,-1.7293260097503662,0.02656140923500061,0.0979134663939476,3.918321371078491,7.003585338592529,0.0,3,0.015,0.29792559146881104,1.7293260097503662
0.7303465604782104,0.0,168.09616088867188,0.0,7.788744926452637,2.0743818283081055,0.1359599381685257,2.057328224182129,0.19299177825450897,80.91336059570312,0.0805143415927887,0.6498322486877441,0.13348306715488434,-2.9802322387695312e-08,0.3144134283065796,1.0994553565979004,3.726726531982422,0.2953919768333435,0.10061812400817871,-0.15595799684524536,-0.20078647136688232,86.18840026855469,0,1.1843271255493164,0.8990200757980347,0,1.0,0.6182054281234741,0.5977848768234253,1.0341603755950928,10.902437210083008,3.396540641784668,-1.438200473785431,0.11651749908924103,0.15895098447799683,2.4453275203704834,1.3215403556823424,-2.7597408294677734,0.02663002349436283,0.09802176803350449,5.110278606414795,9.234037399291992,0.0,4,0.02,0.29670265316963196,2.7597408294677734
0.7203249335289001,0.0,168.11630249023438,0.0,7.7895989418029785,2.074613571166992,0.1359599381685257,2.0575599670410156,0.19299177825450897,80.92103576660156,0.11236859858036041,0.6079563498497009,0.13125857710838318,-8.940696716308594e-08,0.438067227602005,1.1007499694824219,3.740469217300415,0.2933807373046875,0.09567412734031677,-0.24878570437431335,-0.30711784958839417,100.6014633178711,0,1.3968887329101562,0.8958001136779785,0,1.0,0.5764712691307068,0.551332414150238,1.0455965995788574,10.095748901367188,4.397084712982178,-2.585864067077692,0.1377551257610321,0.18700921535491943,3.410080909729004,1.2622840404509947,-3.8481481075286865,0.026471925899386406,0.09759314358234406,6.1627421379089355,11.401914596557617,0.0,5,0.025,0.29370927810668945,3.8481481075286865
0.7044879198074341,0.0,168.12796020507812,0.0,7.7900848388671875,2.0747458934783936,0.1359599381685257,2.0576937198638916,0.19299177825450897,80.92543029785156,0.14331549406051636,0.5611724257469177,0.12809360027313232,5.662441253662109e-07,0.5585153698921204,1.1044466495513916,3.7667837142944336,0.29036736488342285,0.089973084628582,-0.35819146037101746,-0.43047016859054565,112.70045471191406,0,1.5765913724899292,0.8929769992828369,0,1.0,0.53000408411026,0.500898540019989,1.0581066608428955,9.211396217346191,5.576940536499023,-3.724962472915729,0.15569134056568146,0.21031659841537476,4.350207805633545,1.1837604045867125,-4.908722877502441,0.02613038942217827,0.09660661965608597,7.066932201385498,13.361602783203125,0.0,6,0.03,0.289228618144989,4.9087233543396
0.6830753087997437,0.0,168.13424682617188,0.0,7.79034423828125,2.0748167037963867,0.1359599381685257,2.0577666759490967,0.19299177825450897,80.92780303955078,0.17131617665290833,0.5117591023445129,0.12421976774930954,-5.364418029785156e-07,0.6678445935249329,1.109928846359253,3.8068299293518066,0.28684142231941223,0.08372430503368378,-0.4815908968448639,-0.5680450797080994,122.50931549072266,0,1.7235277891159058,0.890964150428772,0,1.0,0.48106706142425537,0.4489281475543976,1.0715903043746948,8.292533874511719,6.780733585357666,-4.784923791885478,0.17035464942455292,0.22896571457386017,5.203927516937256,1.0868489742278031,-5.871772766113281,0.025686347857117653,0.09509237110614777,7.82056999206543,15.057854652404785,0.0,7,0.035,0.28354114294052124,5.871772289276123
0.6566386818885803,0.0,168.13755798339844,0.0,7.790474891662598,2.074852466583252,0.1359599381685257,2.057805061340332,0.19299177825450897,80.92902374267578,0.19487422704696655,0.46176445484161377,0.11986370384693146,2.384185791015625e-07,0.7602148652076721,1.1165947914123535,3.861029624938965,0.28301239013671875,0.07717152684926987,-0.6164161562919617,-0.7170844078063965,130.1007537841797,0,1.8385101556777954,0.8901442289352417,0,1.0,0.43170177936553955,0.39754951000213623,1.085906982421875,7.377264976501465,8.127482414245605,-5.712544918060424,0.18183450400829315,0.24312664568424225,5.925624370574951,0.9732937812803959,-6.68583869934082,0.02517780102789402,0.09313953667879105,8.424821853637695,16.467632293701172,0.0,8,0.04,0.2768922448158264,6.6858391761779785
0.6259498596191406,0.0,168.13912963867188,0.0,7.790536403656006,2.074869394302368,0.1359599381685257,2.057823657989502,0.19299177825450897,80.92961120605469,0.21306027472019196,0.4128895699977875,0.11525627225637436,2.384185791015625e-07,0.8319594264030457,1.1238771677017212,3.928880214691162,0.2790263593196869,0.0705251395702362,-0.7601715326309204,-0.8749266862869263,135.58914184570312,0,1.9230448007583618,0.8908386826515198,0,1.0,0.3836190104484558,0.348466157913208,1.1008788347244263,6.496645450592041,9.99096393585205,-6.469875574112076,0.19028505682945251,0.25305432081222534,6.486638069152832,0.848721265792709,-7.318596839904785,0.02446109615266323,0.0908336192369461,8.88308048248291,17.580713272094727,0.0,9,0.045,0.2694442868232727,7.318597316741943
0.5919399261474609,0.0,168.13992309570312,0.0,7.79056453704834,2.0748767852783203,0.1359599381685257,2.057832717895508,0.19299177825450897,80.92988586425781,0.22550168633460999,0.36643821001052856,0.11060434579849243,5.960464477539063e-08,0.8815554976463318,1.1312541961669922,4.009018421173096,0.27486616373062134,0.06399029493331909,-0.9104806780815125,-1.0390582084655762,139.1270751953125,0,1.9793304204940796,0.8932836651802063,0,1.0,0.338135689496994,0.3029063940048218,1.1163042783737183,5.6736578941345215,12.045531272888184,-7.036864757537992,0.19592726230621338,0.2590915560722351,6.875034332275391,0.7197251319883753,-7.756589889526367,0.023658785969018936,0.0881839245557785,9.203782081604004,18.40555763244629,0.0,10,0.05,0.2613937258720398,7.756589889526367
0.5555812120437622,0.0,168.1402130126953,0.0,7.790574550628662,2.0748798847198486,0.1359599381685257,2.0578360557556152,0.19299177825450897,80.92999267578125,0.23227417469024658,0.32330700755119324,0.10586583614349365,1.1920928955078125e-07,0.9092198014259338,1.1382865905761719,4.099525451660156,0.2705705761909485,0.057756513357162476,-1.0651289224624634,-1.207156777381897,140.90298461914062,0,2.0099854469299316,0.8975700736045837,0,1.0,0.2961586117744446,0.26163041591644287,1.131973147392273,4.923154830932617,13.970478057861328,-7.410442829132238,0.1990223526954651,0.2616283893585205,7.092436790466309,0.5912137031553595,-8.001656532287598,0.022696267813444138,0.08524956554174423,9.397371292114258,18.956701278686523,0.0,11,0.055,0.2529807686805725,8.001656532287598
0.5178354978561401,0.0,168.1403045654297,0.0,7.790577411651611,2.074880838394165,0.1359599381685257,2.0578372478485107,0.19299177825450897,80.93002319335938,0.23381859064102173,0.284016877412796,0.09971047192811966,-1.1920928955078125e-07,0.916589617729187,1.1446187496185303,4.198207378387451,0.2649143934249878,0.05195237323641777,-1.2221059799194336,-1.3771318197250366,141.12522888183594,0,2.017984390258789,0.8600582480430603,0,1.0,0.2582087814807892,0.22498278319835663,1.1476824283599854,4.252610683441162,15.495914459228516,-7.600265741348428,0.19986629486083984,0.2610974907875061,7.151552200317383,0.4678761959074311,-8.06814193725586,0.021732674911618233,0.08208361268043518,9.477212905883789,19.25853157043457,0.0,12,0.06,0.24456030130386353,8.06814193725586
0.47957855463027954,0.0,168.14024353027344,0.0,7.79057502746582,2.0748798847198486,0.1359599381685257,2.0578365325927734,0.19299177825450897,80.92999267578125,0.23081107437610626,0.24876746535301208,0.09297174960374832,4.470348358154297e-08,0.9062261581420898,1.1499896049499512,4.302860260009766,0.25872713327407837,0.046550918370485306,-1.3796311616897583,-1.5471466779708862,140.0107421875,0,2.0064361095428467,0.8200516700744629,0,1.0,0.2244797646999359,0.19297662377357483,1.1632485389709473,3.663475751876831,16.409610748291016,-7.6229035854341225,0.19876804947853088,0.25794336199760437,7.072276592254639,0.355599164962606,-7.9785027503967285,0.020656006410717964,0.07880818098783493,9.456527709960938,19.33445930480957,0.0,13,0.065,0.2362213432788849,7.9785027503967285
0.44160646200180054,0.0,168.14010620117188,0.0,7.790569305419922,2.074878454208374,0.1359599381685257,2.0578348636627197,0.19299177825450897,80.929931640625,0.22408217191696167,0.21752427518367767,0.08611853420734406,-5.960464477539063e-08,0.8813016414642334,1.154212474822998,4.411408424377441,0.25206607580184937,0.041733257472515106,-1.5361677408218384,-1.7156307697296143,137.78274536132812,0,1.978560447692871,0.7800512909889221,0,1.0,0.1949121654033661,0.16538751125335693,1.1785180568695068,3.1527721881866455,16.626266479492188,-7.503649592399757,0.1960475742816925,0.2526218295097351,6.879335403442383,0.2569876909254383,-7.760637283325195,0.01960119418799877,0.07534420490264893,9.351738929748535,19.2203426361084,0.0,14,0.07,0.2279852032661438,7.760637283325195
0.40454205870628357,0.0,168.1398468017578,0.0,7.790559768676758,2.074876070022583,0.1359599381685257,2.0578315258026123,0.19299177825450897,80.92984008789062,0.2144576609134674,0.19008439779281616,0.07945722341537476,2.2351741790771484e-07,0.8449882864952087,1.157196044921875,4.522063255310059,0.24509106576442719,0.03740142658352852,-1.6904247999191284,-1.88127601146698,134.64695739746094,0,1.9372910261154175,0.7404819130897522,0,1.0,0.1692710667848587,0.1418428272008896,1.1933706998825073,2.7146148681640625,16.19424819946289,-7.269823551178133,0.19199593365192413,0.24554216861724854,6.597410678863525,0.17257547378524585,-7.442399024963379,0.01854490116238594,0.07185262441635132,9.175878524780273,18.941036224365234,0.0,15,0.075,0.21993428468704224,7.442399024963379
0.36890822649002075,0.0,168.13954162597656,0.0,7.790547847747803,2.0748724937438965,0.1359599381685257,2.057827949523926,0.19299177825450897,80.92973327636719,0.2027580440044403,0.16615019738674164,0.0731780081987381,2.384185791015625e-07,0.8004465103149414,1.1589010953903198,4.633293151855469,0.23806515336036682,0.033524252474308014,-1.8413479328155518,-2.043022632598877,130.79603576660156,0,1.8854705095291138,0.7016460299491882,0,1.0,0.14721539616584778,0.1218957006931305,1.2077161073684692,2.341564416885376,17.618955612182617,-6.946545839309841,0.1868954598903656,0.23710116744041443,6.251140117645264,0.10504031181320617,-7.051586151123047,0.017723126336932182,0.06831595301628113,8.943138122558594,18.527982711791992,0.0,16,0.08,0.21218764781951904,7.051586627960205
0.33507660031318665,0.0,168.13914489746094,0.0,7.790534019470215,2.0748684406280518,0.1359599381685257,2.0578231811523438,0.19299177825450897,80.9295883178711,0.18970507383346558,0.14537152647972107,0.06736542284488678,-7.450580596923828e-09,0.7504696846008301,1.1593483686447144,4.743852615356445,0.23142805695533752,0.030048923566937447,-1.9881004095077515,-2.200040340423584,126.40798950195312,0,1.8255993127822876,0.6637872457504272,0,1.0,0.12835392355918884,0.1050792932510376,1.2214958667755127,2.0256187915802,19.44155502319336,-6.560918688774248,0.18099409341812134,0.22764341533184052,5.8622918128967285,0.05184280872331026,-6.612761497497559,0.01737513393163681,0.0648258775472641,8.666925430297852,18.01106071472168,0.0,17,0.085,0.20479126274585724,6.612761497497559
0.30329903960227966,0.0,168.13870239257812,0.0,7.790517330169678,2.074864149093628,0.1359599381685257,2.0578181743621826,0.19299177825450897,80.92942810058594,0.1759151816368103,0.12738385796546936,0.062092456966638565,0.0,0.6974489688873291,1.1586005687713623,4.852752685546875,0.22540980577468872,0.02702396735548973,-2.130051374435425,-2.35170841217041,121.6310806274414,0,1.7598719596862793,0.627091109752655,0,1.0,0.11228455603122711,0.09094281494617462,1.2346720695495605,1.758894681930542,21.01732635498047,-6.1360448598863,0.17450974881649017,0.21747146546840668,5.449531555175781,0.010935425758231254,-6.146980285644531,0.016864245757460594,0.061315421015024185,8.358405113220215,17.41517448425293,0.0,18,0.09,0.19790777564048767,6.146980285644531
0.27371615171432495,0.0,168.1382598876953,0.0,7.790499687194824,2.074859380722046,0.1359599381685257,2.0578129291534424,0.19299177825450897,80.92926025390625,0.16187307238578796,0.1118430644273758,0.05737920477986336,8.195638656616211e-08,0.6432740688323975,1.1567528247833252,4.959206581115723,0.2197013646364212,0.024363907054066658,-2.266735553741455,-2.4975790977478027,116.59165954589844,0,1.690088152885437,0.5916975736618042,0,1.0,0.09862285852432251,0.07907358556985855,1.2472288608551025,1.5340685844421387,22.93977165222168,-5.690723657608154,0.16762085258960724,0.2068299800157547,5.027590751647949,-0.019858598709228126,-5.670865058898926,0.016345931217074394,0.057886287569999695,8.026803016662598,16.76083755493164,0.0,19,0.095,0.1914052963256836,5.670865058898926
0.24639180302619934,0.0,168.13778686523438,0.0,7.790480613708496,2.0748536586761475,0.1359599381685257,2.057807207107544,0.19299177825450897,80.9290771484375,0.14796565473079681,0.09842615574598312,0.05287846922874451,4.470348358154297e-08,0.5894572734832764,1.1539156436920166,5.062599182128906,0.21279045939445496,0.021946299821138382,-2.3978357315063477,-2.6373538970947266,111.3904800415039,0,1.6177978515625,0.557705819606781,0,1.0,0.08701633661985397,0.06910651922225952,1.2591625452041626,1.3445887565612793,24.599853515625,-5.239158868789785,0.1604813039302826,0.19593067467212677,4.608278274536133,-0.04142308235179648,-5.197735786437988,0.0157605092972517,0.05453848838806152,7.679720878601074,16.065223693847656,0.0,20,0.1,0.1852675974369049,5.197735786437988
0.22132456302642822,0.0,168.1372833251953,0.0,7.790460109710693,2.0748484134674072,0.1359599381685257,2.0578010082244873,0.19299177825450897,80.92888641357422,0.1344817876815796,0.08684276789426804,0.04851085692644119,-2.9802322387695312e-08,0.5371365547180176,1.1502081155776978,5.162454605102539,0.20426002144813538,0.0198444202542305,-2.523153781890869,-2.7708544731140137,106.12340545654297,0,1.5442839860916138,0.5251827239990234,0,1.0,0.07715199887752533,0.060726724565029144,1.2704784870147705,1.184753656387329,25.95032501220703,-4.793460667133433,0.15321826934814453,0.1849464476108551,4.2004804611206055,-0.05584365129481039,-4.737617015838623,0.015102781355381012,0.05128583312034607,7.324985027313232,15.346858978271484,0.0,21,0.105,0.17947518825531006,4.737617015838623
0.19845719635486603,0.0,168.13670349121094,0.0,7.790439605712891,2.074842691421509,0.1359599381685257,2.0577948093414307,0.19299177825450897,80.92869567871094,0.12161830067634583,0.0768388956785202,0.044468581676483154,4.470348358154297e-08,0.487091600894928,1.1457571983337402,5.258444786071777,0.1951018124818802,0.01799483224749565,-2.642599105834961,-2.8980114459991455,100.85445404052734,0,1.470540165901184,0.49416208267211914,0,1.0,0.06875714659690857,0.05366658419370651,1.2811909914016724,1.0496755838394165,26.97615623474121,-4.362127184867952,0.14593036472797394,0.17401111125946045,3.8102970123291016,-0.06473863124856738,-4.297388553619385,0.014430052600800991,0.04814217612147331,6.967101573944092,14.615679740905762,0.0,22,0.11,0.17405802011489868,4.297388553619385
0.17770329117774963,0.0,168.1361846923828,0.0,7.7904181480407715,2.0748369693756104,0.1359599381685257,2.057788610458374,0.19299177825450897,80.92850494384766,0.10950860381126404,0.0681946873664856,0.04081610590219498,-1.1175870895385742e-08,0.439858078956604,1.1406843662261963,5.350338459014893,0.18597456812858582,0.01628563553094864,-2.756155490875244,-3.018831491470337,95.63756561279297,0,1.3973796367645264,0.46465790271759033,0,1.0,0.061598796397447586,0.04770221933722496,1.2913192510604858,0.935238778591156,27.688108444213867,-3.9508745074273,0.13869833946228027,0.1632327288389206,3.441917896270752,-0.06909865140923355,-3.8817758560180664,0.013770761899650097,0.045127879828214645,6.610727787017822,13.88288688659668,0.0,23,0.115,0.1690828949213028,3.8817758560180664
0.15894845128059387,0.0,168.13572692871094,0.0,7.790398597717285,2.074831485748291,0.1359599381685257,2.0577826499938965,0.19299177825450897,80.92831420898438,0.09823274612426758,0.06071571260690689,0.03751445561647415,-8.568167686462402e-08,0.3957643210887909,1.1351079940795898,5.438003063201904,0.17677295207977295,0.014851315878331661,-2.863873243331909,-3.1333858966827393,90.52178192138672,0,1.3254482746124268,0.4366650879383087,0,1.0,0.05547952651977539,0.04264754801988602,1.3008843660354614,0.838003933429718,28.114259719848633,-3.5641998052597805,0.1315862387418747,0.15269620716571808,3.0979268550872803,-0.07050859928138697,-3.4936912059783936,0.013097768649458885,0.04222218692302704,6.259458065032959,13.15689468383789,0.0,24,0.12,0.16445884108543396,3.4936912059783936
0.1420612931251526,0.0,168.13522338867188,0.0,7.790379047393799,2.0748260021209717,0.1359599381685257,2.057777166366577,0.19299177825450897,80.92813110351562,0.08782148361206055,0.05423981323838234,0.0346122682094574,8.940696716308594e-08,0.3549451529979706,1.129138708114624,5.521384239196777,0.16801868379116058,0.013467437587678432,-2.9658548831939697,-3.2417988777160645,85.53083801269531,0,1.2551945447921753,0.4101622700691223,0,1.0,0.050233323127031326,0.03834870457649231,1.3099092245101929,0.7551082968711853,28.292314529418945,-3.2042875885964124,0.12463869899511337,0.14246027171611786,2.7793831825256348,-0.06995922327048465,-3.1343283653259277,0.01244331244379282,0.039456386119127274,5.915544033050537,12.443204879760742,0.0,25,0.125,0.1602683961391449,3.1343283653259277
0.12690557539463043,0.0,168.13473510742188,0.0,7.790359020233154,2.0748205184936523,0.1359599381685257,2.0577712059020996,0.19299177825450897,80.92794799804688,0.07828343659639359,0.048622142523527145,0.032048262655735016,-1.0803341865539551e-07,0.31745070219039917,1.1228781938552856,5.600485801696777,0.1596069037914276,0.012272852472960949,-3.0622355937957764,-3.3442275524139404,80.69534301757812,0,1.1870096921920776,0.3851192891597748,0,1.0,0.045721642673015594,0.03467912971973419,1.3184195756912231,0.6841906309127808,28.26239776611328,-2.871709316968979,0.11789443343877792,0.1325741708278656,2.4866960048675537,-0.06756255030638147,-2.8041467666625977,0.011754906736314297,0.03682176023721695,5.581153392791748,11.746533393859863,0.0,26,0.13,0.15643875300884247,2.8041467666625977
0.11334419995546341,0.0,168.13427734375,0.0,7.790339946746826,2.074815273284912,0.1359599381685257,2.0577657222747803,0.19299177825450897,80.92777252197266,0.06959830969572067,0.04374589025974274,0.029814518988132477,1.4901161193847656e-08,0.28321582078933716,1.1164146661758423,5.675357818603516,0.15154367685317993,0.01119768526405096,-3.1531834602355957,-3.4408602714538574,76.03068542480469,0,1.121140956878662,0.36149582266807556,0,1.0,0.04182877764105797,0.031534627079963684,1.326439619064331,0.6232958436012268,28.063610076904297,-2.5664463639259885,0.11137805134057999,0.1230686753988266,2.219369888305664,-0.06386071443563202,-2.5025856494903564,0.011144197545945644,0.034331757575273514,5.257512092590332,11.069969177246094,0.0,27,0.135,0.1529274880886078,2.5025856494903564
0.1012411117553711,0.0,168.1338348388672,0.0,7.790322303771973,2.07481050491333,0.1359599381685257,2.057760715484619,0.19299177825450897,80.92760467529297,0.061733607202768326,0.039507508277893066,0.02773294411599636,4.6566128730773926e-08,0.25212669372558594,1.1098275184631348,5.746086120605469,0.14373257756233215,0.010229595936834812,-3.238887071609497,-3.531904697418213,71.54766082763672,0,1.0577805042266846,0.3392465114593506,0,1.0,0.038458410650491714,0.028829557821154594,1.3339923620224,0.5708115696907043,27.73136329650879,-2.2884152829647553,0.10510887205600739,0.1139669343829155,1.9765331745147705,-0.059755414724398825,-2.2286598682403564,0.010387567803263664,0.03192344307899475,4.946519374847412,10.419116020202637,0.0,28,0.14,0.14929252862930298,2.2286598682403564
0.09046004712581635,0.0,168.13343811035156,0.0,7.790305137634277,2.074805736541748,0.1359599381685257,2.057755947113037,0.19299177825450897,80.92745208740234,0.054639674723148346,0.035820372402668,0.02512471377849579,-2.2351741790771484e-08,0.22400248050689697,1.103190541267395,5.812797546386719,0.13632935285568237,0.009432697668671608,-3.3195457458496094,-3.6175806522369385,67.25669860839844,0,0.9970043897628784,0.3183192014694214,0,1.0,0.03553050756454468,0.026493478566408157,1.3411039113998413,0.5254073739051819,27.296314239501953,-2.036592364311262,0.09909418225288391,0.10527480393648148,1.7567813396453857,-0.05580854415897907,-1.9807838201522827,0.00976901687681675,0.029672520235180855,4.647778511047363,9.792387962341309,0.0,29,0.145,0.1431248039007187,1.9807838201522827
0.08087518811225891,0.0,168.1330108642578,0.0,7.790288925170898,2.074801445007324,0.1359599381685257,2.057750940322876,0.19299177825450897,80.92729949951172,0.04826806113123894,0.03260713070631027,0.022550024092197418,-1.6763806343078613e-08,0.19866397976875305,1.0965632200241089,5.875619411468506,0.12931503355503082,0.008646366186439991,-3.395374059677124,-3.698117256164551,63.1557731628418,0,0.9388890862464905,0.29866087436676025,0,1.0,0.032978203147649765,0.02446831203997135,1.3477922677993774,0.4859813451766968,26.785175323486328,-1.808851212263146,0.09334180504083633,0.09700097143650055,1.5587260723114014,-0.051461189985313904,-1.757390022277832,0.009164361283183098,0.02755717560648918,4.361850261688232,9.191163063049316,0.0,30,0.15,0.1363154500722885,1.757390022277832
0.07237153500318527,0.0,168.1326141357422,0.0,7.790273189544678,2.0747971534729004,0.1359599381685257,2.057746648788452,0.19299177825450897,80.92716217041016,0.0425671748816967,0.02980436012148857,0.020199410617351532,-5.587935447692871e-09,0.17591989040374756,1.0899964570999146,5.934694290161133,0.12261976301670074,0.00788891315460205,-3.466583013534546,-3.773745536804199,59.2481575012207,0,0.8834779262542725,0.2802176773548126,0,1.0,0.03074599988758564,0.022706136107444763,1.3540832996368408,0.4516240060329437,26.220102310180664,-1.6037158668041571,0.08785614371299744,0.08914777636528015,1.3808858394622803,-0.04691013693812929,-1.5568057298660278,0.008601482957601547,0.025562936440110207,4.089216709136963,8.617242813110352,0.0,31,0.155,0.12962110340595245,1.5568057298660278
0.06483802944421768,0.0,168.13226318359375,0.0,7.790257930755615,2.0747931003570557,0.1359599381685257,2.0577428340911865,0.19299177825450897,80.92701721191406,0.03748255968093872,0.027355467900633812,0.018139928579330444,-1.4901161193847656e-08,0.15556639432907104,1.0835347175598145,5.99017858505249,0.11650863289833069,0.0072853658348321915,-3.5333898067474365,-3.8446993827819824,55.53784942626953,0,0.8307669162750244,0.2629335820674896,0,1.0,0.028787385672330856,0.021167216822504997,1.3599985837936401,0.42157885432243347,25.619237899780273,-1.4200426638126675,0.08263678848743439,0.0817112848162651,1.221680760383606,-0.0427955687046353,-1.3772470951080322,0.008027622476220131,0.02366374433040619,3.8302042484283447,8.071596145629883,0.0,32,0.16,0.12329331040382385,1.3772470951080322
0.0581711083650589,0.0,168.1319580078125,0.0,7.790245056152344,2.074789524078369,0.1359599381685257,2.0577385425567627,0.19299177825450897,80.92689514160156,0.032957229763269424,0.025213878601789474,0.016290947794914246,-7.450580596923828e-09,0.13738782703876495,1.0772149562835693,6.042236804962158,0.11070699989795685,0.006642989814281464,-3.5960135459899902,-3.9112131595611572,52.012718200683594,0,0.7806889414787292,0.2467510998249054,0,1.0,0.02706332691013813,0.019818512722849846,1.3655579090118408,0.39521342515945435,24.997623443603516,-1.2555636465549738,0.0776771828532219,0.07467937469482422,1.0794306993484497,-0.038745075464275525,-1.2168185710906982,0.007523511536419392,0.02189820073544979,3.5836875438690186,7.5513386726379395,0.0,33,0.165,0.11730805039405823,1.2168185710906982
0.05228239297866821,0.0,168.13162231445312,0.0,7.790231227874756,2.0747857093811035,0.1359599381685257,2.057734727859497,0.19299177825450897,80.92677307128906,0.02894311025738716,0.02333928272128105,0.014666944742202759,-9.313225746154785e-09,0.12120351940393448,1.0710656642913818,6.0910186767578125,0.10534822940826416,0.006173868663609028,-3.654663324356079,-3.9735121726989746,48.6805419921875,0,0.7332360148429871,0.23161743581295013,0,1.0,0.025541232898831367,0.018632592633366585,1.370782494544983,0.37200385332107544,24.36719512939453,-1.1086706072092292,0.07297652214765549,0.06804769486188889,0.9527359008789062,-0.034731164574646645,-1.0739394426345825,0.0069409520365297794,0.020229265093803406,3.350832223892212,7.059784889221191,0.0,34,0.17,0.11177055537700653,1.0739394426345825
0.04708440229296684,0.0,168.13134765625,0.0,7.790219783782959,2.074782371520996,0.1359599381685257,2.0577316284179688,0.19299177825450897,80.92666625976562,0.025386963039636612,0.02169743925333023,0.013246306218206882,1.3969838619232178e-08,0.10680998861789703,1.0651092529296875,6.1366987228393555,0.10058104991912842,0.00573398033156991,-3.70955491065979,-4.031824111938477,45.527565002441406,0,0.6882941722869873,0.21747402846813202,0,1.0,0.02419338747859001,0.01758638583123684,1.3756884336471558,0.3515060842037201,23.984779357910156,-0.9781144559383601,0.0685235857963562,0.061799030750989914,0.8400108814239502,-0.03129360079767407,-0.946820855140686,0.00642818957567215,0.01867428980767727,3.130246639251709,6.5935139656066895,0.0,35,0.17500000000000002,0.10664147883653641,0.946820855140686
0.04250124841928482,0.0,168.1310577392578,0.0,7.790207862854004,2.0747792720794678,0.1359599381685257,2.0577285289764404,0.19299177825450897,80.92655944824219,0.022243821993470192,0.020257428288459778,0.011990459635853767,1.3969838619232178e-08,0.09403610974550247,1.0593628883361816,6.1794281005859375,0.09622236341238022,0.005341685377061367,-3.7608890533447266,-4.086364269256592,42.54869842529297,0,0.6457984447479248,0.20426888763904572,0,1.0,0.022996587678790092,0.016660641878843307,1.3802942037582397,0.33335015177726746,24.796655654907227,-0.8619863539934343,0.06431203335523605,0.05592197924852371,0.7399259805679321,-0.02802427113058026,-0.833962082862854,0.005967242643237114,0.017207149416208267,2.921731472015381,6.152498722076416,0.0,36,0.18,0.10179539024829865,0.833962082862854
0.038464538753032684,0.0,168.1308135986328,0.0,7.790197849273682,2.0747766494750977,0.1359599381685257,2.057725429534912,0.19299177825450897,80.92646026611328,0.019470904022455215,0.018993636593222618,0.010869836434721947,9.313225746154785e-10,0.0827186107635498,1.0538407564163208,6.2193603515625,0.09198060631752014,0.004953565075993538,-3.808861494064331,-4.137341022491455,39.73625564575195,0,0.6056650280952454,0.19277966022491455,0,1.0,0.021931152790784836,0.015839140862226486,1.384617567062378,0.31722381711006165,25.553693771362305,-0.7590495049953623,0.06033359467983246,0.050402190536260605,0.6512101888656616,-0.025120705366150853,-0.7339287996292114,0.005552985239773989,0.01584145426750183,2.724696397781372,5.7353081703186035,0.0,37,0.185,0.09728291630744934,0.7339287996292114
0.03491075336933136,0.0,168.13055419921875,0.0,7.790188789367676,2.0747740268707275,0.1359599381685257,2.057722806930542,0.19299177825450897,80.92637634277344,0.01702948473393917,0.01788126863539219,0.009912440553307533,3.725290298461914e-09,0.07270941883325577,1.048552393913269,6.256640911102295,0.08808368444442749,0.00461767241358757,-3.853659152984619,-4.184955596923828,37.087432861328125,0,0.5678154826164246,0.18217770755290985,0,1.0,0.02098037675023079,0.01510817650705576,1.3886770009994507,0.30286315083503723,26.25724220275879,-0.6679132580757283,0.056580524891614914,0.04522622376680374,0.5727120041847229,-0.022491812706007863,-0.6454214453697205,0.005129375960677862,0.01456499844789505,2.5391862392425537,5.342388153076172,0.0,38,0.19,0.09318443387746811,0.6454214453697205
0.03178540617227554,0.0,168.13031005859375,0.0,7.7901787757873535,2.0747714042663574,0.1359599381685257,2.057720184326172,0.19299177825450897,80.9262924194336,0.014882948249578476,0.016902457922697067,0.009086871519684792,-7.916241884231567e-09,0.06386763602495193,1.0435023307800293,6.291418075561523,0.08460349589586258,0.0042925248853862286,-3.8954672813415527,-4.229402542114258,34.592185974121094,0,0.5321487784385681,0.1746234893798828,0,1.0,0.020129898563027382,0.014456093311309814,1.3924853801727295,0.2900424301624298,26.907228469848633,-0.5871653556823856,0.05304288864135742,0.0403783805668354,0.5033341646194458,-0.019963562488568454,-0.5672017931938171,0.004756944719702005,0.013364597223699093,2.3643524646759033,4.9719319343566895,0.0,39,0.195,0.08946503698825836,0.5672017931938171
0.02903909981250763,0.0,168.13009643554688,0.0,7.790170192718506,2.0747690200805664,0.1359599381685257,2.0577175617218018,0.19299177825450897,80.92621612548828,0.012998923659324646,0.016040176153182983,0.00836113654077053,-4.6566128730773926e-09,0.056068889796733856,1.0386950969696045,6.323830604553223,0.081364206969738,0.0040307254530489445,-3.9344582557678223,-4.270866870880127,32.248104095458984,0,0.4985794425010681,0.17076149582862854,0,1.0,0.0193675234913826,0.013872991316020489,1.3960596323013306,0.2785705327987671,27.50654411315918,-0.5159590393304935,0.049712199717760086,0.03584440425038338,0.4421081244945526,-0.01778201758862641,-0.49817702174186707,0.004384814761579037,0.01225263811647892,2.2000865936279297,4.62357759475708,0.0,40,0.2,0.08606047928333282,0.49817702174186707
0.02662581577897072,0.0,168.12994384765625,0.0,7.790163040161133,2.0747668743133545,0.1359599381685257,2.05771541595459,0.19299177825450897,80.92613983154297,0.011347153224050999,0.01527866255491972,0.007723198272287846,3.725290298461914e-09,0.049195997416973114,1.0341291427612305,6.354014873504639,0.07835057377815247,0.003741544671356678,-3.970802068710327,-4.309528350830078,30.042978286743164,0,0.46700233221054077,0.16834504902362823,0,1.0,0.018682686612010002,0.01335037313401699,1.3994131088256836,0.2682822048664093,28.057035446166992,-0.45305434614420903,0.046578116714954376,0.03160855174064636,0.3881204128265381,-0.015737928450117233,-0.4373164176940918,0.004038926679641008,0.011225283145904541,2.0456018447875977,4.2958574295043945,0.0,41,0.20500000000000002,0.08294680714607239,0.4373164176940918
0.024508556351065636,0.0,168.12977600097656,0.0,7.79015588760376,2.074765205383301,0.1359599381685257,2.057713747024536,0.19299177825450897,80.92607879638672,0.009901909157633781,0.014606647193431854,0.007177239283919334,4.6566128730773926e-09,0.04314978048205376,1.0298031568527222,6.382099151611328,0.07559835910797119,0.003589194966480136,-4.0046563148498535,-4.345555305480957,27.97876739501953,0,0.43734511733055115,0.1664937436580658,0,1.0,0.018066368997097015,0.012880990281701088,1.4025605916976929,0.2590373754501343,28.56170654296875,-0.39761755615473643,0.04363350570201874,0.027658432722091675,0.3406004309654236,-0.013867355883129984,-0.38375020027160645,0.0036578800063580275,0.01022650208324194,1.9012303352355957,3.9898760318756104,0.0,42,0.21,0.08013047277927399,0.38375020027160645
0.02264964021742344,0.0,168.12962341308594,0.0,7.790149211883545,2.074763298034668,0.1359599381685257,2.0577118396759033,0.19299177825450897,80.92601776123047,0.008636655285954475,0.014012984931468964,0.006697617471218109,-9.313225746154785e-10,0.037826426327228546,1.0257141590118408,6.4082183837890625,0.07301069796085358,0.0033955734688788652,-4.036177635192871,-4.379112243652344,26.038732528686523,0,0.4094623029232025,0.16513101756572723,0,1.0,0.017510654404759407,0.012458551675081253,1.405512809753418,0.25071266293525696,29.023426055908203,-0.348928384482868,0.040863920003175735,0.023973116651177406,0.2987353801727295,-0.012366585433490562,-0.33656179904937744,0.0033321932423859835,0.009335295297205448,1.7654223442077637,3.701603889465332,0.0,43,0.215,0.07755326479673386,0.33656179904937744
0.02101927250623703,0.0,168.12945556640625,0.0,7.790143013000488,2.0747616291046143,0.1359599381685257,2.0577099323272705,0.19299177825450897,80.92595672607422,0.007531682029366493,0.013487591408193111,0.0062724519520998,3.4924596548080444e-09,0.033149637281894684,1.0218555927276611,6.432486534118652,0.0705774575471878,0.003241680795326829,-4.0655083656311035,-4.410349369049072,24.22051239013672,0,0.38329875469207764,0.16418424248695374,0,1.0,0.017008794471621513,0.012077702209353447,1.408280611038208,0.24320432543754578,29.445114135742188,-0.30606277287007033,0.03826398402452469,0.020543618127703667,0.2619324028491974,-0.010980740189558857,-0.2950820326805115,0.0030009823385626078,0.00849415548145771,1.6381970643997192,3.4315409660339355,0.0,44,0.22,0.07518395781517029,0.2950820326805115
0.0195890124887228,0.0,168.1293487548828,0.0,7.790137767791748,2.0747599601745605,0.1359599381685257,2.057708501815796,0.19299177825450897,80.92591857910156,0.006567350588738918,0.013021661899983883,0.005897156428545713,1.6298145055770874e-09,0.02904265746474266,1.0182218551635742,6.455014705657959,0.06823455542325974,0.003099974477663636,-4.092784404754639,-4.4394121170043945,22.51731300354004,0,0.3587556779384613,0.1635887324810028,0,1.0,0.016554897651076317,0.01173376478254795,1.4108768701553345,0.236421138048172,29.82998275756836,-0.2683585509657917,0.03582388162612915,0.01735502853989601,0.229591965675354,-0.009723924100404735,-0.25863462686538696,0.0027316648047417402,0.007733331527560949,1.5189311504364014,3.178131580352783,0.0,45,0.225,0.07302302122116089,0.25863462686538696
0.01833568699657917,0.0,168.12924194335938,0.0,7.790132999420166,2.074759006500244,0.1359599381685257,2.0577073097229004,0.19299177825450897,80.92587280273438,0.0057271262630820274,0.012608560733497143,0.005562684498727322,-1.6298145055770874e-09,0.02544081211090088,1.0148046016693115,6.475909233093262,0.06605854630470276,0.002966136671602726,-4.118135929107666,-4.4664387702941895,20.922361373901367,0,0.33576029539108276,0.16328638792037964,0,1.0,0.016143808141350746,0.011422667652368546,1.4133132696151733,0.23028385639190674,30.180898666381836,-0.23522209376097228,0.03353651985526085,0.01439687144011259,0.20121043920516968,-0.008570842444901722,-0.22665125131607056,0.0024536827113479376,0.007005286403000355,1.407452940940857,2.941507339477539,0.0,46,0.23,0.07101071625947952,0.22665125131607056
0.01723679155111313,0.0,168.12911987304688,0.0,7.790128231048584,2.0747573375701904,0.1359599381685257,2.057705879211426,0.19299177825450897,80.92583465576172,0.004995326977223158,0.012241464108228683,0.0052615003660321236,1.1641532182693481e-09,0.022282451391220093,1.011597990989685,6.49527645111084,0.06395097821950912,0.002856711857020855,-4.141685962677002,-4.49155855178833,19.430124282836914,0,0.3142171800136566,0.15855790674686432,0,1.0,0.015771009027957916,0.01114087924361229,1.4155982732772827,0.2247234284877777,30.50019645690918,-0.20617470145225963,0.031392376869916916,0.011655079200863838,0.17630574107170105,-0.007586508989338492,-0.19858819246292114,0.002231323393061757,0.006349152885377407,1.3029224872589111,2.719250440597534,0.0,47,0.23500000000000001,0.06914807111024857,0.19858819246292114
0.016273939982056618,0.0,168.12901306152344,0.0,7.79012393951416,2.074756622314453,0.1359599381685257,2.0577046871185303,0.19299177825450897,80.92578887939453,0.004359108861535788,0.011914831586182117,0.0049988459795713425,-2.3283064365386963e-10,0.01951710134744644,1.0085928440093994,6.5132060050964355,0.06192565709352493,0.002756215864792466,-4.163548946380615,-4.514894485473633,18.03599739074707,0,0.29406410455703735,0.15399158000946045,0,1.0,0.0154325682669878,0.010885299183428288,1.4177440404891968,0.21967938542366028,30.791696548461914,-0.18069902434945492,0.029385384172201157,0.009121962822973728,0.15448448061943054,-0.006697449833158536,-0.1740015745162964,0.002013911260291934,0.00572897819802165,1.2054091691970825,2.512054920196533,0.0,48,0.24,0.06747442483901978,0.1740015745162964
0.015429801307618618,0.0,168.12893676757812,0.0,7.790120601654053,2.0747556686401367,0.1359599381685257,2.057703971862793,0.19299177825450897,80.9257583618164,0.0038061405066400766,0.011623661033809185,0.004764185752719641,-1.1641532182693481e-09,0.0170959010720253,1.0057815313339233,6.5297956466674805,0.05995068699121475,0.002655796939507127,-4.183836936950684,-4.536562919616699,16.73361587524414,0,0.27521252632141113,0.14976006746292114,0,1.0,0.015124959871172905,0.010653207078576088,1.419756531715393,0.21509814262390137,31.056764602661133,-0.15839552506804805,0.02750672958791256,0.00678814435377717,0.13536439836025238,-0.005935218185189772,-0.15246030688285828,0.0018225075909867883,0.005175954196602106,1.1142622232437134,2.3181090354919434,0.0,49,0.245,0.06598532199859619,0.15246030688285828
0.014689984731376171,0.0,168.1288604736328,0.0,7.790116786956787,2.074754476547241,0.1359599381685257,2.0577025413513184,0.19299177825450897,80.92572021484375,0.003326256526634097,0.01136372797191143,0.004557867534458637,2.3283064365386963e-10,0.01497863233089447,1.003152847290039,6.54512882232666,0.058074407279491425,0.002578198444098234,-4.202653408050537,-4.556674480438232,15.51892375946045,0,0.25760146975517273,0.14583858847618103,0,1.0,0.014845103956758976,0.010442199185490608,1.4216454029083252,0.2109328806400299,31.29814338684082,-0.13883635401726066,0.025750426575541496,0.004654904827475548,0.11863167583942413,-0.005226045846942057,-0.1336103081703186,0.0016202592523768544,0.004664571024477482,1.0294089317321777,2.137660264968872,0.0,50,0.25,0.0646657794713974,0.1336103081703186
0.014041437767446041,0.0,168.12876892089844,0.0,7.79011344909668,2.0747532844543457,0.1359599381685257,2.05770206451416,0.19299177825450897,80.92568969726562,0.0029100452084094286,0.011131392791867256,0.0043740104883909225,5.820766091346741e-10,0.013127756305038929,1.0006988048553467,6.559291839599609,0.05629921332001686,0.0025148377753794193,-4.220097064971924,-4.575334072113037,14.386320114135742,0,0.24115712940692902,0.14547978341579437,0,1.0,0.014590260572731495,0.010250143706798553,1.4234200716018677,0.20714181661605835,31.518232345581055,-0.12174462899565956,0.024109195917844772,0.0027491392102092505,0.10399282723665237,-0.004624042660000535,-0.11712058633565903,0.0014444515109062195,0.004189117345958948,0.9502993226051331,1.9694063663482666,0.0,51,0.255,0.06348684430122375,0.11712058633565903
0.013472538441419601,0.0,168.1287078857422,0.0,7.790111064910889,2.0747530460357666,0.1359599381685257,2.0577011108398438,0.19299177825450897,80.92567443847656,0.0025492459535598755,0.010923292487859726,0.00420371675863862,1.7462298274040222e-09,0.011510228738188744,0.9984105229377747,6.572362899780273,0.05463671684265137,0.0024686746764928102,-4.236260414123535,-4.592639923095703,13.331291198730469,0,0.2258097231388092,0.14233282208442688,0,1.0,0.01435799989849329,0.010075164958834648,1.4250882863998413,0.2036881148815155,31.71881103515625,-0.10679299011826743,0.02257610112428665,0.0012995281722396612,0.09118914604187012,-0.004093613475563418,-0.10269937664270401,0.0013096859911456704,0.0037707919254899025,0.876383364200592,1.8119511604309082,0.0,52,0.26,0.06234215945005417,0.10269937664270401
0.01297350786626339,0.0,168.128662109375,0.0,7.790109157562256,2.0747523307800293,0.1359599381685257,2.0577003955841064,0.19299177825450897,80.92565155029297,0.002236952306702733,0.0107365557923913,0.004053980577737093,-9.313225746154785e-10,0.01009838655591011,0.9962780475616455,6.58441162109375,0.05314981937408447,0.002405891427770257,-4.251230716705322,-4.608684062957764,12.349774360656738,0,0.2115074098110199,0.1395280361175537,0,1.0,0.01414615847170353,0.009915599599480629,1.4266568422317505,0.2005389928817749,31.901798248291016,-0.09370371699333391,0.021146135404706,0.001521110418252647,0.08000452816486359,-0.003600805997850509,-0.0901029109954834,0.001187584362924099,0.003372527426108718,0.8077419996261597,1.6658979654312134,0.0,53,0.265,0.061300184577703476,0.0901029109954834
0.012535501271486282,0.0,168.12860107421875,0.0,7.790107250213623,2.074751853942871,0.1359599381685257,2.0576999187469482,0.19299177825450897,80.92562866210938,0.0019666035659611225,0.010568897239863873,0.003921872936189175,1.862645149230957e-09,0.008865702897310257,0.9942935705184937,6.595510482788086,0.05182265490293503,0.0023494597990065813,-4.265092372894287,-4.623554229736328,11.435600280761719,0,0.19817975163459778,0.13880765438079834,0,1.0,0.013952774927020073,0.009769956581294537,1.4281307458877563,0.1976650506258011,32.068572998046875,-0.08226307108998474,0.019812265411019325,0.0028193898033350706,0.07023095339536667,-0.003166411072017511,-0.07909666001796722,0.0010711196810007095,0.003026410471647978,0.7438702583312988,1.529946208000183,0.0,54,0.27,0.06036796420812607,0.07909666001796722
0.01215087715536356,0.0,168.12857055664062,0.0,7.790105819702148,2.074751377105713,0.1359599381685257,2.05769944190979,0.19299177825450897,80.92562103271484,0.0017328534740954638,0.01041802391409874,0.0038071421440690756,3.4924596548080444e-10,0.007790574338287115,0.9924483299255371,6.605725288391113,0.05064795911312103,0.002312327269464731,-4.277921676635742,-4.637331962585449,10.587162971496582,0,0.18577821552753448,0.1382095366716385,0,1.0,0.013776132836937904,0.009636914357542992,1.4295170307159424,0.19504055380821228,32.22073745727539,-0.07227407768368875,0.01856977306306362,0.004164474084973335,0.06169970706105232,-0.0027837939560428765,-0.06949028372764587,0.0009337470983155072,0.0026860840152949095,0.6847701668739319,1.4042489528656006,0.0,55,0.275,0.05955448001623154,0.06949028372764587
0.01181276049464941,0.0,168.12852478027344,0.0,7.790103435516357,2.0747509002685547,0.1359599381685257,2.057698965072632,0.19299177825450897,80.92559814453125,0.0015304733533412218,0.010282287374138832,0.0037079104222357273,1.0477378964424133e-09,0.006851498037576675,0.9907335638999939,6.615121364593506,0.049617014825344086,0.0022800839506089687,-4.289791584014893,-4.650094985961914,9.797977447509766,0,0.17422693967819214,0.13771626353263855,0,1.0,0.013614680618047714,0.009515279904007912,1.4308229684829712,0.19264179468154907,32.35987091064453,-0.06355522200465338,0.017411112785339355,0.005429395940154791,0.05424172431230545,-0.0024619996547712575,-0.061093222349882126,0.0008002256508916616,0.0023809392005205154,0.6298836469650269,1.2875564098358154,0.0,56,0.28,0.058849792927503586,0.061093222349882126
0.01151532493531704,0.0,168.12850952148438,0.0,7.790102481842041,2.0747506618499756,0.1359599381685257,2.0576987266540527,0.19299177825450897,80.92559814453125,0.0013554116012528539,0.010159913450479507,0.0036218587774783373,-5.238689482212067e-10,0.006031944882124662,0.989141583442688,6.623756408691406,0.04870878905057907,0.002247340977191925,-4.300768852233887,-4.661914348602295,9.065362930297852,0,0.16348180174827576,0.1373140662908554,0,1.0,0.013467041775584221,0.009404001757502556,1.4320544004440308,0.19044813513755798,32.487037658691406,-0.05594277754426122,0.016331961378455162,0.006594961043447256,0.047727473080158234,-0.002183359116317035,-0.05375941842794418,0.0007081304211169481,0.002111658453941345,0.5788827538490295,1.17910635471344,0.0,57,0.28500000000000003,0.0582418367266655,0.05375941842794418
0.01125333271920681,0.0,168.12847900390625,0.0,7.790102005004883,2.0747501850128174,0.1359599381685257,2.0576982498168945,0.19299177825450897,80.92558288574219,0.0012040005531162024,0.010049331933259964,0.003546731546521187,-2.3283064365386963e-10,0.005316810682415962,0.9876647591590881,6.631683826446533,0.047910548746585846,0.002223227871581912,-4.31091833114624,-4.672857284545898,8.3854341506958,0,0.15349380671977997,0.1369917094707489,0,1.0,0.013331952504813671,0.009302129037678242,1.4332151412963867,0.18844076991081238,32.60354995727539,-0.049287639558316325,0.01532749179750681,0.007660368923097849,0.0420384556055069,-0.001932375133038615,-0.04735526442527771,0.0006376916426233947,0.0018775174394249916,0.5315887331962585,1.0784646272659302,0.0,58,0.29,0.05772434547543526,0.04735526442527771
0.011022448539733887,0.0,168.12847900390625,0.0,7.790101528167725,2.0747501850128174,0.1359599381685257,2.0576982498168945,0.19299177825450897,80.92558288574219,0.0010731290094554424,0.009949319995939732,0.0034814183600246906,-4.0745362639427185e-10,0.004693248774856329,0.9862949848175049,6.638955116271973,0.04722964018583298,0.0022015997674316168,-4.32029914855957,-4.682987689971924,7.757089138031006,0,0.14422258734703064,0.13673849403858185,0,1.0,0.013208290562033653,0.009208801202476025,1.4343116283416748,0.18660281598567963,32.71025466918945,-0.043469760566950774,0.014393782243132591,0.008628346025943756,0.037073928862810135,-0.0017025843262681722,-0.0417671762406826,0.0005610847729258239,0.0016630224417895079,0.4878635108470917,0.9854504466056824,0.0,59,0.295,0.057290032505989075,0.0417671762406826
0.010818635113537312,0.0,168.12844848632812,0.0,7.790100574493408,2.0747501850128174,0.1359599381685257,2.0576980113983154,0.19299177825450897,80.92557525634766,0.0009599111508578062,0.009858723729848862,0.003424841444939375,2.9103830456733704e-10,0.004149168264120817,0.9850244522094727,6.645618915557861,0.04663330316543579,0.002181011252105236,-4.3289690017700195,-4.692366123199463,7.1753315925598145,0,0.1356174796819687,0.13654515147209167,0,1.0,0.013095015659928322,0.009123231284320354,1.435348391532898,0.1849185973405838,32.80825424194336,-0.03839554265141569,0.01352583710104227,0.009504713118076324,0.03273874893784523,-0.0015076249837883554,-0.036887917667627335,0.0004933567834086716,0.0014755040174350142,0.44745758175849915,0.8995952606201172,0.0,60,0.3,0.056917183101177216,0.036887917667627335
0.010638493113219738,0.0,168.12844848632812,0.0,7.790100574493408,2.0747499465942383,0.1359599381685257,2.0576980113983154,0.19299177825450897,80.92556762695312,0.0008619341533631086,0.009776558727025986,0.003375724423676729,1.7462298274040222e-10,0.0036744396202266216,0.9838466644287109,6.651721477508545,0.04610510170459747,0.002162160351872444,-4.336981296539307,-4.701047897338867,6.6367645263671875,0,0.12763720750808716,0.13640330731868744,0,1.0,0.012991189025342464,0.009044723585247993,1.4363279342651367,0.183374285697937,32.89826965332031,-0.03396170213818622,0.012719613499939442,0.010294786654412746,0.028953291475772858,-0.0013339705765254561,-0.03262773156166077,0.00046829754137434065,0.0013202299596741796,0.4100508987903595,0.8200654983520508,0.0,61,0.305,0.05659185349941254,0.03262773156166077
0.010479018092155457,0.0,168.12843322753906,0.0,7.790099143981934,2.0747499465942383,0.1359599381685257,2.0576980113983154,0.19299177825450897,80.92556762695312,0.0007771425880491734,0.00970187596976757,0.0033315587788820267,1.1641532182693481e-10,0.003260402474552393,0.9827553033828735,6.657303810119629,0.04561861604452133,0.002149150473996997,-4.344384670257568,-4.709085464477539,6.139020919799805,0,0.12024642527103424,0.1363055258989334,0,1.0,0.012895980849862099,0.00897264201194048,1.4372557401657104,0.1819574385881424,32.98103713989258,-0.030092336237431214,0.011971680447459221,0.011003353632986546,0.025649480521678925,-0.0011824537068611841,-0.02890988253057003,0.0004081698425579816,0.0011814527679234743,0.3756217062473297,0.7470152974128723,0.0,62,0.31,0.056298401206731796,0.02890988253057003
0.010337569750845432,0.0,168.12843322753906,0.0,7.790099620819092,2.07474946975708,0.1359599381685257,2.0576980113983154,0.19299177825450897,80.92556762695312,0.0007036683382466435,0.00963390152901411,0.003292364999651909,-1.1641532182693481e-10,0.0028990507125854492,0.9817439317703247,6.662407875061035,0.04517434909939766,0.0021354721393436193,-4.351224899291992,-4.716527462005615,5.679871082305908,0,0.11340393871068954,0.13624605536460876,0,1.0,0.012808631174266338,0.008906410075724125,1.4381362199783325,0.18065665662288666,33.05717086791992,-0.026712380349636647,0.011277999728918076,0.01163631584495306,0.022764189168810844,-0.0010491404682403532,-0.025663239881396294,0.0003733540652319789,0.0010768669890239835,0.3437909781932831,0.6794201135635376,0.0,63,0.315,0.05603567510843277,0.025663239881396294
0.010211894288659096,0.0,168.12843322753906,0.0,7.790099143981934,2.074749708175659,0.1359599381685257,2.0576980113983154,0.19299177825450897,80.92556762695312,0.0006399698322638869,0.009571924805641174,0.003258299082517624,-1.1641532182693481e-10,0.002583784516900778,0.9808066487312317,6.667067527770996,0.04477667808532715,0.002119305543601513,-4.357545852661133,-4.723420143127441,5.255697727203369,0,0.10707809776067734,0.13622082769870758,0,1.0,0.0127284349873662,0.008845502510666847,1.4389724731445312,0.1794615387916565,33.127708435058594,-0.02375729382038167,0.010635539889335632,0.012198054231703281,0.020245464518666267,-0.0009280443191533386,-0.022829249501228333,0.00033158311271108687,0.0009820351842790842,0.3145250976085663,0.6174378991127014,0.0,64,0.32,0.05580737441778183,0.022829249501228333
0.01009999681264162,0.0,168.12843322753906,0.0,7.790099143981934,2.074749708175659,0.1359599381685257,2.0576977729797363,0.19299177825450897,80.92556762695312,0.0005846701678819954,0.009515326470136642,0.0032287549693137407,-4.0745362639427185e-10,0.002308621071279049,0.9799384474754333,6.671319961547852,0.04442518949508667,0.0021056076511740685,-4.363387584686279,-4.729805946350098,4.866478443145752,0,0.10123489052057266,0.1362222582101822,0,1.0,0.012654762715101242,0.008789443410933018,1.4397684335708618,0.17836280167102814,33.19270324707031,-0.021174363791943047,0.010040969587862492,0.012693684548139572,0.018046069890260696,-0.0008196718990807275,-0.02035469189286232,0.00031201046658679843,0.0009114519343711436,0.2877345085144043,0.5608026385307312,0.0,65,0.325,0.05560882017016411,0.02035469189286232
0.01000015065073967,0.0,168.12843322753906,0.0,7.79010009765625,2.0747499465942383,0.1359599381685257,2.0576980113983154,0.19299177825450897,80.92556762695312,0.0005365447141230106,0.009463605470955372,0.0032019964419305325,1.7462298274040222e-10,0.0020681587047874928,0.9791329503059387,6.675199508666992,0.044116150587797165,0.002094831084832549,-4.368789196014404,-4.7357258796691895,4.508382320404053,0,0.09583767503499985,0.1362496167421341,0,1.0,0.012587018311023712,0.008737790398299694,1.4405264854431152,0.17735153436660767,33.252933502197266,-0.018922146409750387,0.009490721859037876,0.013128268532454967,0.016123317182064056,-0.0007306709885601254,-0.018191475421190262,0.000292611715849489,0.0008604879840277135,0.263172447681427,0.5090170502662659,0.0,66,0.33,0.055423617362976074,0.018191475421190262
0.00991077534854412,0.0,168.12844848632812,0.0,7.79010009765625,2.0747499465942383,0.1359599381685257,2.0576982498168945,0.19299177825450897,80.92556762695312,0.0004945681430399418,0.009416206739842892,0.003178701037541032,-2.0372681319713593e-10,0.0018578453455120325,0.978386402130127,6.678737163543701,0.04384707286953926,0.0020909637678414583,-4.373785495758057,-4.741216659545898,4.177388668060303,0,0.09085496515035629,0.13629615306854248,0,1.0,0.012524678371846676,0.008690151385962963,1.4412497282028198,0.17641986906528473,33.30860137939453,-0.016951002180576685,0.008981733582913876,0.013506325893104076,0.014441212639212608,-0.0006519444286826881,-0.016299057751893997,0.0002912747149821371,0.0008238344453275204,0.24043665826320648,0.4610699415206909,0.0,67,0.335,0.05526255443692207,0.016299057751893997
0.009830640628933907,0.0,168.1284637451172,0.0,7.790101051330566,2.0747499465942383,0.1359599381685257,2.0576982498168945,0.19299177825450897,80.92558288574219,0.00045796282938681543,0.009372677654027939,0.003158515552058816,1.7462298274040222e-10,0.0016742802690714598,0.9776936769485474,6.6819562911987305,0.04361625015735626,0.0020792316645383835,-4.378407955169678,-4.746312618255615,3.8756589889526367,0,0.08627115935087204,0.13636153936386108,0,1.0,0.012467275373637676,0.008646170608699322,1.4419418573379517,0.1755610704421997,33.360408782958984,-0.01522544771432909,0.008512608706951141,0.013830423355102539,0.012972882017493248,-0.0005782851949337389,-0.014647162519395351,0.0002757682523224503,0.000811100413557142,0.2197902947664261,0.4177488088607788,0.0,68,0.34,0.05512471869587898,0.014647162519395351
0.009758520871400833,0.0,168.1284637451172,0.0,7.790100574493408,2.0747501850128174,0.1359599381685257,2.0576980113983154,0.19299177825450897,80.92558288574219,0.0004258979461155832,0.009332623332738876,0.003140584100037813,2.3283064365386963e-10,0.0015136419096961617,0.9770505428314209,6.68488883972168,0.043412499129772186,0.0020685535855591297,-4.382689476013184,-4.751047134399414,3.598308563232422,0,0.08205002546310425,0.13644269108772278,0,1.0,0.012414338998496532,0.00860550720244646,1.4426039457321167,0.1747681349515915,33.40847396850586,-0.013716984540224368,0.008079783990979195,0.014105557464063168,0.011687994003295898,-0.0005153482779863428,-0.013201636262238026,0.00028494707657955587,0.0008179343421943486,0.2008861005306244,0.3782044053077698,0.0,69,0.34500000000000003,0.05500563606619835,0.013201636262238026
0.009693470783531666,0.0,168.12847900390625,0.0,7.790101528167725,2.0747504234313965,0.1359599381685257,2.0576984882354736,0.19299177825450897,80.92558288574219,0.0003977798332925886,0.009295690804719925,0.0031241471879184246,5.820766091346741e-11,0.0013732569059357047,0.9764524698257446,6.687556743621826,0.04323770850896835,0.0020630916114896536,-4.386658191680908,-4.75545072555542,3.3460779190063477,0,0.07817445695400238,0.13653665781021118,0,1.0,0.012365470640361309,0.00856785662472248,1.443239688873291,0.17403525114059448,33.45331573486328,-0.012391898781061436,0.007681712508201599,0.014334316365420818,0.01056548673659563,-0.0004531554877760663,-0.01193874329328537,0.00028243716224096715,0.0008045283029787242,0.18374183773994446,0.3424761891365051,0.0,70,0.35000000000000003,0.054896920919418335,0.01193874329328537
0.009634601883590221,0.0,168.12850952148438,0.0,7.790102958679199,2.0747506618499756,0.1359599381685257,2.0576987266540527,0.19299177825450897,80.92559814453125,0.0003730064781848341,0.009261595085263252,0.0031099068000912666,8.731149137020111e-11,0.0012502869358286262,0.9758954048156738,6.689985275268555,0.04308722913265228,0.002051531570032239,-4.390341758728027,-4.759552478790283,3.1168766021728516,0,0.07461415231227875,0.13664156198501587,0,1.0,0.012320284731686115,0.00853293389081955,1.4438509941101074,0.17335660755634308,33.49527359008789,-0.011236686259508372,0.007315442897379398,0.014520877972245216,0.009582696482539177,-0.0004037031903865347,-0.010832983069121838,0.0002746794489212334,0.0007982534589245915,0.16817651689052582,0.3102037310600281,0.0,71,0.355,0.05480317026376724,0.010832983069121838
0.009581103920936584,0.0,168.1285400390625,0.0,7.790103435516357,2.0747504234313965,0.1359599381685257,2.057699203491211,0.19299177825450897,80.92559814453125,0.0003510831738822162,0.009230020456016064,0.003097604028880596,-2.9103830456733704e-11,0.0011423970572650433,0.9753756523132324,6.692194938659668,0.04295830801129341,0.0020505611319094896,-4.393765926361084,-4.763379096984863,2.906252384185791,0,0.0713440552353859,0.13675543665885925,0,1.0,0.012278427369892597,0.008500482887029648,1.4444388151168823,0.17272692918777466,33.534446716308594,-0.01022694632411025,0.0069784969091415405,0.014668749645352364,0.008721008896827698,-0.0003635399043562214,-0.009863406419754028,0.00026266308850608766,0.0008092721691355109,0.1539580076932907,0.28093791007995605,0.0,72,0.36,0.05472254753112793,0.009863406419754028
0.009532332420349121,0.0,168.12855529785156,0.0,7.790103912353516,2.0747509002685547,0.1359599381685257,2.057699203491211,0.19299177825450897,80.92561340332031,0.00033165892818942666,0.009200673550367355,0.003087011631578207,-1.1641532182693481e-10,0.0010479368502274156,0.9748899340629578,6.6942057609558105,0.04285077750682831,0.0020483434200286865,-4.3969526290893555,-4.76695442199707,2.7160964012145996,0,0.06835215538740158,0.13687773048877716,0,1.0,0.012239599600434303,0.008470272645354271,1.4450066089630127,0.1721419394016266,33.5711784362793,-0.00933883711695691,0.006669866386801004,0.014779944904148579,0.007967383600771427,-0.0003235163167121021,-0.009015320800244808,0.00025876323343254626,0.0008142481674440205,0.14123879373073578,0.2548438608646393,0.0,73,0.365,0.0546545572578907,0.009015320800244808
0.009487715549767017,0.0,168.1285858154297,0.0,7.790105819702148,2.074751615524292,0.1359599381685257,2.057699680328369,0.19299177825450897,80.92562866210938,0.0003143515787087381,0.009173364378511906,0.0030778744257986546,5.820766091346741e-11,0.0009650218416936696,0.9744350910186768,6.696037292480469,0.04275990277528763,0.0020418751519173384,-4.399924278259277,-4.7703022956848145,2.543823480606079,0,0.06561300158500671,0.13700613379478455,0,1.0,0.012203503400087357,0.008442082442343235,1.4455560445785522,0.17159712314605713,33.605743408203125,-0.008558109402656737,0.0063870674930512905,0.014857891015708447,0.007306733168661594,-0.00028635468333977794,-0.00827175471931696,0.000290127209154889,0.0008221371099352837,0.12991836667060852,0.2314797341823578,0.0,74,0.37,0.05459577962756157,0.00827175471931696
0.009446751326322556,0.0,168.1286163330078,0.0,7.790106773376465,2.074751615524292,0.1359599381685257,2.0577001571655273,0.19299177825450897,80.92562866210938,0.00029886234551668167,0.009147888980805874,0.0030700776260346174,1.7462298274040222e-10,0.0008921775151975453,0.9740084409713745,6.69770622253418,0.04268277436494827,0.0020391542930155993,-4.402700901031494,-4.773444175720215,2.38850474357605,0,0.06310790777206421,0.1371428221464157,0,1.0,0.012169870547950268,0.008415711112320423,1.4460893869400024,0.1710885465145111,33.63851547241211,-0.007873307913541962,0.006128284614533186,0.014905232936143875,0.006727267988026142,-0.00025386223569529194,-0.00761944567784667,0.00029040087247267365,0.0008351844153366983,0.119786836206913,0.21084971725940704,0.0,75,0.375,0.05454549938440323,0.00761944567784667
0.0094089824706316,0.0,168.12863159179688,0.0,7.790107727050781,2.07475209236145,0.1359599381685257,2.0577003955841064,0.19299177825450897,80.92564392089844,0.00028494076104834676,0.00912404153496027,0.0030631939880549908,-5.820766091346741e-11,0.0008281370392069221,0.9736067056655884,6.699228763580322,0.04261463135480881,0.0020341009367257357,-4.405302047729492,-4.776400089263916,2.2489969730377197,0,0.06081964820623398,0.13728344440460205,0,1.0,0.012138446792960167,0.008390975184738636,1.4466073513031006,0.17061246931552887,33.66941452026367,-0.007271580398082888,0.0058918967843055725,0.014924377202987671,0.006218878552317619,-0.0002245646901430252,-0.007047015707939863,0.0002873964258469641,0.000843024521600455,0.11073636263608932,0.19269146025180817,0.0,76,0.38,0.05450266972184181,0.007047015707939863
0.009374035522341728,0.0,168.128662109375,0.0,7.790109157562256,2.0747523307800293,0.1359599381685257,2.0577006340026855,0.19299177825450897,80.92565155029297,0.00027235751622356474,0.009101677685976028,0.0030573655385524035,4.3655745685100555e-11,0.0007716992404311895,0.9732275009155273,6.700621604919434,0.04255731403827667,0.0020261979661881924,-4.407745361328125,-4.779188632965088,2.1234726905822754,0,0.058728404343128204,0.137428417801857,0,1.0,0.012109003961086273,0.008367707021534443,1.4471113681793213,0.17016549408435822,33.69873046875,-0.006743147969246055,0.005675945430994034,0.014918160624802113,0.005771891213953495,-0.0001995572820307264,-0.006543590687215328,0.0003058711299672723,0.0008558218833059072,0.10271190106868744,0.1768862009048462,0.0,77,0.385,0.054466359317302704,0.006543590687215328
0.00934155099093914,0.0,168.12869262695312,0.0,7.7901105880737305,2.0747528076171875,0.1359599381685257,2.0577008724212646,0.19299177825450897,80.9256591796875,0.00026092343614436686,0.00908062793314457,0.0030524551402777433,-2.9103830456733704e-11,0.0007218504906632006,0.9728685617446899,6.701898574829102,0.04250950366258621,0.002021024003624916,-4.410046577453613,-4.781826496124268,2.010603904724121,0,0.05681651085615158,0.1375773847103119,0,1.0,0.012081337161362171,0.008345754817128181,1.4476027488708496,0.16974462568759918,33.7266845703125,-0.0062804669141770745,0.0054786838591098785,0.014889161102473736,0.005378173664212227,-0.00018044281750930792,-0.006100024096667767,0.0003147452080156654,0.0008640471496619284,0.09553603082895279,0.1630261391401291,0.0,78,0.39,0.05443573370575905,0.006100024096667767
0.009311230853199959,0.0,168.1287384033203,0.0,7.790112018585205,2.0747530460357666,0.1359599381685257,2.057701349258423,0.19299177825450897,80.9256820678711,0.0002504986186977476,0.009060732088983059,0.0030481480062007904,-4.3655745685100555e-11,0.0006778567912988365,0.9725281000137329,6.703071117401123,0.04246452823281288,0.002022397005930543,-4.412220478057861,-4.784328460693359,1.9095335006713867,0,0.05507326498627663,0.1377294957637787,0,1.0,0.012055260129272938,0.008324986323714256,1.4480817317962646,0.16934716701507568,33.75331497192383,-0.0058720819652081785,0.005299075972288847,0.014838974922895432,0.005031830631196499,-0.0001623947173358259,-0.005709687247872353,0.0003029175568372011,0.0008708836976438761,0.08913448452949524,0.15094871819019318,0.0,79,0.395,0.054410114884376526,0.005709687247872353
0.00928283017128706,0.0,168.12875366210938,0.0,7.790112495422363,2.074753522872925,0.1359599381685257,2.057701587677002,0.19299177825450897,80.92568969726562,0.0002409666049061343,0.00904186349362135,0.0030445524025708437,-8.731149137020111e-11,0.0006390894996002316,0.9722039699554443,6.7041521072387695,0.0424267053604126,0.0020199816208332777,-4.414279937744141,-4.786709308624268,1.819737195968628,0,0.053489092737436295,0.1378832757472992,0,1.0,0.012030607089400291,0.008305271156132221,1.448550820350647,0.16897062957286835,33.77867889404297,-0.0055097974836827495,0.005136244930326939,0.0147689925506711,0.0047277966514229774,-0.00014291144907486227,-0.005366886034607887,0.00030064352904446423,0.0008823827374726534,0.08352616429328918,0.14065952599048615,0.0,80,0.4,0.05438895523548126,0.005366886034607887
0.009256132878363132,0.0,168.1287841796875,0.0,7.790114402770996,2.074753522872925,0.1359599381685257,2.05770206451416,0.19299177825450897,80.92570495605469,0.00023220921866595745,0.009023923426866531,0.0030414494685828686,-5.820766091346741e-11,0.0006048734649084508,0.9718942642211914,6.705150604248047,0.0423937663435936,0.0020179920829832554,-4.416237831115723,-4.78898286819458,1.7407140731811523,0,0.05204983428120613,0.13804104924201965,0,1.0,0.012007216922938824,0.008286488242447376,1.4490115642547607,0.16861267387866974,33.80311965942383,-0.005190912634134404,0.0049887835048139095,0.014681240543723106,0.004460648167878389,-0.0001253909431399025,-0.005065521690994501,0.0003136389423161745,0.0008819759823381901,0.07864430546760559,0.13199378550052643,0.0,81,0.405,0.0543716698884964,0.005065521690994501
0.009230921044945717,0.0,168.12884521484375,0.0,7.790115833282471,2.074754238128662,0.1359599381685257,2.0577025413513184,0.19299177825450897,80.92572021484375,0.00022413147962652147,0.00900678988546133,0.003038872964680195,-1.3096723705530167e-10,0.0005746724782511592,0.9715968370437622,6.706079006195068,0.04236660152673721,0.0020197220146656036,-4.418106555938721,-4.79116153717041,1.6707751750946045,0,0.05074460804462433,0.13819757103919983,0,1.0,0.011984933167696,0.008268529549241066,1.4494637250900269,0.168271005153656,33.82656478881836,-0.004910305142402754,0.004855573642998934,0.01457727700471878,0.00422603590413928,-0.00010959664359699254,-0.004800708498805761,0.00032490125158801675,0.0008830164442770183,0.07441036403179169,0.12469172477722168,0.0,82,0.41000000000000003,0.05435749143362045,0.004800708498805761
0.009207029826939106,0.0,168.1288604736328,0.0,7.790116786956787,2.074754238128662,0.1359599381685257,2.0577027797698975,0.19299177825450897,80.92572021484375,0.00021664812811650336,0.008990381844341755,0.003036738373339176,8.731149137020111e-11,0.0005479553365148604,0.9713103771209717,6.706945419311523,0.04234444350004196,0.0020126772578805685,-4.419896125793457,-4.793256759643555,1.6106451749801636,0,0.04956026375293732,0.13835753500461578,0,1.0,0.011963631957769394,0.008251293562352657,1.4499099254608154,0.1679438054561615,33.849220275878906,-0.004663132131099801,0.004735303111374378,0.014459090307354927,0.004019609186798334,-9.556766599426707e-05,-0.004567564465105534,0.0003401534631848335,0.0008910133619792759,0.07081897556781769,0.11867671459913254,0.0,83,0.41500000000000004,0.0543457493185997,0.004567564465105534
0.00918428972363472,0.0,168.12889099121094,0.0,7.7901177406311035,2.0747547149658203,0.1359599381685257,2.0577030181884766,0.19299177825450897,80.92573547363281,0.00020967843011021614,0.008974610827863216,0.0030350028537213802,-1.4551915228366852e-11,0.0005242230254225433,0.9710339307785034,6.707759857177734,0.04232654720544815,0.0020063272677361965,-4.42161750793457,-4.795279026031494,1.5580700635910034,0,0.0484829917550087,0.138517364859581,0,1.0,0.011943178251385689,0.008234693668782711,1.4503488540649414,0.16762901842594147,33.8709831237793,-0.004446413367986774,0.004626513458788395,0.014328663237392902,0.0038373407442122698,-8.484954014429964e-05,-0.004361563827842474,0.00035246831248514354,0.0008954941295087337,0.06770452111959457,0.11363152414560318,0.0,84,0.42,0.05433640629053116,0.004361563827842474
0.00916256569325924,0.0,168.12892150878906,0.0,7.790119647979736,2.0747549533843994,0.1359599381685257,2.0577034950256348,0.19299177825450897,80.92575073242188,0.0002031722106039524,0.008959393016994,0.003033607266843319,-1.3096723705530167e-10,0.0005031697801314294,0.9707655906677246,6.708528518676758,0.04231228679418564,0.0020006392151117325,-4.423279762268066,-4.797237396240234,1.5125763416290283,0,0.0475059375166893,0.13867826759815216,0,1.0,0.011923459358513355,0.008218647912144661,1.4507811069488525,0.16732512414455414,33.89215087890625,-0.004255212843418212,0.004528488498181105,0.014187048189342022,0.003676727879792452,-7.53151252866702e-05,-0.004179897718131542,0.00036617356818169355,0.000904515793081373,0.0650608167052269,0.1094493642449379,0.0,85,0.425,0.05432914197444916,0.004179897718131542
0.009141737595200539,0.0,168.1289520263672,0.0,7.790120601654053,2.0747554302215576,0.1359599381685257,2.057703733444214,0.19299177825450897,80.9257583618164,0.0001970814191736281,0.008944655768573284,0.0030324989929795265,1.1641532182693481e-10,0.00048447606968693435,0.970504879951477,6.7092604637146,0.04230106621980667,0.0019951239228248596,-4.424890518188477,-4.799140930175781,1.473411202430725,0,0.0466202050447464,0.13884131610393524,0,1.0,0.011904383078217506,0.008203082717955112,1.451208472251892,0.1670306771993637,33.91257858276367,-0.00408748164772996,0.004440315067768097,0.014035629108548164,0.003535187803208828,-6.781797856101127e-05,-0.004019663669168949,0.00037508070818148553,0.0009078923030756414,0.06279943883419037,0.10599672794342041,0.0,86,0.43,0.05432358756661415,0.004019663669168949
0.00912169087678194,0.0,168.12899780273438,0.0,7.790122032165527,2.074755907058716,0.1359599381685257,2.057704210281372,0.19299177825450897,80.92577362060547,0.00019137283379677683,0.008930318057537079,0.003031645668670535,1.4551915228366852e-10,0.00046793813817203045,0.9702502489089966,6.709958553314209,0.042292527854442596,0.001992755103856325,-4.426456928253174,-4.800996780395508,1.4397908449172974,0,0.04582136869430542,0.13900341093540192,0,1.0,0.011885860934853554,0.008187935687601566,1.45163094997406,0.1667443960905075,33.9326171875,-0.003939215093851174,0.0043615116737782955,0.013875080272555351,0.0034110539127141237,-6.022327579566309e-05,-0.0038789918180555105,0.00037396696279756725,0.0009113330743275583,0.06089479848742485,0.10316678136587143,0.0,87,0.435,0.05431957170367241,0.003878992050886154
0.009102345444262028,0.0,168.1290283203125,0.0,7.79012393951416,2.074756622314453,0.1359599381685257,2.0577046871185303,0.19299177825450897,80.92578125,0.00018602516502141953,0.008916320279240608,0.003031008178368211,1.4551915228366852e-11,0.00045341410441324115,0.9700012803077698,6.710630416870117,0.04228625446557999,0.0019907306414097548,-4.427985668182373,-4.802812576293945,1.41243314743042,0,0.04510701820254326,0.13916532695293427,0,1.0,0.011867810972034931,0.0081731416285038,1.4520500898361206,0.1664651334285736,33.95193862915039,-0.0038071535527706957,0.004291858524084091,0.01370583288371563,0.0033031904604285955,-5.054892972119812e-05,-0.0037566046230494976,0.00037474141572602093,0.0009085146011784673,0.05938190221786499,0.10095472633838654,0.0,88,0.44,0.05431684851646423,0.0037566046230494976
0.009083619341254234,0.0,168.12905883789062,0.0,7.790124893188477,2.074756622314453,0.1359599381685257,2.0577046871185303,0.19299177825450897,80.9258041381836,0.00018099955923389643,0.00890261959284544,0.0030305448453873396,1.4551915228366852e-10,0.0004406293446663767,0.9697563648223877,6.711280822753906,0.04228178784251213,0.0019834626000374556,-4.429483890533447,-4.804595470428467,1.3910777568817139,0,0.04446764662861824,0.13932645320892334,0,1.0,0.011850149370729923,0.008158641867339611,1.4524658918380737,0.16619166731834412,33.97091293334961,-0.0036926940083504512,0.004230324644595385,0.01352932583540678,0.003209310118108988,-4.275469109423901e-05,-0.0036499393172562122,0.00038587895687669516,0.0009111998951993883,0.05826849862933159,0.09929100424051285,0.0,89,0.445,0.054315194487571716,0.003649939550086856
0.009065418504178524,0.0,168.1291046142578,0.0,7.790126323699951,2.0747568607330322,0.1359599381685257,2.0577056407928467,0.19299177825450897,80.92581176757812,0.0001762553001753986,0.00888916291296482,0.0030302079394459724,-5.820766091346741e-11,0.0004292952944524586,0.9695150852203369,6.711916446685791,0.04227856546640396,0.0019754706881940365,-4.430957794189453,-4.806352138519287,1.37313711643219,0,0.043892040848731995,0.1394905000925064,0,1.0,0.011832799762487411,0.008144380524754524,1.4528790712356567,0.16592282056808472,33.98947525024414,-0.0035933218896389775,0.004175680689513683,0.013347189873456955,0.00312706152908504,-3.696512430913972e-05,-0.003556356765329838,0.000392726477002725,0.0009111524559557438,0.05735468119382858,0.09793245047330856,0.0,90,0.45,0.05431431531906128,0.003556356765329838
0.009047686122357845,0.0,168.12913513183594,0.0,7.790128231048584,2.0747575759887695,0.1359599381685257,2.057705879211426,0.19299177825450897,80.92582702636719,0.0001717862905934453,0.008875899948179722,0.003029962070286274,-1.4551915228366852e-11,0.0004193642525933683,0.9692766070365906,6.712540149688721,0.042275846004486084,0.0019694690126925707,-4.4324116706848145,-4.80808687210083,1.3606327772140503,0,0.043380383402109146,0.13965345919132233,0,1.0,0.011815709061920643,0.008130321279168129,1.453289270401001,0.1656578779220581,34.00779342651367,-0.003507919609546736,0.00412791920825839,0.0131596140563488,0.0030560565646737814,-3.249873407192537e-05,-0.0034754208754748106,0.0003967125085182488,0.0009120655595324934,0.05676291137933731,0.0970132127404213,0.0,91,0.455,0.05431409925222397,0.0034754208754748106
0.009030339308083057,0.0,168.12918090820312,0.0,7.790130615234375,2.0747580528259277,0.1359599381685257,2.057706356048584,0.19299177825450897,80.92584991455078,0.00016756070544943213,0.008862778544425964,0.003029772313311696,0.0,0.0004106155247427523,0.9690403938293457,6.713156223297119,0.04227324575185776,0.0019695654045790434,-4.433851718902588,-4.809805870056152,1.3502343893051147,0,0.04292367771267891,0.13981331884860992,0,1.0,0.011798805557191372,0.008116413839161396,1.453696846961975,0.16539573669433594,34.02560043334961,-0.0034325756132603425,0.004086032509803772,0.012967837043106556,0.002994482172653079,-2.7477974072172024e-05,-0.0034050976391881704,0.00039907763130031526,0.000912042218260467,0.05632880702614784,0.09629830718040466,0.0,92,0.46,0.05431434512138367,0.0034050976391881704
0.009013360366225243,0.0,168.1291961669922,0.0,7.790131092071533,2.074758529663086,0.1359599381685257,2.057706594467163,0.19299177825450897,80.92585754394531,0.00016358548600692302,0.008849774487316608,0.0030296393670141697,0.0,0.0004030732670798898,0.9688059091567993,6.713768482208252,0.042271118611097336,0.001962564652785659,-4.4352803230285645,-4.8115129470825195,1.3454780578613281,0,0.04252481088042259,0.13997569680213928,0,1.0,0.01178206130862236,0.008102626539766788,1.454103946685791,0.16513605415821075,34.04312515258789,-0.003367010504007411,0.004050376359373331,0.01277166698127985,0.0029425236862152815,-2.1413434296917947e-05,-0.003345597069710493,0.0004055679019074887,0.000915216573048383,0.05621995031833649,0.09602277725934982,0.0,93,0.465,0.05431494116783142,0.003345597069710493
0.008996669203042984,0.0,168.12925720214844,0.0,7.790132999420166,2.074758768081665,0.1359599381685257,2.0577073097229004,0.19299177825450897,80.92587280273438,0.00015982004697434604,0.008836849592626095,0.003029532264918089,4.3655745685100555e-11,0.0003964622155763209,0.9685726165771484,6.714381217956543,0.0422690249979496,0.0019572714809328318,-4.436703681945801,-4.81321382522583,1.342993140220642,0,0.04217112436890602,0.1401355266571045,0,1.0,0.011765401810407639,0.008088911883533001,1.4545098543167114,0.16487766802310944,34.06049728393555,-0.0033125281333924047,0.0040195235051214695,0.012572764419019222,0.002897931495681405,-1.8134480342339634e-05,-0.003294393653050065,0.0004132391477469355,0.0009173403377644718,0.056271933019161224,0.0959438756108284,0.0,94,0.47000000000000003,0.05431570112705231,0.003294393653050065
0.00898023508489132,0.0,168.12930297851562,0.0,7.790134906768799,2.0747594833374023,0.1359599381685257,2.0577077865600586,0.19299177825450897,80.92588806152344,0.00015625765081495047,0.008823977783322334,0.0030293851159512997,-1.4551915228366852e-11,0.0003907217178493738,0.9683398008346558,6.714997291564941,0.04226674884557724,0.001951974118128419,-4.438124656677246,-4.814911365509033,1.3436166048049927,0,0.041860587894916534,0.1402968019247055,0,1.0,0.011748792603611946,0.008075247518718243,1.4549142122268677,0.16462019085884094,34.07746505737305,-0.0032656826078892452,0.003993234597146511,0.01237158291041851,0.002860197564586997,-1.4763325452874388e-05,-0.003250919282436371,0.00041831578710116446,0.000922224426176399,0.056500013917684555,0.09611377120018005,0.0,95,0.47500000000000003,0.05431613326072693,0.003250919282436371
0.008964012376964092,0.0,168.1293182373047,0.0,7.790135860443115,2.0747594833374023,0.1359599381685257,2.057708263397217,0.19299177825450897,80.92589569091797,0.0001528834691271186,0.00881112925708294,0.003029177663847804,-2.9103830456733704e-11,0.00038574173231609166,0.9681077003479004,6.715619087219238,0.04226408898830414,0.0019470647675916553,-4.439546585083008,-4.816608905792236,1.346516489982605,0,0.04158826544880867,0.1404564529657364,0,1.0,0.011732196435332298,0.00806160643696785,1.455317497253418,0.16436295211315155,34.094181060791016,-0.003225822001695702,0.00397097785025835,0.0121688237413764,0.0028284387663006783,-1.1641532182762437e-05,-0.0032141804695129395,0.00041265421896241605,0.000919938029255718,0.056836046278476715,0.09647592157125473,0.0,96,0.48,0.054316066205501556,0.0032141804695129395
0.008947976864874363,0.0,168.1293487548828,0.0,7.790136814117432,2.0747599601745605,0.1359599381685257,2.057708263397217,0.19299177825450897,80.92591094970703,0.0001496932964073494,0.008798283524811268,0.0030289520509541035,0.0,0.00038149405736476183,0.9678753614425659,6.71624755859375,0.04226100072264671,0.001942716771736741,-4.440971851348877,-4.818309783935547,1.3512930870056152,0,0.04135346785187721,0.14061500132083893,0,1.0,0.011715583503246307,0.008047961629927158,1.4557205438613892,0.16410556435585022,34.110687255859375,-0.003192014992237159,0.003952645231038332,0.011964636854827404,0.002802411327138543,-8.109491318532367e-06,-0.003183905500918627,0.00040680760866962373,0.0009175656014122069,0.05729534104466438,0.0970347449183464,0.0,97,0.485,0.05431591719388962,0.003183905500918627
0.008932092227041721,0.0,168.12937927246094,0.0,7.790138244628906,2.0747601985931396,0.1359599381685257,2.057708740234375,0.19299177825450897,80.9259262084961,0.00014667905634269118,0.008785413578152657,0.0030286868568509817,8.731149137020111e-11,0.0003779175749514252,0.9676427841186523,6.716886043548584,0.042257241904735565,0.0019402250181883574,-4.442403316497803,-4.820016384124756,1.3583184480667114,0,0.041153684258461,0.14077350497245789,0,1.0,0.011698923073709011,0.008034293539822102,1.4561234712600708,0.1638476699590683,34.127044677734375,-0.0031642615795136175,0.00393791263923049,0.011759531684219837,0.0027815895155072212,-4.754401743479672e-06,-0.003159507177770138,0.0004179346433375031,0.0009266823763027787,0.05797753855586052,0.09789857268333435,0.0,98,0.49,0.054315514862537384,0.003159507177770138
0.008916334249079227,0.0,168.12940979003906,0.0,7.790140151977539,2.074760675430298,0.1359599381685257,2.0577094554901123,0.19299177825450897,80.92594146728516,0.00014382271911017597,0.008772511966526508,0.003028362523764372,-2.9103830456733704e-11,0.00037487735971808434,0.967409610748291,6.717536449432373,0.0422525629401207,0.0019374494440853596,-4.443842887878418,-4.821731090545654,1.3674347400665283,0,0.040982019156217575,0.14093193411827087,0,1.0,0.011682191863656044,0.008020584471523762,1.456526279449463,0.16358883678913116,34.143157958984375,-0.003142748028039999,0.0039260610938072205,0.011554475873708725,0.0027648890390992165,-2.9816292226982413e-06,-0.003139766398817301,0.00042064700392074883,0.0009330253233201802,0.05873531475663185,0.09893044084310532,0.0,99,0.495,0.054314762353897095,0.003139766398817301
0.008900664746761322,0.0,168.12945556640625,0.0,7.790142059326172,2.074761152267456,0.1359599381685257,2.0577096939086914,0.19299177825450897,80.92594909667969,0.0001411152188666165,0.00875954981893301,0.003027966944500804,1.0186340659856796e-10,0.00037231441820040345,0.9671757817268372,6.718201637268066,0.04224681109189987,0.0019327366026118398,-4.445292949676514,-4.823456287384033,1.3775383234024048,0,0.04083563759922981,0.14108894765377045,0,1.0,0.011665361933410168,0.008006813935935497,1.456929326057434,0.1633286327123642,34.159141540527344,-0.0031256116926670742,0.003916780464351177,0.011349834501743317,0.0027518265414983034,-1.4707911760282813e-06,-0.003124140901491046,0.0004243417934048921,0.0009372683707624674,0.05953285098075867,0.10007347911596298,0.0,100,0.5,0.054313577711582184,0.003124140901491046
0.008885078132152557,0.0,168.12948608398438,0.0,7.7901434898376465,2.0747616291046143,0.1359599381685257,2.0577101707458496,0.19299177825450897,80.92596435546875,0.0001385514042340219,0.008746527135372162,0.003027500119060278,-4.3655745685100555e-11,0.000370195135474205,0.9669411778450012,6.7188801765441895,0.042239993810653687,0.0019310450879856944,-4.4467549324035645,-4.825193405151367,1.389135718345642,0,0.040713075548410416,0.1412462294101715,0,1.0,0.011648419313132763,0.007992972619831562,1.4573326110839844,0.16306690871715546,34.174747467041016,-0.00311154872179038,0.003909869119524956,0.011145943775773048,0.0027421321719884872,7.785856723121869e-07,-0.0031123273074626923,0.0004266539472155273,0.0009411586215719581,0.06044827774167061,0.10146031528711319,0.0,101,0.505,0.054311953485012054,0.0031123273074626923
0.008869549259543419,0.0,168.1295166015625,0.0,7.790144443511963,2.0747621059417725,0.1359599381685257,2.057710647583008,0.19299177825450897,80.92597961425781,0.00013612391194328666,0.008733425289392471,0.0030269520357251167,-4.3655745685100555e-11,0.00036847792216576636,0.9667052030563354,6.719574928283691,0.04223199188709259,0.0019316647667437792,-4.448229789733887,-4.826943874359131,1.4017442464828491,0,0.04061222821474075,0.1414021998643875,0,1.0,0.011631350964307785,0.00797904934734106,1.4577364921569824,0.16280339658260345,34.19058609008789,-0.003101583570241994,0.003905112389475107,0.010942978784441948,0.0027354771737009287,2.3716129361923965e-06,-0.0031039551831781864,0.0004144577251281589,0.0009394281660206616,0.06138251721858978,0.10294398665428162,0.0,102,0.51,0.05430983752012253,0.0031039551831781864
0.008854062296450138,0.0,168.12954711914062,0.0,7.7901458740234375,2.0747623443603516,0.1359599381685257,2.057710886001587,0.19299177825450897,80.92599487304688,0.00013382878387346864,0.008720233105123043,0.00302632967941463,1.0186340659856796e-10,0.000367140892194584,0.9664680361747742,6.720284938812256,0.04222285747528076,0.0019320055143907666,-4.449718952178955,-4.828709125518799,1.4148998260498047,0,0.040532153099775314,0.14155809581279755,0,1.0,0.01161414384841919,0.007965032011270523,1.458141565322876,0.16253790259361267,34.20597839355469,-0.0030943192541599933,0.0039023743011057377,0.010741150937974453,0.002731650834903121,4.472443833881262e-06,-0.0030987916979938745,0.0004242398717906326,0.0009475700207985938,0.06246521323919296,0.10467106848955154,0.0,103,0.515,0.05430726334452629,0.0030987916979938745
0.00883860606700182,0.0,168.1295928955078,0.0,7.79014778137207,2.0747625827789307,0.1359599381685257,2.057711601257324,0.19299177825450897,80.9260025024414,0.000131656663143076,0.008706949651241302,0.003025613259524107,5.820766091346741e-11,0.0003661126538645476,0.9662299156188965,6.721013069152832,0.042212314903736115,0.001927915494889021,-4.451223373413086,-4.830490589141846,1.429563283920288,0,0.04046891629695892,0.14171350002288818,0,1.0,0.011596784926950932,0.007950912229716778,1.4585477113723755,0.16227035224437714,34.221431732177734,-0.0030909664928913776,0.003901279531419277,0.010541039519011974,0.0027300934307277203,5.239620804720763e-06,-0.0030962061136960983,0.00042326259426772594,0.0009509951341897249,0.06355234235525131,0.10650195926427841,0.0,104,0.52,0.05430412292480469,0.0030962061136960983
0.008823152631521225,0.0,168.12962341308594,0.0,7.790148735046387,2.074763298034668,0.1359599381685257,2.0577118396759033,0.19299177825450897,80.92601776123047,0.00012960017193108797,0.008693552576005459,0.003024803474545479,-1.0186340659856796e-10,0.00036536683910526335,0.9659899473190308,6.7217607498168945,0.04220043867826462,0.0019264202564954758,-4.452744960784912,-4.832289218902588,1.444730281829834,0,0.0404212661087513,0.1418684422969818,0,1.0,0.011579254642128944,0.007936679758131504,1.4589544534683228,0.16200044751167297,34.23657989501953,-0.0030899420380593005,0.0039016518276184797,0.010342700406908989,0.0027306003030389547,6.025191396408919e-06,-0.0030959672294557095,0.0004233206855133176,0.000952570466324687,0.0646735355257988,0.1084548607468605,0.0,105,0.525,0.05430041253566742,0.0030959672294557095
0.008807706646621227,0.0,168.129638671875,0.0,7.790149688720703,2.074763298034668,0.1359599381685257,2.0577120780944824,0.19299177825450897,80.926025390625,0.00012765632709488273,0.008680050261318684,0.003023900557309389,8.731149137020111e-11,0.0003648927959147841,0.9657484292984009,6.7225260734558105,0.0421871691942215,0.0019229111494496465,-4.454283714294434,-4.834105491638184,1.460592269897461,0,0.040388718247413635,0.14202329516410828,0,1.0,0.011561552993953228,0.007922335527837276,1.4593616724014282,0.16172809898853302,34.251773834228516,-0.0030893832445145313,0.0039034299552440643,0.010146182030439377,0.0027330585289746523,8.568167686396483e-06,-0.0030979514122009277,0.0004299851134419441,0.0009640569915063679,0.06589499861001968,0.11061016470193863,0.0,106,0.53,0.05429612845182419,0.0030979514122009277
0.00879225879907608,0.0,168.1296844482422,0.0,7.790151596069336,2.074763774871826,0.1359599381685257,2.0577120780944824,0.19299177825450897,80.92604064941406,0.00012581076589412987,0.008666448295116425,0.003022897755727172,8.731149137020111e-11,0.00036459555849432945,0.9655053615570068,6.723311424255371,0.0421723909676075,0.001918356865644455,-4.455840587615967,-4.835940837860107,1.4767942428588867,0,0.040365979075431824,0.14217707514762878,0,1.0,0.011543670669198036,0.007907865568995476,1.459770679473877,0.1614532172679901,34.26667022705078,-0.0030919909477234546,0.00390608049929142,0.00995222944766283,0.0027367346920073032,9.339302778178099e-06,-0.0031013302505016327,0.0004404507053550333,0.0009689328726381063,0.06712354719638824,0.1128409281373024,0.0,107,0.535,0.05429123342037201,0.0031013302505016327
0.008776786737143993,0.0,168.1297149658203,0.0,7.790152549743652,2.0747642517089844,0.1359599381685257,2.0577127933502197,0.19299177825450897,80.9260482788086,0.00012405529560055584,0.008652731776237488,0.003021795302629471,1.0186340659856796e-10,0.0003644405514933169,0.9652605652809143,6.724117279052734,0.04215612635016441,0.0019177362555637956,-4.45741605758667,-4.837794780731201,1.4928522109985352,0,0.04035135358572006,0.14233262836933136,0,1.0,0.011525603011250496,0.007893276400864124,1.4601798057556152,0.16117575764656067,34.2814826965332,-0.00309832394123084,0.003909368999302387,0.009761092253029346,0.002741330536082387,7.447088137203101e-06,-0.003105771029368043,0.0004522011149674654,0.0009789305040612817,0.06834971159696579,0.11512892693281174,0.0,108,0.54,0.05428572744131088,0.003105771029368043
0.008761275559663773,0.0,168.12974548339844,0.0,7.790153980255127,2.0747644901275635,0.1359599381685257,2.057713031768799,0.19299177825450897,80.92605590820312,0.00012238507042638958,0.008638890460133553,0.0030205966904759407,-1.4551915228366852e-11,0.0003644043463282287,0.9650142192840576,6.724942207336426,0.04213840141892433,0.0019145249389111996,-4.459009647369385,-4.839667797088623,1.5078721046447754,0,0.040343496948480606,0.1424873322248459,0,1.0,0.01150735467672348,0.007878564298152924,1.4605903625488281,0.16089573502540588,34.296329498291016,-0.0031034462153912254,0.0039131781086325645,0.009572906419634819,0.0027466313913464546,7.589580491118835e-06,-0.0031110357958823442,0.00045838358346372843,0.000997704453766346,0.06951534748077393,0.11733070015907288,0.0,109,0.545,0.0542796328663826,0.0031110357958823442
0.008745752274990082,0.0,168.12979125976562,0.0,7.790154933929443,2.0747649669647217,0.1359599381685257,2.057713508605957,0.19299177825450897,80.92607879638672,0.00012081570457667112,0.008624936453998089,0.003019300987944007,-2.9103830456733704e-11,0.00036458406248129904,0.9647668600082397,6.725786209106445,0.04211917519569397,0.0019110202556475997,-4.460620880126953,-4.841559410095215,1.5245342254638672,0,0.04034760221838951,0.14263710379600525,0,1.0,0.011488934978842735,0.007863732986152172,1.4610027074813843,0.16061332821846008,34.310699462890625,-0.0031071715056896873,0.00391809269785881,0.0093870609998703,0.0027534940745681524,1.0906718671255516e-05,-0.003118078224360943,0.0004701254947576672,0.0010074686724692583,0.07073955982923508,0.11972152441740036,0.0,110,0.55,0.054272934794425964,0.003118078224360943
0.008730203844606876,0.0,168.12982177734375,0.0,7.790156364440918,2.07476544380188,0.1359599381685257,2.0577139854431152,0.19299177825450897,80.92608642578125,0.0001193244315800257,0.008610879071056843,0.0030179156456142664,1.6007106751203537e-10,0.0003648565907496959,0.9645177721977234,6.726650238037109,0.042098529636859894,0.001905873417854309,-4.46225118637085,-4.843470573425293,1.5415927171707153,0,0.04035700485110283,0.14279094338417053,0,1.0,0.011470327153801918,0.007848776876926422,1.4614158868789673,0.16032832860946655,34.32502746582031,-0.0031158328056336113,0.003923387266695499,0.009204303845763206,0.002760895062237978,9.918585419588493e-06,-0.0031257513910531998,0.0004820060566999018,0.001019708695821464,0.07202047109603882,0.1222500205039978,0.0,111,0.555,0.054265689104795456,0.0031257516238838434
0.008714593946933746,0.0,168.12985229492188,0.0,7.790158271789551,2.07476544380188,0.1359599381685257,2.0577142238616943,0.19299177825450897,80.92610168457031,0.0001178942111437209,0.008596699684858322,0.003016434609889984,7.275957614183426e-11,0.0003651395672932267,0.9642670154571533,6.72753381729126,0.04207637161016464,0.0019140660297125578,-4.463901042938232,-4.845401763916016,1.5563639402389526,0,0.04036739841103554,0.14294493198394775,0,1.0,0.011451526544988155,0.007833694107830524,1.461829662322998,0.16004061698913574,34.33934783935547,-0.003124028444290228,0.003928538877516985,0.009025201201438904,0.002768180565908551,9.291805326871842e-06,-0.0031333202496170998,0.0004919025232084095,0.0010328366188332438,0.0731690302491188,0.12456545233726501,0.0,112,0.56,0.0542578399181366,0.0031333202496170998
0.008698963560163975,0.0,168.1298828125,0.0,7.790159225463867,2.074765920639038,0.1359599381685257,2.0577144622802734,0.19299177825450897,80.92611694335938,0.00011654342961264774,0.008582419715821743,0.003014795947819948,-4.3655745685100555e-11,0.000365532556315884,0.9640154838562012,6.728436470031738,0.04205074533820152,0.0019067848334088922,-4.4655680656433105,-4.84735107421875,1.5725194215774536,0,0.04038383066654205,0.1430966854095459,0,1.0,0.011432561092078686,0.007818497717380524,1.462245225906372,0.15975064039230347,34.353363037109375,-0.0031304545700550747,0.003934220410883427,0.008849063888192177,0.0027761266101151705,1.1204509064488381e-05,-0.003141659079119563,0.0005041437689214945,0.0010501873912289739,0.07438719272613525,0.12705595791339874,0.0,113,0.5650000000000001,0.054249491542577744,0.003141659079119563
0.008683289401233196,0.0,168.12989807128906,0.0,7.790159702301025,2.074766159057617,0.1359599381685257,2.0577149391174316,0.19299177825450897,80.92611694335938,0.00011525594891281798,0.008568033576011658,0.003013063222169876,4.3655745685100555e-11,0.0003659632056951523,0.9637623429298401,6.729358196258545,0.04202350974082947,0.00190268165897578,-4.467253684997559,-4.8493194580078125,1.5881725549697876,0,0.04040250927209854,0.1432480812072754,0,1.0,0.01141341496258974,0.007803183048963547,1.4626613855361938,0.15945817530155182,34.36740493774414,-0.003138650208711691,0.003939969930797815,0.00867630448192358,0.0027842088602483273,1.1521857231788606e-05,-0.0031501720659434795,0.0005171745433472097,0.0010620916727930307,0.07558906823396683,0.1295444369316101,0.0,114,0.5700000000000001,0.054240599274635315,0.0031501720659434795
0.008667577058076859,0.0,168.1299285888672,0.0,7.7901611328125,2.0747663974761963,0.1359599381685257,2.05771541595459,0.19299177825450897,80.92613220214844,0.00011401950905565172,0.008553557097911835,0.003011201275512576,1.4551915228366852e-11,0.00036636838922277093,0.9635081887245178,6.73029899597168,0.04199487715959549,0.0018978661391884089,-4.468957424163818,-4.851306438446045,1.6036654710769653,0,0.040420085191726685,0.14340053498744965,0,1.0,0.011394096538424492,0.007787753362208605,1.4630787372589111,0.15916332602500916,34.38119125366211,-0.0031476840376854615,0.003945416305214167,0.008507403545081615,0.0027918689884245396,1.0553281754188074e-05,-0.0031582373194396496,0.0005346196121536195,0.001083715003915131,0.07682055979967117,0.1321304440498352,0.0,115,0.5750000000000001,0.05423050373792648,0.0031582373194396496
0.008651812560856342,0.0,168.12994384765625,0.0,7.790162086486816,2.0747668743133545,0.1359599381685257,2.057715654373169,0.19299177825450897,80.92613983154297,0.00011282700870651752,0.008538985624909401,0.003009131643921137,5.820766091346741e-11,0.0003667145792860538,0.9632532000541687,6.731258392333984,0.04196479171514511,0.0018902745796367526,-4.470678806304932,-4.853311538696289,1.6180583238601685,0,0.04043452441692352,0.14355076849460602,0,1.0,0.011374611407518387,0.007772214710712433,1.4634968042373657,0.15886612236499786,34.394710540771484,-0.003156252205371924,0.003950410056859255,0.008342459797859192,0.0027988760266453028,9.338371455602183e-06,-0.003165590576827526,0.0005448315059766173,0.0010985262924805284,0.07790803164243698,0.13446015119552612,0.0,116,0.58,0.0542181171476841,0.003165590576827526
0.00863601453602314,0.0,168.12997436523438,0.0,7.790163516998291,2.0747673511505127,0.1359599381685257,2.057715892791748,0.19299177825450897,80.9261474609375,0.00011169126082677394,0.008524322882294655,0.0030069993808865547,-2.9103830456733704e-11,0.00036709659616462886,0.962996780872345,6.732234954833984,0.04193347692489624,0.001889037317596376,-4.472416877746582,-4.8553338050842285,1.6321312189102173,0,0.04045112431049347,0.14370349049568176,0,1.0,0.011354970745742321,0.007756573613733053,1.4639158248901367,0.15856683254241943,34.408233642578125,-0.003163423389196463,0.00395546667277813,0.008180791512131691,0.0028060271870344877,9.70042310648395e-06,-0.003173123812302947,0.0005541095160879195,0.0011082319542765617,0.07899552583694458,0.13681869208812714,0.0,117,0.585,0.054205335676670074,0.003173123812302947
0.008620178326964378,0.0,168.13002014160156,0.0,7.790165424346924,2.074767589569092,0.1359599381685257,2.057716131210327,0.19299177825450897,80.9261703491211,0.00011060265387641266,0.008509575389325619,0.0030047670006752014,7.275957614183426e-11,0.0003674656036309898,0.9627397060394287,6.733229160308838,0.04190096631646156,0.001885820645838976,-4.474171161651611,-4.857372760772705,1.6462068557739258,0,0.04046723619103432,0.1438537836074829,0,1.0,0.011335180141031742,0.007740835193544626,1.464335560798645,0.15826547145843506,34.42140197753906,-0.0031712464988232335,0.0039603207260370255,0.008022710680961609,0.0028128796257078648,9.098788723281917e-06,-0.0031803452875465155,0.0005635235575027764,0.0011237234575673938,0.08004901558160782,0.13913586735725403,0.0,118,0.59,0.054191704839468,0.0031803452875465155
0.008604302071034908,0.0,168.13003540039062,0.0,7.790165901184082,2.074767827987671,0.1359599381685257,2.0577166080474854,0.19299177825450897,80.92617797851562,0.00010955913603538647,0.008494743146002293,0.0030024282168596983,-1.3096723705530167e-10,0.00036782032111659646,0.9624819755554199,6.73423957824707,0.041867293417453766,0.0018823581049218774,-4.4759416580200195,-4.859428405761719,1.6598514318466187,0,0.04048263281583786,0.14400522410869598,0,1.0,0.011315242387354374,0.0077250003814697266,1.4647562503814697,0.15796205401420593,34.434444427490234,-0.0031780451536179265,0.003964988514780998,0.007868096232414246,0.0028194787446409464,9.254086762599048e-06,-0.0031872992403805256,0.0005754901794716716,0.0011314545990899205,0.08109717071056366,0.1414700448513031,0.0,119,0.595,0.05417706072330475,0.003187299007549882
0.0085883978754282,0.0,168.1300506591797,0.0,7.790167331695557,2.074768304824829,0.1359599381685257,2.0577168464660645,0.19299177825450897,80.92619323730469,0.000108556509076152,0.00847984105348587,0.0029999103862792253,-1.1641532182693481e-10,0.0003681530070025474,0.9622228145599365,6.735266208648682,0.04183250665664673,0.001878788461908698,-4.477727890014648,-4.861500263214111,1.6725184917449951,0,0.040497079491615295,0.1441562920808792,0,1.0,0.01129516214132309,0.00770907336845994,1.4651776552200317,0.157656729221344,34.447322845458984,-0.0031843781471253122,0.003969402518123388,0.007716958411037922,0.002825716743245721,9.491574019125561e-06,-0.003193869721144438,0.0005823191604577005,0.0011473535560071468,0.08206290006637573,0.1436583548784256,0.0,120,0.6,0.05416068434715271,0.003193869721144438
0.008572458289563656,0.0,168.1300811767578,0.0,7.790168285369873,2.074768543243408,0.1359599381685257,2.0577170848846436,0.19299177825450897,80.92620086669922,0.00010759862198028713,0.008464859798550606,0.0029972372576594353,1.4551915228366852e-11,0.0003684907569549978,0.961963415145874,6.736307621002197,0.04179488867521286,0.0018777165096253157,-4.47952938079834,-4.863587379455566,1.6847953796386719,0,0.04051203280687332,0.14430709183216095,0,1.0,0.011274945922195911,0.007693062070757151,1.4655992984771729,0.1573496311903,34.46001434326172,-0.0031908974051476206,0.003973715472966433,0.0075692180544137955,0.002831848803907633,9.442213922670941e-06,-0.0032003396190702915,0.0006049008225090802,0.0011679616291075945,0.08309747278690338,0.1460093855857849,0.0,121,0.605,0.05414361506700516,0.0032003396190702915
0.008556488901376724,0.0,168.13011169433594,0.0,7.790169715881348,2.0747690200805664,0.1359599381685257,2.0577175617218018,0.19299177825450897,80.92621612548828,0.00010666750313248485,0.00844982173293829,0.0029944865964353085,2.9103830456733704e-11,0.00036873723729513586,0.9617036581039429,6.737365245819092,0.041755419224500656,0.0018745663110166788,-4.481344699859619,-4.865689277648926,1.6970170736312866,0,0.04052217677235603,0.14445768296718597,0,1.0,0.011254612356424332,0.007676971144974232,1.4660224914550781,0.15704086422920227,34.47267532348633,-0.0031961128115654673,0.003977404907345772,0.007425462361425161,0.0028370835352689028,9.707873687080006e-06,-0.0032058206852525473,0.0006160858902148902,0.0011917122174054384,0.08404809981584549,0.14821143448352814,0.0,122,0.61,0.054126232862472534,0.0032058206852525473
0.008540497161448002,0.0,168.13014221191406,0.0,7.790171146392822,2.0747692584991455,0.1359599381685257,2.057717800140381,0.19299177825450897,80.92622375488281,0.00010575850319582969,0.008434738963842392,0.0029916912317276,-7.275957614183426e-11,0.000368878390872851,0.9614437818527222,6.738438606262207,0.0417148694396019,0.001872711000032723,-4.4831743240356445,-4.867805480957031,1.7084406614303589,0,0.04052669182419777,0.14460903406143188,0,1.0,0.011234153993427753,0.007660803850740194,1.466445803642273,0.15673047304153442,34.48490905761719,-0.0031999312341213907,0.003980402369052172,0.007285669911652803,0.0028413464315235615,1.0293675586513142e-05,-0.003210224909707904,0.0006320248357951641,0.0012101700995117426,0.08493515104055405,0.15029066801071167,0.0,123,0.615,0.05410853400826454,0.003210224909707904
0.008524489589035511,0.0,168.13015747070312,0.0,7.7901716232299805,2.0747694969177246,0.1359599381685257,2.057718276977539,0.19299177825450897,80.92623138427734,0.00010487050167284906,0.00841961894184351,0.0029888644348829985,1.1641532182693481e-10,0.00036891887430101633,0.9611837267875671,6.7395243644714355,0.04167336970567703,0.0018646877724677324,-4.485016822814941,-4.869935035705566,1.7192100286483765,0,0.04052583500742912,0.14476174116134644,0,1.0,0.011213589459657669,0.007644569501280785,1.4668699502944946,0.15641862154006958,34.49704360961914,-0.003204029053449699,0.003982744179666042,0.007149720564484596,0.002844639588147402,9.529292583397488e-06,-0.0032135583460330963,0.0006530792452394962,0.0012339947279542685,0.0858212485909462,0.1523863673210144,0.0,124,0.62,0.05409063398838043,0.0032135583460330963
0.008508456870913506,0.0,168.1302032470703,0.0,7.790173053741455,2.0747694969177246,0.1359599381685257,2.0577187538146973,0.19299177825450897,80.92623901367188,0.00010399481834610924,0.008404461666941643,0.0029860069043934345,-4.3655745685100555e-11,0.00036881997948512435,0.9609235525131226,6.74062442779541,0.04163094609975815,0.001857786439359188,-4.486871719360352,-4.872077465057373,1.7293046712875366,0,0.04051753878593445,0.14491303265094757,0,1.0,0.011192924343049526,0.007628271356225014,1.4672949314117432,0.15610536932945251,34.509010314941406,-0.0032078474760056227,0.00398420263081789,0.007017901632934809,0.0028466805815696716,7.653143256834173e-06,-0.003215500619262457,0.0006724253762513399,0.0012575396103784442,0.08662598580121994,0.1543351113796234,0.0,125,0.625,0.05407252907752991,0.003215500619262457
0.008492411114275455,0.0,168.13023376464844,0.0,7.79017448425293,2.074769973754883,0.1359599381685257,2.0577187538146973,0.19299177825450897,80.92625427246094,0.0001031306164804846,0.008389280177652836,0.002983002457767725,2.9103830456733704e-11,0.0003685889532789588,0.9606636762619019,6.741736888885498,0.04158763960003853,0.0018532050307840109,-4.488738536834717,-4.874231338500977,1.7383984327316284,0,0.04050217941403389,0.14506354928016663,0,1.0,0.011172165162861347,0.007611921057105064,1.467719554901123,0.15579089522361755,34.520599365234375,-0.003209616988897392,0.003984825219959021,0.006890059448778629,0.0028475415892899036,6.513670086792135e-06,-0.0032161306589841843,0.0006858017877675593,0.0012790595646947622,0.08734241127967834,0.15609107911586761,0.0,126,0.63,0.05405288562178612,0.0032161306589841843
0.008476360701024532,0.0,168.13026428222656,0.0,7.790175437927246,2.074770450592041,0.1359599381685257,2.0577189922332764,0.19299177825450897,80.92626190185547,0.00010227835446130484,0.008374081924557686,0.002979982178658247,-1.4551915228366852e-11,0.00036823831032961607,0.9604038596153259,6.742860794067383,0.041543617844581604,0.0018511051312088966,-4.4906158447265625,-4.8763957023620605,1.7461678981781006,0,0.04048043116927147,0.14521388709545135,0,1.0,0.0111513277515769,0.007595526520162821,1.468144178390503,0.15547539293766022,34.5321044921875,-0.003209244459867546,0.003984685521572828,0.006766056176275015,0.002847324823960662,6.318558007410192e-06,-0.003215563017874956,0.0006942639593034983,0.0012987813679501414,0.0879845917224884,0.15769974887371063,0.0,127,0.635,0.0540330670773983,0.003215563017874956
0.00846031866967678,0.0,168.1302947998047,0.0,7.790176868438721,2.074770927429199,0.1359599381685257,2.0577194690704346,0.19299177825450897,80.92626953125,0.00010144945554202422,0.008358868770301342,0.002976659219712019,-8.731149137020111e-11,0.00036783688119612634,0.960145115852356,6.743993759155273,0.04149892181158066,0.0018444039160385728,-4.492502212524414,-4.87856912612915,1.753852128982544,0,0.040455978363752365,0.14536763727664948,0,1.0,0.01113042887300253,0.007579097989946604,1.468569040298462,0.1551591455936432,34.543216705322266,-0.0032076612114906996,0.003984191920608282,0.006645380984991789,0.0028465776704251766,6.753252819111967e-06,-0.0032144144643098116,0.0007064076489768922,0.0013209424214437604,0.0886039212346077,0.15926940739154816,0.0,128,0.64,0.05400975048542023,0.0032144144643098116
0.008444284088909626,0.0,168.13031005859375,0.0,7.790176868438721,2.074770927429199,0.1359599381685257,2.0577199459075928,0.19299177825450897,80.92627716064453,0.00010063381341751665,0.00834365002810955,0.0029733064584434032,-5.820766091346741e-11,0.0003673420869745314,0.9598866701126099,6.745137691497803,0.04145362973213196,0.0018405383452773094,-4.4943976402282715,-4.880751609802246,1.7609907388687134,0,0.0404265932738781,0.1455196589231491,0,1.0,0.011109468527138233,0.0075626373291015625,1.468993902206421,0.15484212338924408,34.554317474365234,-0.0032057985663414687,0.003983080852776766,0.006528269499540329,0.002844970440492034,6.513902917435789e-06,-0.0032123124692589045,0.000724970770534128,0.0013454814907163382,0.08919322490692139,0.1607913374900818,0.0,129,0.645,0.053986094892024994,0.0032123124692589045
0.008428260684013367,0.0,168.13034057617188,0.0,7.7901787757873535,2.0747714042663574,0.1359599381685257,2.057720422744751,0.19299177825450897,80.9262924194336,9.982498886529356e-05,0.008328435942530632,0.0029699536971747875,1.4551915228366852e-11,0.00036672194255515933,0.9596287608146667,6.74629020690918,0.04140773415565491,0.001836746814660728,-4.496301174163818,-4.882942199707031,1.7668910026550293,0,0.04039040580391884,0.14567312598228455,0,1.0,0.011088457889854908,0.007546151056885719,1.469419002532959,0.15452446043491364,34.56512451171875,-0.0032043084502220835,0.003981195855885744,0.006414887961000204,0.0028422565665096045,4.670117050341229e-06,-0.0032089785672724247,0.0007408983074128628,0.0013670334592461586,0.08970030397176743,0.1621578335762024,0.0,130,0.65,0.053962379693984985,0.0032089785672724247
0.008412241004407406,0.0,168.13035583496094,0.0,7.790179252624512,2.0747716426849365,0.1359599381685257,2.057720422744751,0.19299177825450897,80.9262924194336,9.903260797727853e-05,0.008313208818435669,0.0029666065238416195,-4.3655745685100555e-11,0.0003660419606603682,0.95937180519104,6.747450351715088,0.041361354291439056,0.0018393321661278605,-4.498211860656738,-4.8851399421691895,1.772133469581604,0,0.040351103991270065,0.14582592248916626,0,1.0,0.011067409068346024,0.007529647089540958,1.4698443412780762,0.15420636534690857,34.575618743896484,-0.003200303763151237,0.0039788829162716866,0.006304769776761532,0.002838974352926016,4.712492227486233e-06,-0.003205016255378723,0.0007514320313930511,0.0013882620260119438,0.09016525000333786,0.1634426712989807,0.0,131,0.655,0.05393862724304199,0.003205016255378723
0.008396257646381855,0.0,168.13037109375,0.0,7.790180206298828,2.0747716426849365,0.1359599381685257,2.05772066116333,0.19299177825450897,80.92630767822266,9.825537563301623e-05,0.008298002183437347,0.0029632742516696453,0.0,0.0003652975137811154,0.9591158628463745,6.748617649078369,0.04131452366709709,0.0018370337784290314,-4.500128269195557,-4.8873443603515625,1.7774887084960938,0,0.04030831903219223,0.1459793895483017,0,1.0,0.011046335101127625,0.007513128686696291,1.4702709913253784,0.15388798713684082,34.585853576660156,-0.0031954608857632364,0.003976143896579742,0.006197867915034294,0.002835063263773918,4.8999208956275984e-06,-0.003200360806658864,0.0007691257051192224,0.001414350001141429,0.09063152968883514,0.16474145650863647,0.0,132,0.66,0.05391491949558258,0.003200360806658864
0.008380286395549774,0.0,168.13040161132812,0.0,7.7901811599731445,2.0747718811035156,0.1359599381685257,2.057720899581909,0.19299177825450897,80.92631530761719,9.748166485223919e-05,0.008282804861664772,0.0029599557165056467,5.820766091346741e-11,0.0003644351672846824,0.9588609933853149,6.749792098999023,0.041267216205596924,0.0018404938746243715,-4.502050876617432,-4.889554977416992,1.7813924551010132,0,0.04025916010141373,0.14613476395606995,0,1.0,0.011025235056877136,0.00749660050496459,1.4706979990005493,0.153569296002388,34.59597396850586,-0.0031911768019200052,0.003972661681473255,0.0060944994911551476,0.0028301312122493982,3.389548510244946e-06,-0.00319456635043025,0.0007829705136828125,0.0014371828874573112,0.0909850001335144,0.16578362882137299,0.0,133,0.665,0.05389122664928436,0.00319456635043025
0.008364345878362656,0.0,168.13043212890625,0.0,7.790182113647461,2.0747721195220947,0.1359599381685257,2.057720899581909,0.19299177825450897,80.92631530761719,9.671611769590527e-05,0.008267629891633987,0.002956658834591508,1.3096723705530167e-10,0.0003634781751316041,0.9586071372032166,6.750972270965576,0.041219379752874374,0.001836855080910027,-4.503978252410889,-4.891769886016846,1.7855342626571655,0,0.0402047373354435,0.1462889164686203,0,1.0,0.011004121974110603,0.007480076514184475,1.471124291419983,0.1532505601644516,34.60597610473633,-0.0031842850148678507,0.0039686039090156555,0.005994502454996109,0.002824343740940094,3.5366974770341918e-06,-0.003187821712344885,0.0007919437484815717,0.0014599126297980547,0.09129898995161057,0.16673722863197327,0.0,134,0.67,0.05386766791343689,0.0031878219451755285
0.008348443545401096,0.0,168.1304473876953,0.0,7.790182590484619,2.0747721195220947,0.1359599381685257,2.0577211380004883,0.19299177825450897,80.92633056640625,9.59587559918873e-05,0.00825248472392559,0.002953306073322892,5.820766091346741e-11,0.0003624418459367007,0.9583547115325928,6.752157211303711,0.04116880148649216,0.0018337782239541411,-4.505910396575928,-4.893989562988281,1.7892194986343384,0,0.04014596715569496,0.14644472301006317,0,1.0,0.010982997715473175,0.007463553454726934,1.471550703048706,0.15293174982070923,34.61546325683594,-0.003176741302013465,0.003964035306125879,0.005897608119994402,0.002817839151248336,3.5397242754021258e-06,-0.003180281026288867,0.0008014957420527935,0.0014820955693721771,0.09161283075809479,0.16771602630615234,0.0,135,0.675,0.05384409427642822,0.003180281026288867
0.008332578465342522,0.0,168.13047790527344,0.0,7.790184020996094,2.074772596359253,0.1359599381685257,2.0577216148376465,0.19299177825450897,80.92633819580078,9.520746971247718e-05,0.00823737122118473,0.002949829213321209,-2.3283064365386963e-10,0.00036132422974333167,0.9581031203269958,6.7533464431762695,0.0411166250705719,0.0018277056515216827,-4.507846832275391,-4.896213531494141,1.7919224500656128,0,0.04008282721042633,0.1465999335050583,0,1.0,0.01096186600625515,0.00744703458622098,1.4719773530960083,0.15261292457580566,34.624759674072266,-0.003170780837535926,0.003958927001804113,0.005803784355521202,0.0028105645906180143,1.1082738637247652e-06,-0.0031718891113996506,0.0008243945776484907,0.001516067306511104,0.0919235423207283,0.16870079934597015,0.0,136,0.68,0.05381966382265091,0.003171888878569007
0.008316735737025738,0.0,168.13050842285156,0.0,7.790184497833252,2.074772834777832,0.1359599381685257,2.0577220916748047,0.19299177825450897,80.92634582519531,9.445016621612012e-05,0.008222285658121109,0.002946316497400403,-1.0186340659856796e-10,0.0003600565833039582,0.9578533172607422,6.754541873931885,0.04106416180729866,0.0018291418673470616,-4.509786605834961,-4.898440361022949,1.792569875717163,0,0.040011290460824966,0.14675582945346832,0,1.0,0.010940738953649998,0.007430531550198793,1.4724032878875732,0.15229426324367523,34.63390350341797,-0.0031619332730770783,0.003952916245907545,0.005713567603379488,0.00280205812305212,1.813750713391439e-07,-0.0031621146481484175,0.0008336290484294295,0.0015356052899733186,0.09207507222890854,0.16933345794677734,0.0,137,0.685,0.053794510662555695,0.0031621146481484175
0.008300959132611752,0.0,168.13052368164062,0.0,7.790185928344727,2.0747733116149902,0.1359599381685257,2.0577220916748047,0.19299177825450897,80.92636108398438,9.371860505780205e-05,0.008207240141928196,0.0029428494162857533,0.0,0.00035881841904483736,0.9576051831245422,6.755739212036133,0.041011594235897064,0.0018216364551335573,-4.511727809906006,-4.900668621063232,1.794494390487671,0,0.03994138538837433,0.1469133198261261,0,1.0,0.01091963704675436,0.007414053659886122,1.4728294610977173,0.15197616815567017,34.64274215698242,-0.003150012344122,0.0039470139890909195,0.005625657271593809,0.002793676685541868,2.4826731532139913e-06,-0.003152495017275214,0.0008515817462466657,0.0015670889988541603,0.09233327955007553,0.17021320760250092,0.0,138,0.6900000000000001,0.05376952886581421,0.003152495017275214
0.008285235613584518,0.0,168.13055419921875,0.0,7.790186882019043,2.0747733116149902,0.1359599381685257,2.057722568511963,0.19299177825450897,80.92636108398438,9.298025543102995e-05,0.008192255161702633,0.00293929735198617,-1.1641532182693481e-10,0.0003574410220608115,0.9573591947555542,6.756940841674805,0.04095873981714249,0.001814811723306775,-4.513671398162842,-4.902898788452148,1.7960656881332397,0,0.03986375778913498,0.1470702439546585,0,1.0,0.010898549109697342,0.007397598586976528,1.4732550382614136,0.15165840089321136,34.65120315551758,-0.003140512853860922,0.003940253518521786,0.005541170947253704,0.002784098032861948,1.0263174771594705e-06,-0.0031415391713380814,0.000877067563124001,0.0016005062498152256,0.09253145009279251,0.17098070681095123,0.0,139,0.6950000000000001,0.05374316871166229,0.0031415391713380814
0.008269554004073143,0.0,168.1305694580078,0.0,7.790187835693359,2.0747737884521484,0.1359599381685257,2.057722568511963,0.19299177825450897,80.92637634277344,9.223482629749924e-05,0.008177319541573524,0.002935395110398531,-1.4551915228366852e-11,0.00035592401400208473,0.9571143388748169,6.758145332336426,0.040904220193624496,0.0018073940882459283,-4.5156168937683105,-4.905130386352539,1.7962942123413086,0,0.03977814316749573,0.14722715318202972,0,1.0,0.010877481661736965,0.0073811691254377365,1.473680019378662,0.15134099125862122,34.65959930419922,-0.0031309202313423825,0.003932666499167681,0.005459942854940891,0.0027733645401895046,-1.6316771507931052e-06,-0.0031292885541915894,0.0008904909482225776,0.0016236986266449094,0.09261167794466019,0.171467587351799,0.0,140,0.7000000000000001,0.05371435731649399,0.0031292885541915894
0.008253926411271095,0.0,168.13059997558594,0.0,7.790188312530518,2.0747737884521484,0.1359599381685257,2.057723045349121,0.19299177825450897,80.92638397216797,9.149192919721827e-05,0.008162434212863445,0.0029315385036170483,1.4551915228366852e-11,0.0003543347411323339,0.9568715691566467,6.75935173034668,0.040849342942237854,0.0018109418451786041,-4.5175628662109375,-4.90736198425293,1.7953888177871704,0,0.03968856856226921,0.1473863124847412,0,1.0,0.01085644867271185,0.007364775985479355,1.474104404449463,0.1510242372751236,34.667755126953125,-0.0031174160540104576,0.003924569580703974,0.0053815776482224464,0.0027619863394647837,-1.095002517170502e-06,-0.003116321051493287,0.0008924580179154873,0.0016482765786349773,0.09261199831962585,0.17180556058883667,0.0,141,0.705,0.05368581786751747,0.003116321051493287
0.008238379843533039,0.0,168.130615234375,0.0,7.790189266204834,2.0747740268707275,0.1359599381685257,2.057723045349121,0.19299177825450897,80.9263916015625,9.076665446627885e-05,0.008147613145411015,0.0029277396388351917,1.0186340659856796e-10,0.0003527468361426145,0.9566314816474915,6.760558128356934,0.04079454392194748,0.001805449603125453,-4.519508361816406,-4.909593105316162,1.7950228452682495,0,0.03959890082478523,0.14754490554332733,0,1.0,0.010835462249815464,0.007348422892391682,1.4745289087295532,0.15070827305316925,34.675567626953125,-0.0031044706702233024,0.00391643401235342,0.005305539816617966,0.0027505438774824142,-1.1799857021041645e-06,-0.0031032906845211983,0.0009086298523470759,0.001678984728641808,0.09267230331897736,0.17227108776569366,0.0,142,0.71,0.05365757271647453,0.0031032906845211983
0.008222881704568863,0.0,168.13063049316406,0.0,7.790189743041992,2.0747742652893066,0.1359599381685257,2.0577232837677,0.19299177825450897,80.92639923095703,9.003299055621028e-05,0.008132848888635635,0.0029239971190690994,-1.4551915228366852e-11,0.0003510316601023078,0.9563937187194824,6.761765480041504,0.04073980450630188,0.0018071435624733567,-4.521453380584717,-4.911823272705078,1.792705774307251,0,0.039502013474702835,0.14770284295082092,0,1.0,0.010814521461725235,0.007332112640142441,1.4749529361724854,0.1503930389881134,34.68304443359375,-0.0030905939638615314,0.003907493315637112,0.005232681520283222,0.002738037845119834,-1.5245750547114578e-06,-0.00308906938880682,0.0009280094527639449,0.0017064933199435472,0.09265216439962387,0.17255927622318268,0.0,143,0.715,0.053629614412784576,0.00308906938880682
0.008207473903894424,0.0,168.1306610107422,0.0,7.790191650390625,2.074774980545044,0.1359599381685257,2.0577237606048584,0.19299177825450897,80.92640686035156,8.931144839152694e-05,0.008118162862956524,0.0029202252626419067,-4.3655745685100555e-11,0.0003492910764180124,0.956157922744751,6.762972831726074,0.04068513214588165,0.0018010397907346487,-4.5233964920043945,-4.914051532745361,1.791391372680664,0,0.039403390139341354,0.14786112308502197,0,1.0,0.010793640278279781,0.007315852679312229,1.4753769636154175,0.15007884800434113,34.69029998779297,-0.0030748546123505294,0.0038983821868896484,0.005162273067981005,0.002725276630371809,-2.868473530470532e-07,-0.0030745677649974823,0.000930572918150574,0.0017308889655396342,0.09257034212350845,0.17270120978355408,0.0,144,0.72,0.05360089987516403,0.0030745677649974823
0.008192133158445358,0.0,168.13067626953125,0.0,7.790191650390625,2.074774980545044,0.1359599381685257,2.0577237606048584,0.19299177825450897,80.92640686035156,8.85955523699522e-05,0.008103537373244762,0.0029164059087634087,-1.4551915228366852e-10,0.00034750832128338516,0.955924391746521,6.764178276062012,0.04063073545694351,0.0017954296199604869,-4.525338649749756,-4.916277885437012,1.7893259525299072,0,0.03930223733186722,0.14802132546901703,0,1.0,0.010772810317575932,0.007299642078578472,1.475799798965454,0.14976556599140167,34.69734573364258,-0.0030598603188992197,0.0038889613933861256,0.005094203166663647,0.0027121184393763542,-2.332963050062295e-07,-0.0030596270225942135,0.0009477190324105322,0.0017576671671122313,0.09251286089420319,0.17291586101055145,0.0,145,0.725,0.05357108265161514,0.00305962678976357
0.008176875300705433,0.0,168.1306915283203,0.0,7.790192604064941,2.074775218963623,0.1359599381685257,2.0577242374420166,0.19299177825450897,80.92642211914062,8.787934348220006e-05,0.008088995702564716,0.0029126510489732027,0.0,0.0003456514677964151,0.9556933641433716,6.765383720397949,0.0405765101313591,0.001788582419976592,-4.527278900146484,-4.918501853942871,1.7872140407562256,0,0.03919679671525955,0.14818042516708374,0,1.0,0.010752039961516857,0.0072834850288927555,1.4762219190597534,0.1494532823562622,34.70414352416992,-0.0030444003641606028,0.0038790388498455286,0.005028842948377132,0.0026982943527400494,-4.5448541647740565e-07,-0.0030439458787441254,0.0009706896962597966,0.0017906008288264275,0.09246265888214111,0.17315146327018738,0.0,146,0.73,0.0535416305065155,0.0030439458787441254
0.008161689154803753,0.0,168.1307373046875,0.0,7.790193557739258,2.074775457382202,0.1359599381685257,2.0577244758605957,0.19299177825450897,80.92642974853516,8.71506126713939e-05,0.00807453878223896,0.002908964641392231,-7.275957614183426e-11,0.000343658757628873,0.9554644823074341,6.76658821105957,0.04052247107028961,0.0017847518902271986,-4.529216766357422,-4.920722961425781,1.7841193675994873,0,0.03908346965909004,0.14834251999855042,0,1.0,0.01073133572936058,0.007267384324222803,1.476643443107605,0.14914202690124512,34.73701858520508,-0.00302921980619437,0.003868261119350791,0.004966567270457745,0.0026833312585949898,-2.229819074337728e-06,-0.0030269899871200323,0.0009858928387984633,0.0018223809311166406,0.0923406109213829,0.1732422560453415,0.0,147,0.735,0.05351252853870392,0.0030269899871200323
0.00814658310264349,0.0,168.13075256347656,0.0,7.790194034576416,2.074775457382202,0.1359599381685257,2.057724714279175,0.19299177825450897,80.92643737792969,8.641394379083067e-05,0.008060169406235218,0.0029053320176899433,0.0,0.0003415564715396613,0.9552386403083801,6.767791748046875,0.040468499064445496,0.0017826129915192723,-4.53115177154541,-4.922940254211426,1.780305027961731,0,0.038963690400123596,0.1485016644001007,0,1.0,0.0107107013463974,0.007251346483826637,1.477063775062561,0.14883191883563995,34.78031921386719,-0.0030118972063065217,0.00385677651502192,0.0049072010442614555,0.002667446155101061,-2.894550561969092e-06,-0.0030090026557445526,0.0010007093660533428,0.0018542736070230603,0.0921526849269867,0.17318128049373627,0.0,148,0.74,0.053483814001083374,0.0030090026557445526
0.008131570182740688,0.0,168.13076782226562,0.0,7.790194988250732,2.0747756958007812,0.1359599381685257,2.057724952697754,0.19299177825450897,80.92643737792969,8.567188342567533e-05,0.008045898750424385,0.0029017021879553795,5.820766091346741e-11,0.0003393587248865515,0.9550153017044067,6.7689924240112305,0.04041384533047676,0.0017781287897378206,-4.533082485198975,-4.925152778625488,1.7760834693908691,0,0.03883806988596916,0.1486610770225525,0,1.0,0.010690152645111084,0.00723537802696228,1.4774836301803589,0.14852313697338104,34.82330322265625,-0.002992805093526904,0.003844687482342124,0.004850523546338081,0.002650762675330043,-2.6836059988182524e-06,-0.0029901214875280857,0.0010203809943050146,0.001882570213638246,0.09191598743200302,0.17299817502498627,0.0,149,0.745,0.05345554277300835,0.0029901214875280857
0.008116655051708221,0.0,168.1307830810547,0.0,7.790195941925049,2.0747759342193604,0.1359599381685257,2.057724952697754,0.19299177825450897,80.92644500732422,8.492528286296874e-05,0.008031729608774185,0.002898158971220255,2.9103830456733704e-11,0.00033708070986904204,0.9547947645187378,6.77018928527832,0.04035964608192444,0.0017750185215845704,-4.535008430480957,-4.9273600578308105,1.7712775468826294,0,0.038707636296749115,0.1488237828016281,0,1.0,0.010669692419469357,0.007219482678920031,1.4779026508331299,0.14821574091911316,34.865684509277344,-0.0029732473194599785,0.00383203593082726,0.004796413704752922,0.002633363474160433,-2.803048119012254e-06,-0.0029704442713409662,0.001040878938511014,0.0019170105224475265,0.09167583286762238,0.1728299856185913,0.0,150,0.75,0.053427763283252716,0.0029704442713409662
0.00810183770954609,0.0,168.13079833984375,0.0,7.790196895599365,2.0747761726379395,0.1359599381685257,2.057725429534912,0.19299177825450897,80.92645263671875,8.41755245346576e-05,0.008017661981284618,0.0028946944512426853,7.275957614183426e-11,0.0003347295569255948,0.9545770287513733,6.771383285522461,0.04030583053827286,0.0017703401390463114,-4.536929130554199,-4.929561138153076,1.765704870223999,0,0.03857267647981644,0.14898620545864105,0,1.0,0.010649328120052814,0.007203666493296623,1.4783204793930054,0.14790979027748108,34.907752990722656,-0.0029532238841057453,0.0038188756443560123,0.004744781646877527,0.0026153200305998325,-3.1744129956397422e-06,-0.0029500494711101055,0.00106434163171798,0.0019552824087440968,0.09142524003982544,0.17265264689922333,0.0,151,0.755,0.05340044945478439,0.0029500494711101055
0.008087122812867165,0.0,168.13084411621094,0.0,7.790197849273682,2.0747764110565186,0.1359599381685257,2.057725667953491,0.19299177825450897,80.92646789550781,8.34193269838579e-05,0.008003703318536282,0.0028913035057485104,-1.4551915228366852e-10,0.00033228794927708805,0.9543626308441162,6.772573471069336,0.040252380073070526,0.001766087720170617,-4.538844108581543,-4.931755542755127,1.7601006031036377,0,0.038432106375694275,0.14914803206920624,0,1.0,0.010629061609506607,0.007187932729721069,1.4787368774414062,0.14760543406009674,34.949485778808594,-0.0029345974326134353,0.003805105108767748,0.0046957856975495815,0.0025965110398828983,-5.798181518974765e-06,-0.0029287992510944605,0.0010873260907828808,0.0019936549942940474,0.09112492203712463,0.172363743185997,0.0,152,0.76,0.053373582661151886,0.002928799018263817
0.008072491735219955,0.0,168.130859375,0.0,7.79019832611084,2.0747766494750977,0.1359599381685257,2.057725429534912,0.19299177825450897,80.92646789550781,8.265231008408591e-05,0.007989839650690556,0.002887996379286051,5.820766091346741e-11,0.00032972561893984675,0.9541510343551636,6.7737603187561035,0.040199391543865204,0.0017642115708440542,-4.540752410888672,-4.933942794799805,1.753017783164978,0,0.03828372806310654,0.14931032061576843,0,1.0,0.010608904995024204,0.00717228464782238,1.479152798652649,0.14730265736579895,34.99092102050781,-0.0029129907488823557,0.003790609771385789,0.004649450536817312,0.0025767821352928877,-6.482936441960362e-06,-0.0029065078124403954,0.001083470182493329,0.0020103983115404844,0.09061276912689209,0.17154736816883087,0.0,153,0.765,0.05334721878170967,0.0029065078124403954
0.008057992905378342,0.0,168.13087463378906,0.0,7.790198802947998,2.0747768878936768,0.1359599381685257,2.0577261447906494,0.19299177825450897,80.92648315429688,8.191695815185085e-05,0.007976075634360313,0.002884796354919672,-5.820766091346741e-11,0.0003272869798820466,0.953942596912384,6.77493953704834,0.04014710336923599,0.0017627864144742489,-4.542653560638428,-4.936121940612793,1.7463140487670898,0,0.03814215958118439,0.14947454631328583,0,1.0,0.01058886107057333,0.007156727835536003,1.4795674085617065,0.1470017433166504,35.03166580200195,-0.0028896145522595068,0.0037767330650240183,0.004603998269885778,0.0025579817593097687,-4.345783963861059e-06,-0.0028852687682956457,0.0010982536477968097,0.002036926569417119,0.09021900594234467,0.1710178703069687,0.0,154,0.77,0.05332154408097267,0.0028852687682956457
0.008043595589697361,0.0,168.13088989257812,0.0,7.7901997566223145,2.074777126312256,0.1359599381685257,2.0577263832092285,0.19299177825450897,80.92648315429688,8.118765981635079e-05,0.007962407544255257,0.0028816829435527325,8.731149137020111e-11,0.00032483210088685155,0.9537370204925537,6.776111602783203,0.040095411241054535,0.0017580557614564896,-4.5445475578308105,-4.93829345703125,1.739776849746704,0,0.03799925372004509,0.14963677525520325,0,1.0,0.010568929836153984,0.00714125856757164,1.4799814224243164,0.1467025727033615,35.072296142578125,-0.0028695911169052736,0.003762673120945692,0.004560505971312523,0.0025389879010617733,-5.7711731643096155e-06,-0.002863819943740964,0.001114651095122099,0.0020696858409792185,0.08982005715370178,0.17048802971839905,0.0,155,0.775,0.053296446800231934,0.002863819943740964
0.00802929699420929,0.0,168.1309051513672,0.0,7.790200233459473,2.074777126312256,0.1359599381685257,2.0577263832092285,0.19299177825450897,80.9264907836914,8.045384311117232e-05,0.007948842830955982,0.0028786612674593925,-5.820766091346741e-11,0.00032230481156148016,0.9535348415374756,6.777278900146484,0.04004436731338501,0.0017616264522075653,-4.54643440246582,-4.940456867218018,1.7320348024368286,0,0.03785151243209839,0.1498016119003296,0,1.0,0.010549111291766167,0.0071258810348808765,1.4803940057754517,0.14640513062477112,35.11248779296875,-0.002847611904144348,0.0037481109611690044,0.004519328474998474,0.0025194361805915833,-5.870824679793038e-06,-0.002841741079464555,0.0011297313030809164,0.0020918247755616903,0.08936350792646408,0.1698133945465088,0.0,156,0.78,0.05327191203832626,0.002841741079464555
0.008015119470655918,0.0,168.1309356689453,0.0,7.790201663970947,2.074777603149414,0.1359599381685257,2.0577263832092285,0.19299177825450897,80.92649841308594,7.973382889758795e-05,0.007935385219752789,0.002875732723623514,4.3655745685100555e-11,0.0003198102058377117,0.9533355236053467,6.778439044952393,0.03999394178390503,0.001762015512213111,-4.548313140869141,-4.9426116943359375,1.7246110439300537,0,0.037705350667238235,0.14996427297592163,0,1.0,0.010529414750635624,0.007110596634447575,1.4808061122894287,0.14610961079597473,35.15232467651367,-0.002824421972036422,0.003733633551746607,0.004479671828448772,0.0025000597815960646,-4.552071914137087e-06,-0.002819869900122285,0.0011490865144878626,0.002125857397913933,0.08893648535013199,0.16923238337039948,0.0,157,0.785,0.05324801802635193,0.002819869900122285
0.008001052774488926,0.0,168.13095092773438,0.0,7.7902021408081055,2.074777603149414,0.1359599381685257,2.0577268600463867,0.19299177825450897,80.92650604248047,7.901639764895663e-05,0.007922036573290825,0.0028728903271257877,-1.4551915228366852e-11,0.00031727991881780326,0.9531395435333252,6.779592514038086,0.039944127202034,0.0017560698324814439,-4.55018424987793,-4.944757461547852,1.717667579650879,0,0.03755645081400871,0.15012764930725098,0,1.0,0.010509835556149483,0.00709540955722332,1.4812161922454834,0.14581596851348877,35.191810607910156,-0.0028043985366821888,0.00371888792142272,0.004442018456757069,0.0024803648702800274,-6.753718480527644e-06,-0.002797644818201661,0.0011591686634346843,0.002158388029783964,0.08850063383579254,0.16862761974334717,0.0,158,0.79,0.05322469398379326,0.002797644818201661
0.007987075485289097,0.0,168.13096618652344,0.0,7.790203094482422,2.0747780799865723,0.1359599381685257,2.057727098464966,0.19299177825450897,80.926513671875,7.829241803847253e-05,0.007908782921731472,0.0028701401315629482,-5.820766091346741e-11,0.00031467669759877026,0.9529470205307007,6.780740737915039,0.03989499807357788,0.0017613162053748965,-4.552047252655029,-4.946894645690918,1.7086620330810547,0,0.037402719259262085,0.15029162168502808,0,1.0,0.010490375570952892,0.007080314680933952,1.4816255569458008,0.1455240696668625,35.23091506958008,-0.00278223305940634,0.0037036046851426363,0.004406582564115524,0.0024600899778306484,-7.4664130807517055e-06,-0.0027747666463255882,0.0011637802235782146,0.0021850133780390024,0.0879274532198906,0.16769608855247498,0.0,159,0.795,0.05320197343826294,0.0027747666463255882
0.007973230443894863,0.0,168.1309814453125,0.0,7.790203094482422,2.0747783184051514,0.1359599381685257,2.0577268600463867,0.19299177825450897,80.92652893066406,7.758702849969268e-05,0.007895643822848797,0.0028674770146608353,1.4551915228366852e-11,0.0003121233603451401,0.9527578949928284,6.781879425048828,0.03984660655260086,0.0017611260991543531,-4.553900718688965,-4.949021816253662,1.7006826400756836,0,0.03725123032927513,0.1504565179347992,0,1.0,0.010471051558852196,0.007065323181450367,1.4820343255996704,0.14523430168628693,35.269588470458984,-0.0027579255402088755,0.00368856405839324,0.004372529685497284,0.002440196694806218,-5.605397746025892e-06,-0.0027523201424628496,0.0011730605037882924,0.0022097781766206026,0.0873916745185852,0.1668366938829422,0.0,160,0.8,0.053179506212472916,0.0027523201424628496
0.007959496229887009,0.0,168.13101196289062,0.0,7.790204048156738,2.0747783184051514,0.1359599381685257,2.057727336883545,0.19299177825450897,80.92652893066406,7.688842742936686e-05,0.007882608100771904,0.0028648623265326023,-1.4551915228366852e-11,0.0003095734282396734,0.9525721073150635,6.783010005950928,0.03979846462607384,0.0017627411289140582,-4.555745601654053,-4.951139450073242,1.6921745538711548,0,0.037099581211805344,0.15062162280082703,0,1.0,0.010451852343976498,0.007050429470837116,1.4824419021606445,0.14494647085666656,35.30788803100586,-0.0027364119887352575,0.0036734214518219233,0.004340116400271654,0.0024202601052820683,-6.578397005854979e-06,-0.0027298335917294025,0.0011884703999385238,0.002243323950096965,0.08689699321985245,0.1661093831062317,0.0,161,0.805,0.053157560527324677,0.0027298335917294025
0.007945866324007511,0.0,168.13101196289062,0.0,7.7902045249938965,2.0747783184051514,0.1359599381685257,2.057727575302124,0.19299177825450897,80.92652893066406,7.619200914632529e-05,0.007869673892855644,0.0028619207441806793,7.275957614183426e-11,0.00030699121998623013,0.9523899555206299,6.784133434295654,0.03974776715040207,0.0017677065916359425,-4.557581424713135,-4.9532470703125,1.6828994750976562,0,0.036945242434740067,0.1507858783006668,0,1.0,0.010432781651616096,0.007035637740045786,1.482848048210144,0.14466063678264618,35.34575653076172,-0.002714060246944485,0.003658025059849024,0.004309587646275759,0.002400088356807828,-6.980728358087999e-06,-0.002707079518586397,0.0011924279388040304,0.002266873838379979,0.08627510815858841,0.16506679356098175,0.0,162,0.81,0.05313487350940704,0.002707079518586397
0.007932355627417564,0.0,168.1310272216797,0.0,7.790205955505371,2.0747790336608887,0.1359599381685257,2.057727813720703,0.19299177825450897,80.92654418945312,7.551739690825343e-05,0.007856838405132294,0.0028586077969521284,-2.9103830456733704e-11,0.0003044839249923825,0.952211320400238,6.785247802734375,0.03969714790582657,0.0017611626535654068,-4.5594072341918945,-4.955344200134277,1.6749507188796997,0,0.03679477795958519,0.15094931423664093,0,1.0,0.010413849726319313,0.007020949851721525,1.4832537174224854,0.1443769335746765,35.383262634277344,-0.002690963447094021,0.0036430174950510263,0.004280074033886194,0.0023804577067494392,-6.02193176752093e-06,-0.0026849415153265,0.001203301944769919,0.0022972659207880497,0.08573982119560242,0.1642051786184311,0.0,163,0.8150000000000001,0.053109489381313324,0.0026849415153265
0.007918956689536572,0.0,168.13104248046875,0.0,7.790205955505371,2.0747787952423096,0.1359599381685257,2.057727813720703,0.19299177825450897,80.92654418945312,7.483841181965545e-05,0.007844118401408195,0.002855396131053567,2.9103830456733704e-11,0.00030192098347470164,0.9520359039306641,6.786354064941406,0.039647333323955536,0.0017558446852490306,-4.56122350692749,-4.957431316375732,1.666727900505066,0,0.03664041683077812,0.1511150598526001,0,1.0,0.010395050048828125,0.00700636301189661,1.4836585521697998,0.14409512281417847,35.42034149169922,-0.002667773514986095,0.0036275777965784073,0.004252482205629349,0.002360347891226411,-5.504582077321598e-06,-0.0026622689329087734,0.0012162596685811877,0.0023283674381673336,0.08519023656845093,0.16333283483982086,0.0,164,0.8200000000000001,0.05308481678366661,0.0026622689329087734
0.007905677892267704,0.0,168.1310577392578,0.0,7.790207386016846,2.0747790336608887,0.1359599381685257,2.0577282905578613,0.19299177825450897,80.92655944824219,7.415675645461306e-05,0.007831521332263947,0.0028522182255983353,1.0186340659856796e-10,0.0002993189264088869,0.9518640637397766,6.78745174407959,0.039598360657691956,0.0017533805221319199,-4.56303071975708,-4.959508419036865,1.6579831838607788,0,0.036483291536569595,0.15128065645694733,0,1.0,0.01037637796252966,0.006991875823587179,1.4840620756149292,0.14381524920463562,35.45695877075195,-0.0026440247893334,0.0036117699928581715,0.0042266640812158585,0.002339859027415514,-4.846835508998983e-06,-0.002639177953824401,0.0012329405872151256,0.0023671186063438654,0.08466894924640656,0.16255395114421844,0.0,165,0.8250000000000001,0.0530601441860199,0.002639177953824401
0.007892516441643238,0.0,168.13108825683594,0.0,7.790207862854004,2.074779510498047,0.1359599381685257,2.0577282905578613,0.19299177825450897,80.92655944824219,7.34686036594212e-05,0.007819048129022121,0.0028487849049270153,-1.0186340659856796e-10,0.0002966435858979821,0.9516956806182861,6.788542747497559,0.03955010324716568,0.001746004563756287,-4.564828395843506,-4.961575031280518,1.649168848991394,0,0.036320846527814865,0.15144725143909454,0,1.0,0.010357838124036789,0.006977491546422243,1.484464406967163,0.14353738725185394,35.49330520629883,-0.0026203691959381663,0.0035954578779637814,0.004202860873192549,0.0023187866900116205,-4.938803613241827e-06,-0.0026154303923249245,0.0012458363780751824,0.002399970078840852,0.08409667760133743,0.16163761913776398,0.0,166,0.8300000000000001,0.05303221940994263,0.0026154303923249245
0.007879474200308323,0.0,168.131103515625,0.0,7.79020881652832,2.0747792720794678,0.1359599381685257,2.0577285289764404,0.19299177825450897,80.92655944824219,7.277003896888345e-05,0.007806704379618168,0.0028452216647565365,0.0,0.0002938851248472929,0.9515308141708374,6.7896246910095215,0.0394994392991066,0.001739942585118115,-4.566616058349609,-4.963630199432373,1.6397780179977417,0,0.0361526682972908,0.15161292254924774,0,1.0,0.010339433327317238,0.006963216233998537,1.484864592552185,0.14326153695583344,35.52899169921875,-0.002596620470285471,0.0035785259678959846,0.004181099124252796,0.0022970205172896385,-5.714828148539741e-06,-0.0025909056421369314,0.0012618853943422437,0.002433436457067728,0.08349356055259705,0.16065146028995514,0.0,167,0.835,0.05300503224134445,0.0025909056421369314
0.007866550236940384,0.0,168.131103515625,0.0,7.7902092933654785,2.074779510498047,0.1359599381685257,2.0577287673950195,0.19299177825450897,80.92657470703125,7.206438021967188e-05,0.007794485427439213,0.002841560635715723,-4.3655745685100555e-11,0.0002910603070631623,0.9513697624206543,6.790698051452637,0.03944733738899231,0.0017357085598632693,-4.568393230438232,-4.965673923492432,1.6295123100280762,0,0.03597961738705635,0.1517786979675293,0,1.0,0.010321169160306454,0.006949048954993486,1.4852635860443115,0.14298777282238007,35.56438064575195,-0.0025722198188305448,0.003561084857210517,0.004161191638559103,0.0022747137118130922,-6.445683538968371e-06,-0.0025657741352915764,0.0012769581517204642,0.00246414658613503,0.08283520489931107,0.15953819453716278,0.0,168,0.84,0.05297856777906418,0.0025657741352915764
0.007853752002120018,0.0,168.13113403320312,0.0,7.790209770202637,2.074779748916626,0.1359599381685257,2.0577292442321777,0.19299177825450897,80.92657470703125,7.136088242987171e-05,0.007782391272485256,0.0028379925061017275,-1.4551915228366852e-10,0.00028822061722166836,0.9512120485305786,6.79176139831543,0.039396144449710846,0.0017332019051536918,-4.570158958435059,-4.967705249786377,1.6188664436340332,0,0.03580490127205849,0.15194708108901978,0,1.0,0.010303054004907608,0.006934996694326401,1.4856610298156738,0.14271627366542816,35.59928894042969,-0.0025476329028606957,0.0035434341989457607,0.00414276635274291,0.0022522644139826298,-7.147667929584354e-06,-0.0025404852349311113,0.0012984024360775948,0.002496353117749095,0.08220089972019196,0.15848489105701447,0.0,169,0.845,0.05295277386903763,0.0025404850021004677
0.007841073907911777,0.0,168.1311492919922,0.0,7.790210247039795,2.074779748916626,0.1359599381685257,2.0577290058135986,0.19299177825450897,80.92657470703125,7.065439422149211e-05,0.007770419120788574,0.002834509126842022,7.275957614183426e-11,0.0002853380283340812,0.951058030128479,6.792816638946533,0.03934594243764877,0.0017337698955088854,-4.5719122886657715,-4.969724178314209,1.6076120138168335,0,0.03562670573592186,0.15211492776870728,0,1.0,0.010285098105669022,0.006921057589352131,1.4860587120056152,0.14244705438613892,35.633644104003906,-0.0025223009288311542,0.0035254021640866995,0.004126037936657667,0.0022294577211141586,-7.50506296759261e-06,-0.0025147958658635616,0.001311720348894596,0.0025270183105021715,0.08149765431880951,0.15727441012859344,0.0,170,0.85,0.05292751267552376,0.0025147958658635616
0.007828528992831707,0.0,168.1311492919922,0.0,7.790210723876953,2.074779987335205,0.1359599381685257,2.0577292442321777,0.19299177825450897,80.92658996582031,6.995259172981605e-05,0.007758576422929764,0.00283112283796072,2.9103830456733704e-11,0.0002824527327902615,0.9509078860282898,6.793859481811523,0.039296746253967285,0.0017287078080698848,-4.573653221130371,-4.971729755401611,1.5970134735107422,0,0.03544752672314644,0.1522829830646515,0,1.0,0.01026729866862297,0.006907238624989986,1.4864548444747925,0.1421802043914795,35.66771697998047,-0.0024968758225441512,0.003507239744067192,0.004110703244805336,0.0022065753582865,-7.847789675050672e-06,-0.0024890280328691006,0.0013287072069942951,0.0025627645663917065,0.08083590865135193,0.15617339313030243,0.0,171,0.855,0.05290301889181137,0.0024890280328691006
0.007816105149686337,0.0,168.13116455078125,0.0,7.7902116775512695,2.074780225753784,0.1359599381685257,2.057729721069336,0.19299177825450897,80.92658996582031,6.9245150370989e-05,0.007746860384941101,0.0028278317768126726,-5.820766091346741e-11,0.00027951059746555984,0.9507616758346558,6.794894218444824,0.03924856334924698,0.001726847724057734,-4.575382232666016,-4.973722457885742,1.5855059623718262,0,0.03526386618614197,0.152447909116745,0,1.0,0.010249652899801731,0.006893535144627094,1.4868500232696533,0.14191560447216034,35.70120620727539,-0.002471217885613494,0.0034886086359620094,0.0040971217676997185,0.00218323920853436,-8.468050509743714e-06,-0.0024627498351037502,0.001342881005257368,0.0025948123075067997,0.08009934425354004,0.15488439798355103,0.0,172,0.86,0.052879273891448975,0.0024627498351037502
0.007803816813975573,0.0,168.1311798095703,0.0,7.790212154388428,2.0747804641723633,0.1359599381685257,2.057729721069336,0.19299177825450897,80.92660522460938,6.854499952169135e-05,0.007735271938145161,0.00282463151961565,-8.731149137020111e-11,0.0002765771059785038,0.9506192207336426,6.795917510986328,0.03920148313045502,0.0017237758729606867,-4.577098369598389,-4.975701332092285,1.5740631818771362,0,0.035079676657915115,0.1526160091161728,0,1.0,0.0102321682497859,0.006879954133182764,1.48724365234375,0.1416534185409546,35.734371185302734,-0.002444954589009337,0.0034699440002441406,0.004084714688360691,0.0021599833853542805,-8.39401036506135e-06,-0.0024365605786442757,0.0013579498045146465,0.0026222679298371077,0.0793290063738823,0.15348830819129944,0.0,173,0.865,0.0528562068939209,0.0024365605786442757
0.007791655603796244,0.0,168.13121032714844,0.0,7.790212631225586,2.0747807025909424,0.1359599381685257,2.057729721069336,0.19299177825450897,80.92660522460938,6.785163714084774e-05,0.007723804097622633,0.0028214845806360245,-7.275957614183426e-11,0.00027364949346520007,0.9504803419113159,6.796929359436035,0.0391555055975914,0.0017222135793417692,-4.57880163192749,-4.97766637802124,1.5627249479293823,0,0.03489472344517708,0.152785524725914,0,1.0,0.010214842855930328,0.006866494193673134,1.487635850906372,0.14139363169670105,35.76700210571289,-0.0024196691811085263,0.0034512346610426903,0.004073458723723888,0.002136798808351159,-9.220791980675807e-06,-0.0024104483891278505,0.0013622057158499956,0.0026420827489346266,0.07852207869291306,0.15199196338653564,0.0,174,0.87,0.05283308029174805,0.0024104483891278505
0.007779620122164488,0.0,168.13121032714844,0.0,7.790213584899902,2.0747807025909424,0.1359599381685257,2.057730197906494,0.19299177825450897,80.92660522460938,6.717324140481651e-05,0.0077124470844864845,0.0028184447437524796,2.9103830456733704e-11,0.00027078521088697016,0.9503448009490967,6.797929286956787,0.03911089897155762,0.0017229830846190453,-4.5804924964904785,-4.979617595672607,1.550926923751831,0,0.03471307456493378,0.15295153856277466,0,1.0,0.010197672992944717,0.006853155326098204,1.4880259037017822,0.14113613963127136,35.79929733276367,-0.002393918111920408,0.003432780271396041,0.004062841180711985,0.00211406871676445,-9.064096957496319e-06,-0.0023848540149629116,0.0013760075671598315,0.002669151872396469,0.07774572819471359,0.15058960020542145,0.0,175,0.875,0.052810851484537125,0.0023848540149629116
0.00776771642267704,0.0,168.1312255859375,0.0,7.790213584899902,2.0747809410095215,0.1359599381685257,2.057730197906494,0.19299177825450897,80.92662048339844,6.650664727203548e-05,0.007701209746301174,0.0028155031614005566,2.9103830456733704e-11,0.00026796027668751776,0.9502131342887878,6.798917770385742,0.03906749188899994,0.0017231814563274384,-4.582170009613037,-4.981554985046387,1.539400339126587,0,0.03453309088945389,0.15311938524246216,0,1.0,0.010180667974054813,0.0068399361334741116,1.4884155988693237,0.14088109135627747,35.831260681152344,-0.0023675151169300582,0.0034144590608775616,0.004053147044032812,0.0020916187204420567,-7.936032488992453e-06,-0.002359579084441066,0.001383950118906796,0.002698880387470126,0.07699253410100937,0.1492655873298645,0.0,176,0.88,0.05278947949409485,0.002359579084441066
0.007755944970995188,0.0,168.1312255859375,0.0,7.7902140617370605,2.0747809410095215,0.1359599381685257,2.057730197906494,0.19299177825450897,80.92662048339844,6.584568473044783e-05,0.0076900990679860115,0.0028126537799835205,1.4551915228366852e-11,0.00026514052296988666,0.9500855207443237,6.799895286560059,0.03902522101998329,0.0017210413934662938,-4.583834648132324,-4.983478546142578,1.5279362201690674,0,0.03435252606868744,0.15328827500343323,0,1.0,0.01016382034868002,0.00682683615013957,1.4888038635253906,0.1406283974647522,35.86260223388672,-0.00234176404774194,0.0033960589207708836,0.004044651985168457,0.0020691845566034317,-7.438939064791008e-06,-0.002334325108677149,0.0013987153070047498,0.0027300307992845774,0.07625870406627655,0.14797817170619965,0.0,177,0.885,0.05276894569396973,0.002334325108677149
0.007744298782199621,0.0,168.1312713623047,0.0,7.790215492248535,2.0747811794281006,0.1359599381685257,2.0577306747436523,0.19299177825450897,80.92662811279297,6.518558802781627e-05,0.007679113186895847,0.002809894038364291,-7.275957614183426e-12,0.0002623007458169013,0.9499614238739014,6.800861835479736,0.03898417204618454,0.00172103859949857,-4.58548641204834,-4.985388278961182,1.5158973932266235,0,0.03416963294148445,0.15345598757266998,0,1.0,0.01014713104814291,0.00681385537609458,1.4891908168792725,0.14037804305553436,35.8935546875,-0.002317922189831783,0.00337742711417377,0.004037455189973116,0.002046606270596385,-9.015202522327272e-06,-0.002308906987309456,0.0014104454312473536,0.0027567287907004356,0.07548195868730545,0.1465662121772766,0.0,178,0.89,0.05274924635887146,0.002308906987309456
0.00773276574909687,0.0,168.1312713623047,0.0,7.790215969085693,2.0747814178466797,0.1359599381685257,2.0577306747436523,0.19299177825450897,80.9266357421875,6.452933303080499e-05,0.007668236270546913,0.002807226264849305,1.4551915228366852e-11,0.0002594644611235708,0.9498410224914551,6.801816940307617,0.038944341242313385,0.001731338445097208,-4.587124824523926,-4.987283706665039,1.5026977062225342,0,0.03398615121841431,0.1536262184381485,0,1.0,0.010130603797733784,0.006800996605306864,1.4895763397216797,0.14013013243675232,35.92414093017578,-0.0022942200303078188,0.0033586695790290833,0.004031381569802761,0.002024041023105383,-1.0714633390356432e-05,-0.0022835053969174623,0.0014188139466568828,0.0027825681027024984,0.07464224845170975,0.14504210650920868,0.0,179,0.895,0.05273045599460602,0.0022835053969174623
0.0077213565818965435,0.0,168.13128662109375,0.0,7.79021692276001,2.074781656265259,0.1359599381685257,2.0577306747436523,0.19299177825450897,80.9266357421875,6.389880581991747e-05,0.007657457608729601,0.0028042930644005537,-8.003553375601768e-11,0.00025673265918157995,0.9497246146202087,6.802759170532227,0.03890526667237282,0.001738571678288281,-4.588748931884766,-4.989164352416992,1.4902222156524658,0,0.033808305859565735,0.1535288542509079,0,1.0,0.010114246979355812,0.006788261234760284,1.4899613857269287,0.13988478481769562,35.954402923583984,-0.0022677239030600076,0.003340533236041665,0.004025666508823633,0.00200234679505229,-8.64453613762901e-06,-0.0022590793669223785,0.001427779789082706,0.0028029782697558403,0.0738062933087349,0.14346538484096527,0.0,180,0.9,0.05271042883396149,0.0022590793669223785
0.007710088510066271,0.0,168.1313018798828,0.0,7.79021692276001,2.074781656265259,0.1359599381685257,2.0577309131622314,0.19299177825450897,80.9266357421875,6.328531890176237e-05,0.007646803278476,0.0028012115508317947,-7.275957614183426e-11,0.00025406875647604465,0.9496119022369385,6.803688049316406,0.03886746987700462,0.0017338101752102375,-4.590359210968018,-4.991030693054199,1.4790863990783691,0,0.03363410755991936,0.1532328873872757,0,1.0,0.010098054073750973,0.006775646936148405,1.4903453588485718,0.1396419256925583,35.98427200317383,-0.0022430904209614277,0.0033227386884391308,0.004020536784082651,0.001981116132810712,-7.905531674671194e-06,-0.0022351848892867565,0.0014400155050680041,0.002832493744790554,0.07306837290525436,0.14214767515659332,0.0,181,0.905,0.05268971621990204,0.0022351848892867565
0.00769892567768693,0.0,168.1313018798828,0.0,7.79021692276001,2.0747814178466797,0.1359599381685257,2.0577309131622314,0.19299177825450897,80.9266357421875,6.266895798034966e-05,0.007636256515979767,0.00279822014272213,-1.4551915228366852e-11,0.00025137426564469934,0.9495029449462891,6.804607391357422,0.03883092850446701,0.0017385384999215603,-4.591956615447998,-4.992883205413818,1.4670369625091553,0,0.033457089215517044,0.15293730795383453,0,1.0,0.010082017630338669,0.006763149052858353,1.4907282590866089,0.13940131664276123,36.01370620727539,-0.0022197142243385788,0.003304602811113,0.004016703926026821,0.0019596393685787916,-8.700648322748725e-06,-0.00221101357601583,0.0014534122310578823,0.002860147273167968,0.07230227440595627,0.14077728986740112,0.0,182,0.91,0.05266987532377243,0.00221101357601583
0.0076878913678228855,0.0,168.13133239746094,0.0,7.790217876434326,2.074782133102417,0.1359599381685257,2.0577311515808105,0.19299177825450897,80.92665100097656,6.20635473751463e-05,0.00762582803145051,0.0027953176759183407,-6.548361852765083e-11,0.0002487116144038737,0.9493975043296814,6.805513858795166,0.038795605301856995,0.001741914195008576,-4.593540668487549,-4.99472188949585,1.4548492431640625,0,0.03328107297420502,0.15264499187469482,0,1.0,0.01006613951176405,0.006750766653567553,1.4911105632781982,0.1391630619764328,36.042789459228516,-0.002194428816437768,0.0032866105902940035,0.00401360122486949,0.0019384457264095545,-7.27153383200084e-06,-0.0021871572826057673,0.001461448846384883,0.002881918102502823,0.07146287709474564,0.1391841471195221,0.0,183,0.915,0.05265083909034729,0.0021871572826057673
0.0076769813895225525,0.0,168.13134765625,0.0,7.790218830108643,2.074782371520996,0.1359599381685257,2.0577311515808105,0.19299177825450897,80.92665100097656,6.147295061964542e-05,0.007615508511662483,0.0027925067115575075,-5.093170329928398e-11,0.00024610990658402443,0.9492954015731812,6.806408405303955,0.03876146674156189,0.0017339336918666959,-4.59511137008667,-4.996546268463135,1.4437519311904907,0,0.03310837596654892,0.15235380828380585,0,1.0,0.01005042064934969,0.006738503463566303,1.4914915561676025,0.13892720639705658,36.0714111328125,-0.0021703075617552268,0.003268907079473138,0.0040110326372087,0.0019176425412297249,-6.555113941477449e-06,-0.0021637524478137493,0.0014748740941286087,0.002914493205025792,0.07074274122714996,0.13792464137077332,0.0,184,0.92,0.052632641047239304,0.0021637524478137493
0.007666188292205334,0.0,168.13134765625,0.0,7.790219306945801,2.074782371520996,0.1359599381685257,2.0577313899993896,0.19299177825450897,80.92666625976562,6.0878974181832746e-05,0.007605309132486582,0.002789776772260666,-8.003553375601768e-11,0.00024347053840756416,0.9491973519325256,6.807292938232422,0.038728393614292145,0.0017263955669477582,-4.596669673919678,-4.998356819152832,1.4326350688934326,0,0.032932210713624954,0.1520635038614273,0,1.0,0.010034849867224693,0.006726355291903019,1.4918702840805054,0.13869355618953705,36.09971618652344,-0.002147117629647301,0.0032508450094610453,0.004009739961475134,0.001896534813567996,-7.112277671740726e-06,-0.00214000535197556,0.001489323447458446,0.002944965148344636,0.07001848518848419,0.13664279878139496,0.0,185,0.925,0.052615173161029816,0.00214000535197556
0.00765551021322608,0.0,168.13136291503906,0.0,7.790219306945801,2.074782371520996,0.1359599381685257,2.0577313899993896,0.19299177825450897,80.92666625976562,6.0280657635303214e-05,0.0075952294282615185,0.0027870554476976395,2.9103830456733704e-11,0.00024078940623439848,0.949102520942688,6.808165550231934,0.03869636356830597,0.0017229857621714473,-4.598215103149414,-5.000153541564941,1.4206198453903198,1,0.03275221213698387,0.15177689492702484,1,1.0,0.01001943089067936,0.006714320741593838,1.4922479391098022,0.138462096452713,36.12764358520508,-0.0021235086023807977,0.0032323948107659817,0.004009681288152933,0.0018751153256744146,-7.603783160493177e-06,-0.0021159048192203045,0.0014970325864851475,0.00297044706530869,0.06919979304075241,0.13511894643306732,0.0,186,0.93,0.052597776055336,0.0021159048192203045
0.007644953206181526,0.0,168.13137817382812,0.0,7.790219306945801,2.074782371520996,0.1359599381685257,2.0577316284179688,0.19299177825450897,80.92666625976562,5.9687452448997647e-05,0.007585265673696995,0.0027841664850711823,5.820766091346741e-11,0.00023811831488274038,0.9490116834640503,6.809027194976807,0.03866526484489441,0.0017191824736073613,-4.599747180938721,-5.001935958862305,1.408630132675171,2,0.03257196024060249,0.15149152278900146,2,1.0,0.010004168376326561,0.006702403537929058,1.492624044418335,0.1382329761981964,36.15507125854492,-0.0020998064428568333,0.0032138919923454523,0.004010471515357494,0.0018537546275183558,-7.933471351906623e-06,-0.0020918729715049267,0.001507860142737627,0.00299718976020813,0.06840192526578903,0.13364650309085846,0.0,187,0.935,0.05257898569107056,0.0020918729715049267
0.007634512148797512,0.0,168.1313934326172,0.0,7.790220260620117,2.0747828483581543,0.1359599381685257,2.057731866836548,0.19299177825450897,80.92666625976562,5.909760875510983e-05,0.0075754146091639996,0.0027813646011054516,-5.820766091346741e-11,0.00023545064323116094,0.9489245414733887,6.809876441955566,0.038635097444057465,0.0017154315719380975,-4.601265907287598,-5.003703594207764,1.3966034650802612,2,0.032391052693128586,0.1512099951505661,2,1.0,0.009989061392843723,0.0066906060092151165,1.4929980039596558,0.13800612092018127,36.182220458984375,-0.0020758248865604843,0.0031952778808772564,0.004012134857475758,0.0018323843833059072,-7.989816367670426e-06,-0.002067835070192814,0.0015233533922582865,0.0030266211833804846,0.06762511283159256,0.1322508454322815,0.0,188,0.9400000000000001,0.05256086215376854,0.002067835070192814
0.007624194957315922,0.0,168.1313934326172,0.0,7.790220737457275,2.0747828483581543,0.1359599381685257,2.057732105255127,0.19299177825450897,80.92667388916016,5.851200330653228e-05,0.007565682753920555,0.002778642810881138,7.275957614183426e-12,0.0002327851252630353,0.9488407969474792,6.8107147216796875,0.038605764508247375,0.001714903162792325,-4.602771282196045,-5.005456924438477,1.3842252492904663,2,0.03220915421843529,0.15092733502388,2,1.0,0.009974110871553421,0.006678924895823002,1.493370771408081,0.13778163492679596,36.208858489990234,-0.002051703631877943,0.0031765811145305634,0.004014638252556324,0.0018110638484358788,-7.854774594350748e-06,-0.0020438488572835922,0.0015347778098657727,0.003050320316106081,0.06678662449121475,0.1306895762681961,0.0,189,0.9450000000000001,0.05254337191581726,0.0020438488572835922
0.007613995112478733,0.0,168.1314239501953,0.0,7.790221691131592,2.0747828483581543,0.1359599381685257,2.057732343673706,0.19299177825450897,80.92668151855469,5.793546006316319e-05,0.007556059863418341,0.002776011358946562,-3.637978807091713e-11,0.00023014983162283897,0.9487608671188354,6.811539649963379,0.038577254861593246,0.001710427226498723,-4.604262828826904,-5.007195472717285,1.3719263076782227,2,0.032028332352638245,0.15064966678619385,2,1.0,0.009959318675100803,0.006667362060397863,1.4937419891357422,0.13755947351455688,36.23527908325195,-0.002027675509452863,0.003157983301207423,0.0040177539922297,0.0017899605445563793,-7.5651332736449e-06,-0.0020201103761792183,0.00154680956620723,0.003075758693739772,0.06595035642385483,0.12909823656082153,0.0,190,0.9500000000000001,0.05252651125192642,0.0020201103761792183
0.007603918202221394,0.0,168.13143920898438,0.0,7.790221691131592,2.0747828483581543,0.1359599381685257,2.057732343673706,0.19299177825450897,80.92668914794922,5.7364770327694714e-05,0.007546553388237953,0.0027734595350921154,4.3655745685100555e-11,0.00022752885706722736,0.9486843347549438,6.812352657318115,0.03854954615235329,0.0017023688415065408,-4.605740547180176,-5.008918762207031,1.3601140975952148,2,0.031847525388002396,0.15037085115909576,2,1.0,0.009944685734808445,0.006655920296907425,1.4941112995147705,0.13733968138694763,36.26121139526367,-0.0020039267838001676,0.0031393645331263542,0.004021621774882078,0.0017689367523416877,-7.461290806574407e-06,-0.001996465492993593,0.001561031094752252,0.0031036066357046366,0.06516696512699127,0.12765522301197052,0.0,191,0.9550000000000001,0.05251026153564453,0.001996465492993593
0.007593955844640732,0.0,168.13143920898438,0.0,7.79022216796875,2.0747833251953125,0.1359599381685257,2.057732582092285,0.19299177825450897,80.92669677734375,5.679400419467129e-05,0.007537161931395531,0.0027708590496331453,0.0,0.00022489101684186608,0.9486111402511597,6.813154220581055,0.03851747512817383,0.0016990489093586802,-4.607204914093018,-5.010627746582031,1.3478856086730957,2,0.03166446462273598,0.15009701251983643,2,1.0,0.009930205531418324,0.006644592620432377,1.4944791793823242,0.13712209463119507,36.28676223754883,-0.0019805971533060495,0.0031205134000629187,0.004026409704238176,0.0017477975925430655,-7.908558473033057e-06,-0.0019726885948330164,0.0015619489131495357,0.0031271923799067736,0.06431493908166885,0.12603558599948883,0.0,192,0.96,0.052494533360004425,0.0019726885948330164
0.0075841122306883335,0.0,168.13145446777344,0.0,7.790222644805908,2.0747835636138916,0.1359599381685257,2.057732582092285,0.19299177825450897,80.92669677734375,5.6230088375741616e-05,0.007527882233262062,0.0027683053631335497,9.458744898438454e-11,0.0002222792973043397,0.9485418796539307,6.813942909240723,0.03848467022180557,0.0016962062800303102,-4.608654975891113,-5.012321472167969,1.3355326652526855,2,0.03148239105939865,0.14982537925243378,2,1.0,0.009915887378156185,0.0066333855502307415,1.4948456287384033,0.13690683245658875,36.3119010925293,-0.0019567552953958928,0.003101689973846078,0.004031793214380741,0.0017268197843804955,-7.656286470633655e-06,-0.0019490990089252591,0.0015741590177640319,0.003155962098389864,0.06350021809339523,0.12453973293304443,0.0,193,0.965,0.05247938632965088,0.001949099125340581
0.007574388291686773,0.0,168.1314697265625,0.0,7.790224075317383,2.0747835636138916,0.1359599381685257,2.0577330589294434,0.19299177825450897,80.92671203613281,5.566960317082703e-05,0.007518718484789133,0.0027658254839479923,5.093170329928398e-11,0.00021966804342810065,0.9484761953353882,6.814719200134277,0.038452498614788055,0.0016913525760173798,-4.610091209411621,-5.014000415802002,1.323067307472229,4,0.031299229711294174,0.14955319464206696,4,1.0,0.009901726618409157,0.006622294429689646,1.495210886001587,0.13669389486312866,36.336612701416016,-0.0019330997020006592,0.0030827592127025127,0.004037967883050442,0.001705838949419558,-7.592723704915715e-06,-0.0019255069782957435,0.0015888981288298965,0.0031836333218961954,0.06268613785505295,0.12303223460912704,0.0,194,0.97,0.05246470123529434,0.0019255069782957435
0.007564781233668327,0.0,168.1314697265625,0.0,7.790223598480225,2.0747838020324707,0.1359599381685257,2.0577328205108643,0.19299177825450897,80.92670440673828,5.511393828783184e-05,0.0075096674263477325,0.002763425000011921,-1.4551915228366852e-10,0.00021706440020352602,0.9484140276908875,6.815483093261719,0.03842100501060486,0.0016871885163709521,-4.611513614654541,-5.015664100646973,1.310461163520813,4,0.031115476042032242,0.14928534626960754,4,1.0,0.00988772138953209,0.006611322518438101,1.495573878288269,0.13648325204849243,36.360939025878906,-0.0019100494682789257,0.0030637718737125397,0.004044861067086458,0.0016849278472363949,-8.057104423682925e-06,-0.0019019923638552427,0.0015992249827831984,0.0032086530700325966,0.06183123216032982,0.12140336632728577,0.0,195,0.975,0.05245053023099899,0.001901992247439921
0.0075552877970039845,0.0,168.13148498535156,0.0,7.790225028991699,2.0747838020324707,0.1359599381685257,2.0577330589294434,0.19299177825450897,80.92671203613281,5.456474900711328e-05,0.0075007230043411255,0.0027611004188656807,2.1827872842550278e-11,0.0002144819009117782,0.9483557343482971,6.816235542297363,0.0383901447057724,0.0016856895526871085,-4.612921714782715,-5.017312526702881,1.2976728677749634,4,0.03093220852315426,0.14901870489120483,4,1.0,0.00987387727946043,0.006600468885153532,1.4959356784820557,0.13627496361732483,36.384971618652344,-0.0018869061022997304,0.0030447994358837605,0.0040523395873606205,0.00166417402215302,-8.250121027271332e-06,-0.001878655981272459,0.0016119652427732944,0.003233901923522353,0.060978472232818604,0.11980979889631271,0.0,196,0.98,0.05243682488799095,0.001878655981272459
0.00754591217264533,0.0,168.13150024414062,0.0,7.790225028991699,2.07478404045105,0.1359599381685257,2.0577330589294434,0.19299177825450897,80.92671203613281,5.402580791269429e-05,0.0074918861500918865,0.002758849412202835,5.093170329928398e-11,0.00021193656721152365,0.948300838470459,6.81697416305542,0.0383598655462265,0.001683566253632307,-4.614315509796143,-5.018945693969727,1.2848992347717285,4,0.030750472098588943,0.14875376224517822,4,1.0,0.00986019242554903,0.006589733529835939,1.4962960481643677,0.13606902956962585,36.408592224121094,-0.0018635764718056122,0.0030259862542152405,0.004060255363583565,0.0016437189187854528,-7.921014912466154e-06,-0.001855655456893146,0.0016244223807007074,0.0032576117664575577,0.06013485789299011,0.1182161197066307,0.0,197,0.985,0.05242355912923813,0.001855655456893146
0.007536652032285929,0.0,168.13150024414062,0.0,7.790225028991699,2.07478404045105,0.1359599381685257,2.0577335357666016,0.19299177825450897,80.92671203613281,5.34974315087311e-05,0.007483154535293579,0.0027566752396523952,-1.2369127944111824e-10,0.00020943093113601208,0.9482495784759521,6.817700386047363,0.038330260664224625,0.0016788006760179996,-4.615694999694824,-5.02056360244751,1.272536277770996,4,0.030570510774850845,0.14849236607551575,4,1.0,0.009846665896475315,0.006579115521162748,1.496654987335205,0.13586542010307312,36.43190002441406,-0.0018408987671137249,0.0030073511879891157,0.004068569280207157,0.001623570453375578,-7.897266186813025e-06,-0.0018330015009269118,0.001633263542316854,0.0032815237063914537,0.059307701885700226,0.11665377020835876,0.0,198,0.99,0.05241077020764351,0.00183300138451159
0.007527503184974194,0.0,168.1315155029297,0.0,7.790225982666016,2.074784278869629,0.1359599381685257,2.0577335357666016,0.19299177825450897,80.92672729492188,5.29749522684142e-05,0.007474528159946203,0.002754573244601488,3.637978807091713e-11,0.00020694015256594867,0.9482018351554871,6.81841516494751,0.03830121457576752,0.0016772911185398698,-4.617060661315918,-5.0221662521362305,1.2599378824234009,4,0.03039047308266163,0.1482335329055786,4,1.0,0.009833293035626411,0.0065686143934726715,1.4970117807388306,0.13566407561302185,36.454872131347656,-0.0018192920833826453,0.002988718217238784,0.00407744012773037,0.001603565295226872,-8.786679245570373e-06,-0.001810505404137075,0.0016393015393987298,0.003301246091723442,0.05845150351524353,0.11499878764152527,0.0,199,0.995,0.05239841341972351,0.001810505404137075
0.007518459111452103,0.0,168.13153076171875,0.0,7.790226936340332,2.074784517288208,0.1359599381685257,2.0577335357666016,0.19299177825450897,80.92672729492188,5.246373257250525e-05,0.007465995382517576,0.0027525448240339756,-2.1827872842550278e-11,0.00020449658040888608,0.9481573104858398,6.81911563873291,0.038272734731435776,0.0016816166462376714,-4.618412494659424,-5.023753643035889,1.2472765445709229,4,0.030212821438908577,0.14797700941562653,4,1.0,0.009820074774324894,0.006558230146765709,1.4973665475845337,0.13546505570411682,36.47739791870117,-0.001797825098037758,0.002970312722027302,0.0040865507908165455,0.0015839519910514355,-9.376555681267018e-06,-0.001788448542356491,0.0016379517037421465,0.0033183337654918432,0.057603370398283005,0.11336971819400787,0.0,200,1.0,0.05238647013902664,0.001788448542356491
0.007509524933993816,0.0,168.1315460205078,0.0,7.790226936340332,2.074784517288208,0.1359599381685257,2.0577337741851807,0.19299177825450897,80.9267349243164,5.197045538807288e-05,0.007457554340362549,0.002750587649643421,2.1827872842550278e-11,0.0002021335531026125,0.9481163024902344,6.8198041915893555,0.03824485093355179,0.0016821151366457343,-4.619750022888184,-5.025326251983643,1.23485267162323,4,0.030040040612220764,0.14772310853004456,4,1.0,0.009807012975215912,0.0065479581244289875,1.4977208375930786,0.13526830077171326,36.499794006347656,-0.0017758458852768324,0.0029524066485464573,0.0040955920703709126,0.0015649695415049791,-8.742790669240752e-06,-0.0017671030946075916,0.001640130765736103,0.0033362156245857477,0.05673138052225113,0.11168941110372543,0.0,201,1.0050000000000001,0.05237496644258499,0.0017671030946075916
0.007500700652599335,0.0,168.1315460205078,0.0,7.790226936340332,2.074784517288208,0.1359599381685257,2.0577340126037598,0.19299177825450897,80.92674255371094,5.149406206328422e-05,0.007449206430464983,0.0027487019542604685,-2.1827872842550278e-11,0.00019984903337899595,0.9480785131454468,6.8204803466796875,0.03821755200624466,0.0016860142350196838,-4.6210737228393555,-5.026884078979492,1.2227253913879395,4,0.02987213060259819,0.14747022092342377,4,1.0,0.009794102981686592,0.0065377987921237946,1.4980734586715698,0.13507382571697235,36.5216064453125,-0.0017540529370308295,0.0029349680989980698,0.004104601684957743,0.0015466115437448025,-7.592374458946331e-06,-0.0017464605625718832,0.0016405928181484342,0.003354134038090706,0.05591747537255287,0.11012916266918182,0.0,202,1.01,0.052363891154527664,0.0017464605625718832
0.0074919844046235085,0.0,168.13156127929688,0.0,7.790227890014648,2.074784755706787,0.1359599381685257,2.057734251022339,0.19299177825450897,80.92674255371094,5.103480361867696e-05,0.0074409497901797295,0.0027468865737318993,-2.9103830456733704e-11,0.00019764334138017148,0.9480441808700562,6.821142196655273,0.03819076716899872,0.0016844867495819926,-4.6223835945129395,-5.028428077697754,1.2109990119934082,4,0.029709216207265854,0.1472214013338089,4,1.0,0.009781344793736935,0.0065277451649308205,1.4984263181686401,0.13488154113292694,36.54317855834961,-0.0017330981791019808,0.00291801686398685,0.004113560076802969,0.0015288498252630234,-6.6050561145316634e-06,-0.0017264931229874492,0.0016472394345328212,0.0033758662175387144,0.055125411599874496,0.10863417387008667,0.0,203,1.0150000000000001,0.05235321819782257,0.0017264931229874492
0.007483369670808315,0.0,168.131591796875,0.0,7.790228366851807,2.074784994125366,0.1359599381685257,2.057734251022339,0.19299177825450897,80.92675018310547,5.058327951701358e-05,0.0074327862821519375,0.0027451282367110252,-5.093170329928398e-11,0.00019546292605809867,0.9480130672454834,6.821793556213379,0.03816444054245949,0.0016786406049504876,-4.623680591583252,-5.0299577713012695,1.1999107599258423,4,0.029547257348895073,0.1469717174768448,4,1.0,0.009768728166818619,0.006517799571156502,1.4987770318984985,0.13469138741493225,36.564552307128906,-0.00171381980180744,0.002901165746152401,0.004122977145016193,0.0015112736728042364,-7.083173841274451e-06,-0.0017067366279661655,0.0016575639601796865,0.003398155327886343,0.054390210658311844,0.10726213455200195,0.0,204,1.02,0.05234286189079285,0.0017067366279661655
0.007474846206605434,0.0,168.131591796875,0.0,7.790228366851807,2.074784755706787,0.1359599381685257,2.057734489440918,0.19299177825450897,80.92674255371094,5.013299232814461e-05,0.007424713112413883,0.0027434329967945814,3.637978807091713e-11,0.00019328188500367105,0.947985053062439,6.822432994842529,0.03813861310482025,0.0016845123609527946,-4.624965190887451,-5.0314741134643555,1.1879937648773193,4,0.02938452549278736,0.1467253863811493,4,1.0,0.009756249375641346,0.0065079559572041035,1.4991265535354614,0.13450324535369873,36.585445404052734,-0.0016956124454737072,0.0028841649182140827,0.004133026581257582,0.0014936997322365642,-8.630799129641506e-06,-0.0016869816463440657,0.0016629372257739305,0.003419069340452552,0.053614284843206406,0.10581887513399124,0.0,205,1.025,0.05233286693692207,0.0016869816463440657
0.007466413546353579,0.0,168.131591796875,0.0,7.790229797363281,2.0747852325439453,0.1359599381685257,2.057734489440918,0.19299177825450897,80.9267578125,4.9695270718075335e-05,0.007416718173772097,0.002741797361522913,-2.1827872842550278e-11,0.0001911510044010356,0.9479606747627258,6.823061466217041,0.038113221526145935,0.0017005987465381622,-4.6262359619140625,-5.032976150512695,1.1753346920013428,4,0.0292244590818882,0.1464817374944687,4,1.0,0.009743918664753437,0.006498219911009073,1.4994750022888184,0.13431724905967712,36.6060791015625,-0.0016758218407631278,0.0028674760833382607,0.004143227357417345,0.0014766069361940026,-8.0638565123439e-06,-0.001667757984250784,0.0016646431758999825,0.003430549055337906,0.05278753116726875,0.10420624166727066,0.0,206,1.03,0.05232320725917816,0.001667757984250784
0.0074580879881978035,0.0,168.13160705566406,0.0,7.790229320526123,2.0747852325439453,0.1359599381685257,2.057734489440918,0.19299177825450897,80.9267578125,4.928209455101751e-05,0.007408806122839451,0.0027402236592024565,-3.637978807091713e-11,0.00018913985695689917,0.9479392766952515,6.823677062988281,0.03808833286166191,0.0016971695004031062,-4.627492904663086,-5.034464359283447,1.164713740348816,4,0.029072783887386322,0.1462392807006836,4,1.0,0.009731737896800041,0.006488587707281113,1.4998236894607544,0.1341334879398346,36.626441955566406,-0.0016556121408939715,0.0028516165912151337,0.004152954556047916,0.0014603649033233523,-6.107380613719999e-06,-0.0016495047602802515,0.0016775830881670117,0.003453668672591448,0.05210848152637482,0.10297831892967224,0.0,207,1.035,0.0523139052093029,0.0016495047602802515
0.007449857424944639,0.0,168.13162231445312,0.0,7.7902302742004395,2.0747852325439453,0.1359599381685257,2.057734727859497,0.19299177825450897,80.9267578125,4.8869289457798004e-05,0.007400988135486841,0.0027387032750993967,-2.9103830456733704e-11,0.00018711667507886887,0.9479206800460815,6.824282169342041,0.038063835352659225,0.0016928415279835463,-4.628737926483154,-5.035939693450928,1.1540285348892212,4,0.028919333592057228,0.145999476313591,4,1.0,0.009719688445329666,0.006479052826762199,1.500171184539795,0.13395164906978607,36.64645767211914,-0.0016372185200453154,0.0028355801478028297,0.004163343459367752,0.001444028690457344,-6.073154509102447e-06,-0.001631145365536213,0.0016894290456548333,0.003475224832072854,0.0514000840485096,0.10165967792272568,0.0,208,1.04,0.052304886281490326,0.001631145365536213
0.007441715802997351,0.0,168.13162231445312,0.0,7.790230751037598,2.0747857093811035,0.1359599381685257,2.0577352046966553,0.19299177825450897,80.92677307128906,4.845816511078738e-05,0.007393257692456245,0.002737200353294611,5.820766091346741e-11,0.00018509085930418223,0.9479051232337952,6.8248772621154785,0.038039758801460266,0.001688660471700132,-4.629970550537109,-5.0374016761779785,1.1430556774139404,6,0.028764864429831505,0.14576102793216705,6,1.0,0.009707773104310036,0.00646961759775877,1.5005172491073608,0.13377174735069275,36.66623306274414,-0.0016193371266126977,0.0028194268234074116,0.004174285568296909,0.0014276616275310516,-6.584683433209565e-06,-0.0016127524431794882,0.0016985919792205095,0.0034963495563715696,0.050700727850198746,0.1003791093826294,0.0,209,1.045,0.052295707166194916,0.0016127524431794882
0.007433664053678513,0.0,168.1316375732422,0.0,7.790230751037598,2.0747854709625244,0.1359599381685257,2.0577352046966553,0.19299177825450897,80.92677307128906,4.805344724445604e-05,0.007385610602796078,0.0027356892824172974,-2.9103830456733704e-11,0.00018309126608073711,0.9478927850723267,6.825461387634277,0.03801610320806503,0.0016922480426728725,-4.631191253662109,-5.038850784301758,1.132084846496582,6,0.028611687943339348,0.14552409946918488,6,1.0,0.009695987217128277,0.006460279691964388,1.5008618831634521,0.13359379768371582,36.68560791015625,-0.0016013626009226186,0.002803358482196927,0.004185536410659552,0.0014115109806880355,-6.7603541538459756e-06,-0.0015946022467687726,0.0017076083458960056,0.003516317345201969,0.049981489777565,0.09906039386987686,0.0,210,1.05,0.05228603631258011,0.0015946022467687726
0.007425702176988125,0.0,168.13165283203125,0.0,7.790231704711914,2.0747857093811035,0.1359599381685257,2.0577352046966553,0.19299177825450897,80.92677307128906,4.765764970215969e-05,0.007378044538199902,0.002734230365604162,-6.548361852765083e-11,0.00018112256657332182,0.9478833675384521,6.826035499572754,0.03799280524253845,0.0016890469705685973,-4.632399559020996,-5.040286540985107,1.1213160753250122,6,0.028459865599870682,0.1452907919883728,6,1.0,0.009684335440397263,0.006451040972024202,1.5012050867080688,0.1334177851676941,36.704856872558594,-0.0015834812074900012,0.0027874880470335484,0.004196952562779188,0.0013956192415207624,-6.7392829805950835e-06,-0.001576741924509406,0.0017183627933263779,0.003533788723871112,0.049265388399362564,0.09770370274782181,0.0,211,1.055,0.05227664113044739,0.0015767418080940843
0.007417829241603613,0.0,168.1316680908203,0.0,7.790231704711914,2.0747857093811035,0.1359599381685257,2.0577354431152344,0.19299177825450897,80.92678833007812,4.7267549234675243e-05,0.0073705618269741535,0.0027328254655003548,-1.4551915228366852e-11,0.00017917680088430643,0.9478768110275269,6.826598167419434,0.03796997666358948,0.001684684888459742,-4.6335954666137695,-5.0417094230651855,1.1105730533599854,6,0.028309175744652748,0.14505861699581146,6,1.0,0.009672815911471844,0.006441897712647915,1.5015475749969482,0.13324368000030518,36.723575592041016,-0.0015660654753446913,0.0027716795448213816,0.004208683967590332,0.0013798729050904512,-7.01576936993362e-06,-0.0015590497059747577,0.0017302419291809201,0.003554907161742449,0.048576485365629196,0.09643030911684036,0.0,212,1.06,0.052267562597990036,0.0015590497059747577
0.007410041522234678,0.0,168.1316680908203,0.0,7.7902326583862305,2.0747861862182617,0.1359599381685257,2.0577354431152344,0.19299177825450897,80.92678833007812,4.687933324021287e-05,0.007363162003457546,0.0027314673643559217,-5.093170329928398e-11,0.00017723208293318748,0.9478731155395508,6.827150344848633,0.03794748708605766,0.0016896342858672142,-4.634779453277588,-5.043119430541992,1.0995253324508667,6,0.02815783955156803,0.14482732117176056,6,1.0,0.009661425836384296,0.0064328499138355255,1.5018888711929321,0.13307149708271027,36.74209976196289,-0.0015479978173971506,0.002755763242021203,0.004220942966639996,0.0013641529949381948,-6.612739525768338e-06,-0.0015413850778713822,0.001735694706439972,0.003573463298380375,0.047839537262916565,0.09504629671573639,0.0,213,1.065,0.05225872993469238,0.0015413850778713822
0.007402349263429642,0.0,168.13168334960938,0.0,7.7902326583862305,2.0747861862182617,0.1359599381685257,2.0577354431152344,0.19299177825450897,80.92678833007812,4.650116534321569e-05,0.007355848327279091,0.002730164211243391,-2.9103830456733704e-11,0.00017532457422930747,0.947872519493103,6.827691555023193,0.03792543709278107,0.0016823358600959182,-4.635951042175293,-5.044516086578369,1.0892047882080078,6,0.028008446097373962,0.14459894597530365,6,1.0,0.00965016707777977,0.006423900369554758,1.5022286176681519,0.13290123641490936,36.76034927368164,-0.001530302688479456,0.002740098163485527,0.0042333141900599,0.001348711084574461,-6.266986019941908e-06,-0.0015240357024595141,0.0017439555376768112,0.0035927817225456238,0.0471457839012146,0.09374253451824188,0.0,214,1.07,0.05225022882223129,0.0015240357024595141
0.007394738495349884,0.0,168.13169860839844,0.0,7.790233612060547,2.0747861862182617,0.1359599381685257,2.0577356815338135,0.19299177825450897,80.92678833007812,4.612488191924058e-05,0.007348613813519478,0.0027289073914289474,-2.9103830456733704e-11,0.00017342015053145587,0.9478746056556702,6.828222274780273,0.03790372982621193,0.0016824465710669756,-4.637110710144043,-5.045899868011475,1.078224778175354,6,0.027858594432473183,0.1443706601858139,6,1.0,0.00963903684169054,0.006415046285837889,1.5025670528411865,0.1327328234910965,36.778141021728516,-0.0015131197869778003,0.0027243387885391712,0.004246120806783438,0.0013332987437024713,-6.400863640042666e-06,-0.0015067189233377576,0.0017494227504357696,0.003610927378758788,0.046443138271570206,0.09243064373731613,0.0,215,1.075,0.052241966128349304,0.0015067189233377576
0.007387218065559864,0.0,168.13169860839844,0.0,7.790234088897705,2.0747861862182617,0.1359599381685257,2.0577356815338135,0.19299177825450897,80.92679595947266,4.5757471525575966e-05,0.007341460790485144,0.0027277006302028894,-4.3655745685100555e-11,0.00017155302339233458,0.9478796124458313,6.828742504119873,0.03788245469331741,0.0016766699263826013,-4.63825798034668,-5.047270774841309,1.0674912929534912,6,0.02771095559000969,0.14414729177951813,6,1.0,0.009628036990761757,0.006406285800039768,1.5029046535491943,0.13256630301475525,36.79580307006836,-0.001497007906436952,0.0027087880298495293,0.00425906153395772,0.0013181481044739485,-7.306807674499439e-06,-0.0014897010987624526,0.0017631640657782555,0.0036322029773145914,0.04577453434467316,0.09121833741664886,0.0,216,1.08,0.05223400145769119,0.0014897010987624526
0.007379768416285515,0.0,168.13172912597656,0.0,7.790234565734863,2.07478666305542,0.1359599381685257,2.0577356815338135,0.19299177825450897,80.92680358886719,4.5393971959128976e-05,0.0073343743570148945,0.0027265362441539764,-5.093170329928398e-11,0.00016969711577985436,0.9478878974914551,6.829253196716309,0.03786148503422737,0.0016835619462653995,-4.639393329620361,-5.048628807067871,1.0560336112976074,6,0.027563421055674553,0.14392365515232086,6,1.0,0.009617164731025696,0.006397619377821684,1.5032411813735962,0.13240167498588562,36.81317901611328,-0.0014801509678364117,0.0026932235341519117,0.004272401332855225,0.0013031329726800323,-7.3208939284402814e-06,-0.0014728300739079714,0.0017673198599368334,0.0036481639835983515,0.04504859074950218,0.08986354619264603,0.0,217,1.085,0.05222625285387039,0.0014728300739079714
0.0073724165558815,0.0,168.13172912597656,0.0,7.7902350425720215,2.074786424636841,0.1359599381685257,2.0577359199523926,0.19299177825450897,80.92680358886719,4.504636672209017e-05,0.007327370345592499,0.0027254088781774044,5.093170329928398e-11,0.00016790990775916725,0.9478989839553833,6.8297529220581055,0.037840768694877625,0.0016799381701275706,-4.64051628112793,-5.049973487854004,1.0460258722305298,6,0.02742045558989048,0.14370277523994446,6,1.0,0.009606422856450081,0.0063890498131513596,1.5035761594772339,0.13223902881145477,36.830238342285156,-0.0014623627066612556,0.0026781857013702393,0.004285551607608795,0.0012886578915640712,-5.794921889932386e-06,-0.0014565677847713232,0.0017680287128314376,0.003664060030132532,0.04436614364385605,0.0885767936706543,0.0,218,1.09,0.052218735218048096,0.0014565677847713232
0.007365144789218903,0.0,168.13174438476562,0.0,7.79023551940918,2.074786901473999,0.1359599381685257,2.0577361583709717,0.19299177825450897,80.92681121826172,4.470494604902342e-05,0.007320439908653498,0.0027242647483944893,-5.820766091346741e-11,0.00016615142521914095,0.9479129314422607,6.8302412033081055,0.037818968296051025,0.001677701249718666,-4.641627788543701,-5.051305770874023,1.0359041690826416,6,0.02727927267551422,0.14348307251930237,6,1.0,0.00959580298513174,0.006380570586770773,1.5039098262786865,0.1320781260728836,36.84699630737305,-0.0014474149793386767,0.002663260092958808,0.004298878833651543,0.0012743790866807103,-6.8843364715884085e-06,-0.0014405306428670883,0.001774741685949266,0.003683516988530755,0.04371107742190361,0.08738049119710922,0.0,219,1.095,0.05221150070428848,0.0014405305264517665
0.007357942406088114,0.0,168.1317596435547,0.0,7.79023551940918,2.07478666305542,0.1359599381685257,2.0577361583709717,0.19299177825450897,80.92680358886719,4.436716699274257e-05,0.007313575129956007,0.002723161829635501,-1.4551915228366852e-11,0.00016439572209492326,0.9479297995567322,6.830719947814941,0.037797536700963974,0.0016813687980175018,-4.642727851867676,-5.05262565612793,1.024764060974121,6,0.027137236669659615,0.14326906204223633,6,1.0,0.009585302323102951,0.006372181233018637,1.504241943359375,0.13191895186901093,36.863521575927734,-0.0014313496649265595,0.0026483277324587107,0.00431253295391798,0.0012601942289620638,-6.7597720772333714e-06,-0.0014245898928493261,0.0017722331685945392,0.00369332660920918,0.042966753244400024,0.0859309583902359,0.0,220,1.1,0.05220448970794678,0.0014245898928493261
0.007350831292569637,0.0,168.13177490234375,0.0,7.790236473083496,2.074786901473999,0.1359599381685257,2.057736396789551,0.19299177825450897,80.92681884765625,4.404920036904514e-05,0.007306782063096762,0.0027221045456826687,1.4551915228366852e-11,0.00016274212975986302,0.9479492902755737,6.8311872482299805,0.03777644783258438,0.0016760962316766381,-4.643815994262695,-5.0539326667785645,1.0152060985565186,6,0.027003103867173195,0.14305482804775238,6,1.0,0.00957492832094431,0.006363884545862675,1.504572868347168,0.13176172971725464,36.879859924316406,-0.0014157500118017498,0.0026341313496232033,0.004325727466493845,0.0012467482592910528,-6.259651854664426e-06,-0.0014094903599470854,0.0017799320630729198,0.0037123567890375853,0.04233289882540703,0.0847722515463829,0.0,221,1.105,0.052197739481925964,0.0014094903599470854
0.007343784905970097,0.0,168.1317596435547,0.0,7.790236473083496,2.074786901473999,0.1359599381685257,2.057736396789551,0.19299177825450897,80.92681884765625,4.373232877696864e-05,0.0073000527918338776,0.002721062395721674,2.9103830456733704e-11,0.00016108553973026574,0.9479717016220093,6.8316450119018555,0.03775574266910553,0.0016818378353491426,-4.644893169403076,-5.055228233337402,1.0047930479049683,6,0.02686803601682186,0.1428408920764923,6,1.0,0.009564668871462345,0.006355671212077141,1.5049030780792236,0.13160616159439087,36.89588928222656,-0.0014004763215780557,0.0026198197156190872,0.004339366685599089,0.00123331299982965,-6.077811121970537e-06,-0.0013943985104560852,0.0017846515402197838,0.003726537339389324,0.041651561856269836,0.08350854367017746,0.0,222,1.11,0.05219085514545441,0.0013943985104560852
0.007336826529353857,0.0,168.1317901611328,0.0,7.790236949920654,2.074787139892578,0.1359599381685257,2.057736396789551,0.19299177825450897,80.92681884765625,4.342925240052864e-05,0.007293397095054388,0.0027200481854379177,0.0,0.00015949108637869358,0.9479968547821045,6.83209228515625,0.03773534297943115,0.0016742676962167025,-4.64595890045166,-5.056511402130127,0.9956321120262146,6,0.026737364009022713,0.14263024926185608,6,1.0,0.009554529562592506,0.006347546819597483,1.5052318572998047,0.13145238161087036,36.91154861450195,-0.0013847835361957845,0.0026059856172651052,0.004352803807705641,0.001220339210703969,-4.953239113121913e-06,-0.0013798302970826626,0.001793654984794557,0.003744402201846242,0.041051629930734634,0.08240734785795212,0.0,223,1.115,0.052184030413627625,0.0013798302970826626
0.007329937070608139,0.0,168.13180541992188,0.0,7.7902374267578125,2.0747873783111572,0.1359599381685257,2.057736873626709,0.19299177825450897,80.92683410644531,4.3126063246745616e-05,0.007286810781806707,0.002719071228057146,0.0,0.0001578878436703235,0.948024332523346,6.832530498504639,0.037715278565883636,0.0016739211278036237,-4.647014141082764,-5.057783126831055,0.9856836199760437,6,0.02660532109439373,0.1424219161272049,6,1.0,0.009544500149786472,0.006339505314826965,1.5055590867996216,0.1313001811504364,36.927188873291016,-0.0013709068298340136,0.002591992262750864,0.004366678651422262,0.0012073204852640629,-5.698530003457733e-06,-0.001365208299830556,0.001792658120393753,0.0037590947467833757,0.04038333147764206,0.0811302661895752,0.0,224,1.12,0.05217740684747696,0.001365208299830556
0.007323117461055517,0.0,168.13182067871094,0.0,7.790237903594971,2.0747873783111572,0.1359599381685257,2.057737112045288,0.19299177825450897,80.92683410644531,4.282996087567881e-05,0.007280287332832813,0.002718132920563221,-2.1827872842550278e-11,0.00015630945563316345,0.9480547308921814,6.832958221435547,0.03769557923078537,0.0016727108741179109,-4.6480584144592285,-5.059042930603027,0.9760781526565552,6,0.02647448517382145,0.1422169953584671,6,1.0,0.009534585289657116,0.006331549026072025,1.505885124206543,0.13114967942237854,36.9422607421875,-0.0013570766896009734,0.0025781725998967886,0.004380660597234964,0.0011945273727178574,-6.239861249952546e-06,-0.0013508368283510208,0.0017955296207219362,0.003769985865801573,0.03971558436751366,0.07984014600515366,0.0,225,1.125,0.05217091739177704,0.0013508368283510208
0.00731636630371213,0.0,168.13182067871094,0.0,7.7902374267578125,2.0747873783111572,0.1359599381685257,2.057736873626709,0.19299177825450897,80.92683410644531,4.254323721397668e-05,0.007273823022842407,0.0027172276750206947,0.0,0.00015478342538699508,0.9480873346328735,6.833374977111816,0.03767620772123337,0.0016827627550810575,-4.649091720581055,-5.060291290283203,0.9659031629562378,6,0.026347698643803596,0.142009437084198,6,1.0,0.009524784982204437,0.006323674693703651,1.506210446357727,0.13100086152553558,36.957279205322266,-0.0013424083590507794,0.0025646581780165434,0.00439451402053237,0.0011821428779512644,-5.481997504858983e-06,-0.0013369263615459204,0.001804353785701096,0.0037829296197742224,0.039095234125852585,0.07870813459157944,0.0,226,1.1300000000000001,0.05216452106833458,0.0013369263615459204
0.00730969337746501,0.0,168.1318359375,0.0,7.790238380432129,2.0747876167297363,0.1359599381685257,2.057736873626709,0.19299177825450897,80.92683410644531,4.2267383832950145e-05,0.0072674257680773735,0.002716333605349064,-8.003553375601768e-11,0.00015330080350395292,0.9481223821640015,6.833783149719238,0.037657178938388824,0.0016770175425335765,-4.650113582611084,-5.061528205871582,0.9570158123970032,6,0.026223786175251007,0.14180701971054077,6,1.0,0.00951510388404131,0.006315882317721844,1.5065360069274902,0.13085375726222992,36.97196960449219,-0.001328205689787893,0.002551502548158169,0.0044083003886044025,0.001170072122476995,-4.832632839708124e-06,-0.001323373056948185,0.0018127290531992912,0.003798019839450717,0.03851470723748207,0.0776396244764328,0.0,227,1.135,0.05215796083211899,0.0013233729405328631
0.007303084246814251,0.0,168.13185119628906,0.0,7.790239334106445,2.0747880935668945,0.1359599381685257,2.057737350463867,0.19299177825450897,80.92684936523438,4.1993160266429186e-05,0.007261090911924839,0.0027154716663062572,2.9103830456733704e-11,0.00015182170318439603,0.9481598138809204,6.834181785583496,0.03763842582702637,0.0016747665358707309,-4.651125431060791,-5.062754154205322,0.9480640292167664,6,0.026099713519215584,0.14160658419132233,6,1.0,0.009505526162683964,0.006308168638497591,1.5068598985671997,0.13070815801620483,36.98657989501953,-0.0013147015124559682,0.002538280561566353,0.004422402009367943,0.0011580123100429773,-4.867557436255771e-06,-0.0013098339550197124,0.0018170891562476754,0.003813875373452902,0.03794145956635475,0.07662460207939148,0.0,228,1.1400000000000001,0.05215156823396683,0.0013098339550197124
0.00729654636234045,0.0,168.13186645507812,0.0,7.7902398109436035,2.0747878551483154,0.1359599381685257,2.057737350463867,0.19299177825450897,80.92684936523438,4.172378976363689e-05,0.0072548226453363895,0.002714641857892275,-1.4551915228366852e-11,0.00015035842079669237,0.9481998682022095,6.834571838378906,0.03762000799179077,0.0016673720674589276,-4.652127265930176,-5.063969135284424,0.9393808841705322,6,0.025976307690143585,0.14140640199184418,6,1.0,0.009496052749454975,0.006300532724708319,1.5071824789047241,0.1305641084909439,37.00088882446289,-0.0013010576367378512,0.0025251468177884817,0.004436655435711145,0.0011460739187896252,-4.625297151533703e-06,-0.0012964323395863175,0.001825503190048039,0.003829855704680085,0.03737904503941536,0.075599305331707,0.0,229,1.145,0.052145346999168396,0.0012964323395863175
0.007290073670446873,0.0,168.13186645507812,0.0,7.7902398109436035,2.0747880935668945,0.1359599381685257,2.0577375888824463,0.19299177825450897,80.92684936523438,4.1455336031503975e-05,0.007248618174344301,0.0027138455770909786,-3.637978807091713e-11,0.00014889086014591157,0.9482419490814209,6.834953308105469,0.03760182484984398,0.0016611256869509816,-4.653119087219238,-5.065173625946045,0.9304933547973633,7,0.025851862505078316,0.1412082314491272,7,1.0,0.009486683644354343,0.00629297224804759,1.5075044631958008,0.13042151927947998,37.014957427978516,-0.001287693157792119,0.00251192064024508,0.004451205022633076,0.0011341141071170568,-4.688161425320031e-06,-0.0012830049963667989,0.0018290678272023797,0.0038434024900197983,0.03678654879331589,0.07449972629547119,0.0,230,1.1500000000000001,0.05213932693004608,0.0012830049963667989
0.007283669430762529,0.0,168.13186645507812,0.0,7.7902398109436035,2.0747883319854736,0.1359599381685257,2.0577375888824463,0.19299177825450897,80.92684936523438,4.1192284697899595e-05,0.007242477033287287,0.0027130846865475178,-8.003553375601768e-11,0.0001474476302973926,0.9482865929603577,6.835326194763184,0.03758399561047554,0.001654747873544693,-4.654101371765137,-5.066367149353027,0.9217286109924316,7,0.025728950276970863,0.1410127431154251,7,1.0,0.009477414190769196,0.006285489536821842,1.5078243017196655,0.13028046488761902,37.02878952026367,-0.0012748409062624249,0.0024988313671201468,0.004465757869184017,0.0011223431210964918,-5.04998024555771e-06,-0.0012697909260168672,0.0018328484147787094,0.0038577041123062372,0.03620833158493042,0.07342531532049179,0.0,231,1.155,0.05213351175189018,0.0012697908096015453
0.007277325261384249,0.0,168.13189697265625,0.0,7.79024076461792,2.0747883319854736,0.1359599381685257,2.0577378273010254,0.19299177825450897,80.92686462402344,4.093146708328277e-05,0.0072363936342298985,0.0027123598847538233,3.637978807091713e-11,0.0001460085914004594,0.9483333826065063,6.835689544677734,0.03756653517484665,0.0016554277390241623,-4.655073642730713,-5.067549705505371,0.9125805497169495,7,0.025605710223317146,0.1408175230026245,7,1.0,0.00946824625134468,0.006278084125369787,1.5081425905227661,0.13014088571071625,37.04238510131836,-0.0012619420886040003,0.002485715551301837,0.004480525851249695,0.0011106418678537011,-5.29165845367021e-06,-0.00125665043015033,0.0018371895421296358,0.0038676373660564423,0.03559757024049759,0.07227008789777756,0.0,232,1.16,0.05212792009115219,0.00125665043015033
0.00727105000987649,0.0,168.1319122314453,0.0,7.790241718292236,2.0747883319854736,0.1359599381685257,2.0577380657196045,0.19299177825450897,80.92686462402344,4.068015914526768e-05,0.0072303698398172855,0.002711667213588953,-5.093170329928398e-11,0.00014461620594374835,0.9483823776245117,6.836043357849121,0.037549376487731934,0.0016512003494426608,-4.656035423278809,-5.068721294403076,0.9039798378944397,8,0.025485988706350327,0.14062456786632538,8,1.0,0.00945918820798397,0.006270756479352713,1.5084604024887085,0.13000285625457764,37.05573272705078,-0.0012487173080444603,0.002472944324836135,0.004495083354413509,0.0010992840398102999,-4.81703318658158e-06,-0.0012439002748578787,0.0018469431670382619,0.0038804574869573116,0.03502731770277023,0.07120347768068314,0.0,233,1.165,0.052122507244348526,0.0012439002748578787
0.007264838088303804,0.0,168.1319122314453,0.0,7.790241718292236,2.0747883319854736,0.1359599381685257,2.0577383041381836,0.19299177825450897,80.92686462402344,4.043400986120105e-05,0.007224404253065586,0.002711007371544838,2.1827872842550278e-11,0.00014324641961138695,0.9484336972236633,6.83638858795166,0.03753253072500229,0.0016460501356050372,-4.65698766708374,-5.069882392883301,0.8953754305839539,8,0.025367705151438713,0.14043457806110382,8,1.0,0.00945022702217102,0.006263501942157745,1.5087769031524658,0.12986627221107483,37.068904876708984,-0.0012360047549009588,0.0024603039491921663,0.004509662743657827,0.0010880945483222604,-4.663830623057117e-06,-0.0012313409242779016,0.0018544349586591125,0.0038941334933042526,0.03447047993540764,0.07019466906785965,0.0,234,1.17,0.052117303013801575,0.0012313409242779016
0.00725868996232748,0.0,168.13192749023438,0.0,7.790242671966553,2.0747885704040527,0.1359599381685257,2.0577383041381836,0.19299177825450897,80.9268798828125,4.01904180762358e-05,0.007218499667942524,0.0027103801257908344,-3.637978807091713e-11,0.00014188479690346867,0.9484866857528687,6.836725234985352,0.03751601278781891,0.001641737180761993,-4.657930374145508,-5.071033000946045,0.8868376612663269,8,0.02524968609213829,0.14024528861045837,8,1.0,0.00944136455655098,0.006256321910768747,1.509091854095459,0.12973114848136902,37.081825256347656,-0.0012235715985298417,0.002447651932016015,0.0045244707725942135,0.0010769555810838938,-4.731235094394479e-06,-0.0012188403634354472,0.0018594771390780807,0.003909029066562653,0.03392607718706131,0.06921254843473434,0.0,235,1.175,0.05211228132247925,0.0012188403634354472
0.007252602372318506,0.0,168.13192749023438,0.0,7.7902421951293945,2.074788808822632,0.1359599381685257,2.0577383041381836,0.19299177825450897,80.9268798828125,3.9949452911969274e-05,0.007212652824819088,0.0027097780257463455,1.4551915228366852e-11,0.00014052541519049555,0.9485423564910889,6.837053298950195,0.037499696016311646,0.0016371083911508322,-4.658863067626953,-5.072173118591309,0.8781827092170715,8,0.025131093338131905,0.14005862176418304,8,1.0,0.009432604536414146,0.006249215453863144,1.5094062089920044,0.12959745526313782,37.09461975097656,-0.0012112781405449172,0.00243499712087214,0.004539471119642258,0.0010658677201718092,-4.885019734527643e-06,-0.0012063931208103895,0.0018579332390800118,0.003919677808880806,0.03332925960421562,0.06808910518884659,0.0,236,1.18,0.05210740119218826,0.0012063931208103895
0.007246577180922031,0.0,168.13194274902344,0.0,7.790242671966553,2.074788808822632,0.1359599381685257,2.0577383041381836,0.19299177825450897,80.9268798828125,3.971569094574079e-05,0.007206861395388842,0.0027092094533145428,7.275957614183426e-12,0.00013920554192736745,0.9486000537872314,6.837371349334717,0.03748374432325363,0.0016361501766368747,-4.659786224365234,-5.073302745819092,0.8696223497390747,8,0.025015657767653465,0.13987459242343903,8,1.0,0.009423941373825073,0.006242182105779648,1.5097190141677856,0.12946519255638123,37.107086181640625,-0.0011991709470749157,0.0024225895758718252,0.004554335959255695,0.001055068918503821,-4.8964284360664655e-06,-0.0011942745186388493,0.0018595564179122448,0.0039331973530352116,0.03278428688645363,0.06711280345916748,0.0,237,1.185,0.05210273712873459,0.0011942745186388493
0.007240610662847757,0.0,168.13194274902344,0.0,7.790242671966553,2.0747885704040527,0.1359599381685257,2.0577383041381836,0.19299177825450897,80.9268798828125,3.948740049963817e-05,0.007201123051345348,0.002708669751882553,2.1827872842550278e-11,0.00013790640514343977,0.9486602544784546,6.837680816650391,0.03746806085109711,0.0016401263419538736,-4.660699844360352,-5.0744218826293945,0.8608430624008179,8,0.02490135468542576,0.13968941569328308,8,1.0,0.009415376000106335,0.006235221866518259,1.5100306272506714,0.12933439016342163,37.11917495727539,-0.001187110319733645,0.0024103301111608744,0.0045692333951592445,0.001044483738951385,-4.720175638820269e-06,-0.0011823901440948248,0.0018646953394636512,0.003942136652767658,0.03222859650850296,0.06607246398925781,0.0,238,1.19,0.05209822580218315,0.0011823901440948248
0.007234706077724695,0.0,168.1319580078125,0.0,7.790244102478027,2.074789047241211,0.1359599381685257,2.0577385425567627,0.19299177825450897,80.92688751220703,3.926631325157359e-05,0.007195439655333757,0.002708159387111664,5.093170329928398e-11,0.0001366372889606282,0.9487223625183105,6.837982177734375,0.037452682852745056,0.001636931556276977,-4.661602973937988,-5.075530529022217,0.8527504801750183,8,0.02478906325995922,0.13950702548027039,8,1.0,0.009406915865838528,0.006228334736078978,1.510342001914978,0.12920504808425903,37.131343841552734,-0.0011750496923923744,0.002398321870714426,0.004584010690450668,0.0010341305751353502,-4.281871952141643e-06,-0.0011707678204402328,0.0018652519211173058,0.003950984682887793,0.03168891370296478,0.06506121903657913,0.0,239,1.195,0.05209390074014664,0.0011707678204402328
0.007228860165923834,0.0,168.1319580078125,0.0,7.790244102478027,2.07478928565979,0.1359599381685257,2.0577385425567627,0.19299177825450897,80.92688751220703,3.9051079511409625e-05,0.007189808879047632,0.0027075582183897495,6.548361852765083e-11,0.00013539551582653075,0.9487860798835754,6.838274955749512,0.037436094135046005,0.0016315400134772062,-4.662497043609619,-5.076629638671875,0.8447737693786621,8,0.024678733199834824,0.1393265426158905,8,1.0,0.009398548863828182,0.006221513729542494,1.510653018951416,0.12907706201076508,37.143150329589844,-0.0011638738214969882,0.002386509906500578,0.004598681349307299,0.001023985561914742,-4.492816515291615e-06,-0.0011593810049816966,0.0018638432957231998,0.003960692323744297,0.031145688146352768,0.06403755396604538,0.0,240,1.2,0.052089761942625046,0.0011593811213970184
0.007223067339509726,0.0,168.13198852539062,0.0,7.7902445793151855,2.074789047241211,0.1359599381685257,2.057738780975342,0.19299177825450897,80.92689514160156,3.8841277273604646e-05,0.0071842260658741,0.0027069689240306616,7.275957614183426e-12,0.0001341910392511636,0.9488523006439209,6.838558197021484,0.0374196320772171,0.0016402648761868477,-4.663382053375244,-5.077718734741211,0.8362641334533691,8,0.024571789428591728,0.1391470730304718,8,1.0,0.009390274062752724,0.0062147630378603935,1.5109624862670898,0.12895040214061737,37.15475082397461,-0.00115255825221541,0.002374870702624321,0.004613291006535292,0.0010141057427972555,-4.261499270821279e-06,-0.0011482967529445887,0.001869161264039576,0.003974793944507837,0.03067232109606266,0.06325853615999222,0.0,241,1.205,0.05208578705787659,0.0011482967529445887
0.00721733458340168,0.0,168.13198852539062,0.0,7.790245056152344,2.074789524078369,0.1359599381685257,2.057739019393921,0.19299177825450897,80.92689514160156,3.8637368561467156e-05,0.007178697269409895,0.0027063593734055758,-7.275957614183426e-12,0.00013300219143275172,0.9489205479621887,6.838834762573242,0.03740334510803223,0.0016338370041921735,-4.664257526397705,-5.078797817230225,0.8287002444267273,8,0.02446543611586094,0.13896974921226501,8,1.0,0.009382094256579876,0.0062080807983875275,1.5112712383270264,0.12882515788078308,37.166133880615234,-0.0011413358151912932,0.0023634033277630806,0.004627957008779049,0.0010043489746749401,-3.984663635516611e-06,-0.0011373511515557766,0.0018787228036671877,0.003987802658230066,0.030197208747267723,0.06240977346897125,0.0,242,1.21,0.05208113044500351,0.0011373511515557766
0.007211653981357813,0.0,168.1320037841797,0.0,7.790245532989502,2.074789524078369,0.1359599381685257,2.057739019393921,0.19299177825450897,80.92691040039062,3.8434500311268494e-05,0.007173219695687294,0.0027057593688368797,-1.0913936421275139e-11,0.00013181146641727537,0.9489907622337341,6.839102745056152,0.03738734871149063,0.0016303809825330973,-4.665124416351318,-5.079867839813232,0.8210755586624146,8,0.024358320981264114,0.13879325985908508,8,1.0,0.009374002926051617,0.006201461888849735,1.5115795135498047,0.12870115041732788,37.17743682861328,-0.0011305790394544842,0.0023518772795796394,0.004642815329134464,0.00099460082128644,-4.16673719885372e-06,-0.0011264123022556305,0.0018846166785806417,0.003997660242021084,0.02971735969185829,0.06156138330698013,0.0,243,1.215,0.05207619071006775,0.0011264123022556305
0.007206028793007135,0.0,168.13201904296875,0.0,7.79024600982666,2.074789524078369,0.1359599381685257,2.057739496231079,0.19299177825450897,80.92691040039062,3.823581573669799e-05,0.00716779287904501,0.0027051856741309166,5.4569682106375694e-11,0.0001306435588048771,0.9490626454353333,6.839364051818848,0.037371646612882614,0.0016328450292348862,-4.665982723236084,-5.080928325653076,0.813153088092804,8,0.02425300143659115,0.1386195868253708,8,1.0,0.009365998208522797,0.006194909568876028,1.5118862390518188,0.12857842445373535,37.1883544921875,-0.0011197756975889444,0.0023404741659760475,0.004657621495425701,0.0009850310161709785,-4.101078957343112e-06,-0.0011156746186316013,0.0018836157396435738,0.0040083108469843864,0.02921377308666706,0.0606728196144104,0.0,244,1.22,0.052071403712034225,0.0011156746186316013
0.007200456224381924,0.0,168.13201904296875,0.0,7.790246486663818,2.0747900009155273,0.1359599381685257,2.0577392578125,0.19299177825450897,80.92691040039062,3.804402149398811e-05,0.007162412162870169,0.002704635029658675,-1.8189894035458565e-11,0.00012950408563483506,0.9491367340087891,6.8396172523498535,0.037356168031692505,0.0016278841067105532,-4.666831970214844,-5.081979274749756,0.8054811358451843,8,0.024149656295776367,0.13844482600688934,8,1.0,0.009358083829283714,0.006188422441482544,1.5121921300888062,0.12845700979232788,37.199188232421875,-0.0011095777153969047,0.002329327166080475,0.004672300536185503,0.0009756839135661721,-4.389672540151867e-06,-0.0011051880428567529,0.0018849385669454932,0.004018574953079224,0.02873423881828785,0.05982331559062004,0.0,245,1.225,0.052066728472709656,0.0011051880428567529
0.007194933015853167,0.0,168.13201904296875,0.0,7.790246486663818,2.0747900009155273,0.1359599381685257,2.0577392578125,0.19299177825450897,80.92691040039062,3.785803710343316e-05,0.007157074753195047,0.002704107668250799,-6.184563972055912e-11,0.00012838435941375792,0.949212908744812,6.83986234664917,0.03734093904495239,0.0016256979433819652,-4.667672634124756,-5.08302116394043,0.7980039715766907,8,0.024047276005148888,0.13827361166477203,8,1.0,0.009350256994366646,0.006181998178362846,1.5124975442886353,0.1283368617296219,37.209651947021484,-0.0010990537703037496,0.0023183857556432486,0.004686891566962004,0.0009665655670687556,-4.103756509744698e-06,-0.001094950013794005,0.0018793509807437658,0.0040212455205619335,0.02822636067867279,0.058846987783908844,0.0,246,1.23,0.05206218734383583,0.001094949897378683
0.007189465686678886,0.0,168.13201904296875,0.0,7.790246486663818,2.074789524078369,0.1359599381685257,2.0577392578125,0.19299177825450897,80.92691040039062,3.7682370020775124e-05,0.0071517834439873695,0.0027036136016249657,5.4569682106375694e-11,0.00012732793402392417,0.9492905139923096,6.840099811553955,0.03732607886195183,0.0016215963987633586,-4.6685051918029785,-5.084053993225098,0.7912293076515198,8,0.0239507257938385,0.1381026655435562,8,1.0,0.009342512115836143,0.006175636313855648,1.5128015279769897,0.12821796536445618,37.220176696777344,-0.0010889954864979022,0.002307930262759328,0.004700991790741682,0.0009578854660503566,-3.78210097553666e-06,-0.0010852133855223656,0.001885649049654603,0.004031638614833355,0.0278029665350914,0.058117493987083435,0.0,247,1.235,0.05205784738063812,0.0010852133855223656
0.007184043060988188,0.0,168.1320343017578,0.0,7.790246486663818,2.074789524078369,0.1359599381685257,2.057739496231079,0.19299177825450897,80.92691040039062,3.750834730453789e-05,0.007146534509956837,0.0027028564363718033,1.0913936421275139e-11,0.0001262737496290356,0.9493697881698608,6.840330123901367,0.03731146454811096,0.0016232500784099102,-4.66933012008667,-5.085078239440918,0.7839502692222595,8,0.023853840306401253,0.13793537020683289,8,1.0,0.009334844537079334,0.0061693331226706505,1.5131043195724487,0.1281001716852188,37.230499267578125,-0.0010794959962368241,0.0022974726743996143,0.00471517676487565,0.0009492664248682559,-3.95579263570223e-06,-0.001075540203601122,0.0018822025740519166,0.004037303850054741,0.02732185460627079,0.057230714708566666,0.0,248,1.24,0.05205126106739044,0.001075540203601122
0.007178670726716518,0.0,168.13204956054688,0.0,7.790247440338135,2.0747900009155273,0.1359599381685257,2.057739734649658,0.19299177825450897,80.92692565917969,3.734413257916458e-05,0.007141326554119587,0.002702094614505768,1.0913936421275139e-11,0.00012527205399237573,0.9494508504867554,6.840551853179932,0.03729709982872009,0.0016195919597521424,-4.670146942138672,-5.086093902587891,0.7770959734916687,8,0.02376151829957962,0.13776814937591553,8,1.0,0.009327257983386517,0.006163089536130428,1.5134061574935913,0.12798358500003815,37.240482330322266,-0.0010705552995205153,0.0022874686401337385,0.004728967789560556,0.0009410381317138672,-4.245084710441946e-06,-0.0010663102148100734,0.0018872440559789538,0.004046271555125713,0.026909127831459045,0.05650892108678818,0.0,249,1.245,0.05204455927014351,0.0010663102148100734
0.007173337507992983,0.0,168.1320343017578,0.0,7.790246963500977,2.0747900009155273,0.1359599381685257,2.057739734649658,0.19299177825450897,80.92691802978516,3.718217703863047e-05,0.0071361553855240345,0.002701359335333109,2.546585164964199e-11,0.0001242796570295468,0.9495335817337036,6.8407673835754395,0.037282999604940414,0.0016367888310924172,-4.670956134796143,-5.087100982666016,0.7691588401794434,8,0.023669643327593803,0.1376039981842041,8,1.0,0.009319747798144817,0.006156905088573694,1.5137065649032593,0.12786811590194702,37.25044631958008,-0.001061521470546745,0.0022774911485612392,0.004742856603115797,0.0009329696767963469,-4.272093065105578e-06,-0.0010572493774816394,0.0018903539748862386,0.00404741894453764,0.026438405737280846,0.055648136883974075,0.0,250,1.25,0.052038028836250305,0.0010572493774816394
0.007168055512011051,0.0,168.132080078125,0.0,7.790247917175293,2.0747904777526855,0.1359599381685257,2.057739496231079,0.19299177825450897,80.92693328857422,3.7035104469396174e-05,0.007131020538508892,0.002700649667531252,-3.637978807091713e-12,0.00012336885265540332,0.9496175050735474,6.840975284576416,0.037269122898578644,0.0016340245492756367,-4.671756267547607,-5.088099956512451,0.7626764178276062,8,0.023585302755236626,0.13743987679481506,8,1.0,0.00931232888251543,0.006150776986032724,1.5140085220336914,0.12775397300720215,37.260093688964844,-0.00105220824480059,0.002268262440338731,0.004756055306643248,0.0009254474425688386,-3.3919932320937343e-06,-0.0010488162515684962,0.0018947485368698835,0.004058938939124346,0.026059046387672424,0.05502912029623985,0.0,251,1.2550000000000001,0.05203164368867874,0.0010488162515684962
0.007162815425544977,0.0,168.132080078125,0.0,7.790248394012451,2.0747904777526855,0.1359599381685257,2.0577402114868164,0.19299177825450897,80.92694091796875,3.688954529934563e-05,0.007125925738364458,0.002699961420148611,0.0,0.00012245458492543548,0.9497032761573792,6.841176986694336,0.03725554794073105,0.001632085070014,-4.672549247741699,-5.089090824127197,0.7562653422355652,8,0.023500055074691772,0.13727611303329468,8,1.0,0.009304981678724289,0.006144703831523657,1.5143091678619385,0.12764090299606323,37.26982879638672,-0.0010438263416290507,0.0022590109147131443,0.004769463557749987,0.0009179440094158053,-3.4277327358946032e-06,-0.001040398608893156,0.0018950642552226782,0.0040654633194208145,0.025639524683356285,0.05426350608468056,0.0,252,1.26,0.052025385200977325,0.001040398608893156
0.007157617248594761,0.0,168.132080078125,0.0,7.790248394012451,2.0747904777526855,0.1359599381685257,2.0577399730682373,0.19299177825450897,80.92694091796875,3.674873732961714e-05,0.007120868656784296,0.0026992971543222666,1.0913936421275139e-11,0.00012156636512372643,0.9497904777526855,6.841371536254883,0.03724216669797897,0.001629626378417015,-4.67333459854126,-5.090074062347412,0.7499608397483826,8,0.02341713197529316,0.13711421191692352,8,1.0,0.009297710843384266,0.006138683762401342,1.5146098136901855,0.12752887606620789,37.27923583984375,-0.0010357238352298958,0.002249943558126688,0.00478278286755085,0.0009106152574531734,-3.5421689972502633e-06,-0.0010321816662326455,0.0018994417041540146,0.00407515000551939,0.025270506739616394,0.05366165563464165,0.0,253,1.2650000000000001,0.052019283175468445,0.0010321816662326455
0.0071524581871926785,0.0,168.13209533691406,0.0,7.790249347686768,2.0747904777526855,0.1359599381685257,2.0577402114868164,0.19299177825450897,80.92694091796875,3.661008668132126e-05,0.007115847896784544,0.0026986561715602875,3.637978807091713e-12,0.00012068492651451379,0.9498791694641113,6.841559410095215,0.03722905367612839,0.001632596249692142,-4.6741132736206055,-5.091049671173096,0.7433570027351379,8,0.02333454228937626,0.1372263878583908,8,1.0,0.009290507063269615,0.006132715847343206,1.5149091482162476,0.12741787731647491,37.288612365722656,-0.0010283663868904333,0.0022408992517739534,0.0047962358221411705,0.0009033604874275625,-4.32098750027224e-06,-0.001024045399390161,0.0019028313690796494,0.0040827407501637936,0.024900278076529503,0.05306040868163109,0.0,254,1.27,0.0520133376121521,0.001024045399390161
0.007147333584725857,0.0,168.13211059570312,0.0,7.790249824523926,2.0747907161712646,0.1359599381685257,2.0577402114868164,0.19299177825450897,80.92694091796875,3.6476827517617494e-05,0.00711085693910718,0.0026980293914675713,3.637978807091713e-11,0.00011983307194896042,0.9499698877334595,6.841741561889648,0.037216056138277054,0.0016430328832939267,-4.67488431930542,-5.092017650604248,0.7363101840019226,8,0.023254670202732086,0.13736799359321594,8,1.0,0.009283379651606083,0.006126800552010536,1.51520836353302,0.12730799615383148,37.29764175415039,-0.0010200776159763553,0.002232068683952093,0.004809609614312649,0.0008963416330516338,-3.902940079591501e-06,-0.0010161746758967638,0.0019048399990424514,0.004090809263288975,0.024513352662324905,0.052452605217695236,0.0,255,1.2750000000000001,0.05200745910406113,0.0010161746758967638
0.007142257411032915,0.0,168.13211059570312,0.0,7.790249824523926,2.0747907161712646,0.1359599381685257,2.0577402114868164,0.19299177825450897,80.92694091796875,3.635269240476191e-05,0.007105904631316662,0.0026973355561494827,-7.275957614183426e-12,0.00011902117694262415,0.9500619173049927,6.841917037963867,0.037201888859272,0.001647063996642828,-4.675647735595703,-5.092977523803711,0.7302992343902588,8,0.02317812480032444,0.1375088095664978,8,1.0,0.009276328608393669,0.006120940204709768,1.5155071020126343,0.12719926238059998,37.306697845458984,-0.0010123942047357776,0.0022236488293856382,0.004822784569114447,0.0008896540966816247,-3.7188874557831167e-06,-0.0010086753172799945,0.0019087092950940132,0.004097804427146912,0.024170788004994392,0.05187516286969185,0.0,256,1.28,0.0520017072558403,0.0010086753172799945
0.007137209642678499,0.0,168.13211059570312,0.0,7.790250301361084,2.0747907161712646,0.1359599381685257,2.0577406883239746,0.19299177825450897,80.92694854736328,3.6231311241863295e-05,0.007100978400558233,0.002696615643799305,2.1827872842550278e-11,0.00011822002124972641,0.9501553773880005,6.8420867919921875,0.03718715161085129,0.0016533697489649057,-4.6764044761657715,-5.093930244445801,0.723616898059845,8,0.023102328181266785,0.13764967024326324,8,1.0,0.009269343689084053,0.006115129217505455,1.5158050060272217,0.12709149718284607,37.31550598144531,-0.0010051298886537767,0.0022153069730848074,0.00483598792925477,0.0008830625447444618,-3.847293555758009e-06,-0.0010012825950980186,0.0019079112680628896,0.004103490151464939,0.023789076134562492,0.051243241876363754,0.0,257,1.285,0.05199611932039261,0.0010012825950980186
0.0071322061121463776,0.0,168.1321258544922,0.0,7.790250778198242,2.0747907161712646,0.1359599381685257,2.0577406883239746,0.19299177825450897,80.92695617675781,3.6117427953286096e-05,0.007096088491380215,0.0026959176175296307,-4.001776687800884e-11,0.00011745180381694809,0.9502504467964172,6.842249870300293,0.037172600626945496,0.0016578061040490866,-4.677154064178467,-5.094875812530518,0.7177656888961792,8,0.023029278963804245,0.1377905309200287,8,1.0,0.009262429550290108,0.006109367590397596,1.5161027908325195,0.1269848346710205,37.324249267578125,-0.0009968876838684295,0.002207297133281827,0.0048490469343960285,0.0008767492254264653,-2.686632797143252e-06,-0.0009942010510712862,0.00190570333506912,0.004107320215553045,0.023440664634108543,0.05065613240003586,0.0,258,1.29,0.05199066177010536,0.0009942010510712862
0.007127240765839815,0.0,168.13214111328125,0.0,7.7902512550354,2.074791193008423,0.1359599381685257,2.0577406883239746,0.19299177825450897,80.92695617675781,3.600956915761344e-05,0.007091231178492308,0.002695237984880805,-3.637978807091713e-11,0.00011671394167933613,0.9503467679023743,6.842406272888184,0.03715827316045761,0.001654406194575131,-4.677896976470947,-5.0958147048950195,0.7128705382347107,9,0.022959029302001,0.13793131709098816,9,1.0,0.009255582466721535,0.006103651598095894,1.5164008140563965,0.12687914073467255,37.33290100097656,-0.0009899958968162747,0.0021995571441948414,0.004861955996602774,0.000870631483849138,-2.6504276320548584e-06,-0.0009873454691842198,0.001909455400891602,0.0041153463535010815,0.023148370906710625,0.05021128058433533,0.0,259,1.295,0.051985301077365875,0.0009873454691842198
0.007122306153178215,0.0,168.13214111328125,0.0,7.7902512550354,2.0747909545898438,0.1359599381685257,2.0577409267425537,0.19299177825450897,80.92696380615234,3.590170672396198e-05,0.007086404599249363,0.0026945790741592646,-7.275957614183426e-12,0.00011597076081670821,0.9504445791244507,6.842557907104492,0.03714417293667793,0.0016519470373168588,-4.6786346435546875,-5.096747398376465,0.7074360251426697,9,0.02288791909813881,0.1380721479654312,9,1.0,0.00924878939986229,0.006097978446632624,1.516697645187378,0.12677423655986786,37.341373443603516,-0.0009831041097641202,0.0021917575504630804,0.004874976351857185,0.0008644909830763936,-2.6423949748488e-06,-0.0009804617147892714,0.001911261468194425,0.004120967350900173,0.0228362325578928,0.04969966411590576,0.0,260,1.3,0.051980093121528625,0.0009804617147892714
0.007117409724742174,0.0,168.13214111328125,0.0,7.7902512550354,2.074791193008423,0.1359599381685257,2.0577406883239746,0.19299177825450897,80.92695617675781,3.579730764613487e-05,0.007081612478941679,0.0026939120143651962,2.1827872842550278e-11,0.00011524347064550966,0.9505436420440674,6.842704772949219,0.03712986409664154,0.001645306940190494,-4.679366111755371,-5.097673416137695,0.7024426460266113,9,0.022818170487880707,0.13821248710155487,9,1.0,0.009242057800292969,0.006092351395636797,1.516993522644043,0.126670241355896,37.34971618652344,-0.0009765382856130808,0.002184089971706271,0.004887957591563463,0.0008584572933614254,-2.837507054230526e-06,-0.0009737007785588503,0.0019143776735290885,0.004128540400415659,0.022534824907779694,0.04921778663992882,0.0,261,1.305,0.05197500064969063,0.0009737007785588503
0.007112540770322084,0.0,168.13217163085938,0.0,7.790252685546875,2.074791669845581,0.1359599381685257,2.057741165161133,0.19299177825450897,80.92697143554688,3.569246473489329e-05,0.0070768482983112335,0.002693245653063059,0.0,0.00011451497994130477,0.9506440162658691,6.842846393585205,0.03711549937725067,0.0016459053149446845,-4.680091857910156,-5.098593235015869,0.6968911290168762,9,0.022748351097106934,0.1383528858423233,9,1.0,0.009235383942723274,0.0060867671854794025,1.5172888040542603,0.1265670657157898,37.35793685913086,-0.0009697396308183877,0.0021763243712484837,0.004901128355413675,0.0008523965952917933,-2.8280774131624357e-06,-0.0009669115534052253,0.0019160262309014797,0.004137465730309486,0.02224133536219597,0.048802051693201065,0.0,262,1.31,0.05197003111243248,0.0009669115534052253
0.0071077123284339905,0.0,168.13217163085938,0.0,7.790253162384033,2.074791669845581,0.1359599381685257,2.057741165161133,0.19299177825450897,80.92697143554688,3.5591237974585965e-05,0.007072120904922485,0.0026925939600914717,0.0,0.00011379674833733588,0.9507459402084351,6.842982769012451,0.037101276218891144,0.0016393496189266443,-4.680811405181885,-5.099506378173828,0.6919635534286499,9,0.022679049521684647,0.13849283754825592,9,1.0,0.009228771552443504,0.006081228610128164,1.5175833702087402,0.1264648139476776,37.36598205566406,-0.0009626615792513099,0.0021686928812414408,0.0049142842181026936,0.000846432987600565,-2.4318578653242462e-06,-0.0009602297213859856,0.0019193481421098113,0.004144733771681786,0.02195160463452339,0.0483272522687912,0.0,263,1.315,0.051965150982141495,0.0009602297213859856
0.0071029141545295715,0.0,168.13217163085938,0.0,7.790252208709717,2.074791193008423,0.1359599381685257,2.057741403579712,0.19299177825450897,80.92697143554688,3.548919630702585e-05,0.007067425176501274,0.0026919636875391006,-1.4551915228366852e-11,0.00011306783562758937,0.9508488774299622,6.843114376068115,0.03708735480904579,0.00164054858032614,-4.681525707244873,-5.1004133224487305,0.6868131160736084,9,0.022608311846852303,0.13863249123096466,9,1.0,0.009222212247550488,0.006075732409954071,1.5178766250610352,0.1263633370399475,37.37379455566406,-0.0009562820196151937,0.0021609480027109385,0.004927618894726038,0.0008404366672039032,-2.7774949558283073e-06,-0.0009535045246593654,0.0019120933720842004,0.004146483261138201,0.02162035182118416,0.04773663729429245,0.0,264,1.32,0.05196041613817215,0.0009535045246593654
0.007098149508237839,0.0,168.13218688964844,0.0,7.790253162384033,2.074791669845581,0.1359599381685257,2.057741403579712,0.19299177825450897,80.92697143554688,3.5392906283959746e-05,0.007062756456434727,0.002691355999559164,2.9103830456733704e-11,0.00011237212311243638,0.95095294713974,6.843239784240723,0.03707364201545715,0.0016365224728360772,-4.682233810424805,-5.101314067840576,0.6819544434547424,9,0.022540729492902756,0.1387721300125122,9,1.0,0.00921571347862482,0.006070278584957123,1.5181697607040405,0.12626272439956665,37.38167953491211,-0.0009494833648205006,0.0021535016130656004,0.004940659273415804,0.0008346677059307694,-2.4435576051676363e-06,-0.000947039807215333,0.0019151883898302913,0.00415201298892498,0.021337805315852165,0.04728144779801369,0.0,265,1.325,0.05195581912994385,0.000947039807215333
0.007093419320881367,0.0,168.13221740722656,0.0,7.79025411605835,2.074791669845581,0.1359599381685257,2.057741641998291,0.19299177825450897,80.9269790649414,3.529768218868412e-05,0.007058121729642153,0.0026907683350145817,3.637978807091713e-11,0.0001116809798986651,0.9510583877563477,6.84335994720459,0.03706011176109314,0.0016345541225746274,-4.682936668395996,-5.102208614349365,0.6766293048858643,10,0.022473463788628578,0.13891160488128662,10,1.0,0.009209268726408482,0.006064867600798607,1.5184615850448608,0.12616291642189026,37.389305114746094,-0.0009429641067981921,0.002146065002307296,0.004953727591782808,0.000828929478302598,-2.353684976717026e-06,-0.000940610421821475,0.0019154124893248081,0.004157635848969221,0.02104203961789608,0.04682769626379013,0.0,266,1.33,0.05195134878158569,0.0009406104800291359
0.007088719867169857,0.0,168.13221740722656,0.0,7.79025411605835,2.07479190826416,0.1359599381685257,2.057741403579712,0.19299177825450897,80.92698669433594,3.5207849578000605e-05,0.0070535121485590935,0.0026901978999376297,-7.275957614183426e-12,0.0001110216326196678,0.951164722442627,6.843475341796875,0.03704683110117912,0.0016400533495470881,-4.683633804321289,-5.103096961975098,0.671493649482727,10,0.0224093459546566,0.1390507072210312,10,1.0,0.00920287985354662,0.006059498526155949,1.5187526941299438,0.1260639727115631,37.39679718017578,-0.0009366776794195375,0.0021388831082731485,0.00496663898229599,0.0008234466658905149,-2.2093881853124317e-06,-0.000934468291234225,0.0019181102979928255,0.004164063837379217,0.020749365910887718,0.04640411585569382,0.0,267,1.335,0.05194699019193649,0.000934468291234225
0.0070840525440871716,0.0,168.13223266601562,0.0,7.790255069732666,2.0747921466827393,0.1359599381685257,2.05774188041687,0.19299177825450897,80.92699432373047,3.5123277484672144e-05,0.007048929110169411,0.0026896456256508827,1.4551915228366852e-11,0.0001103842441807501,0.9512726664543152,6.843585014343262,0.03703370690345764,0.0016398673178628087,-4.684324741363525,-5.103979110717773,0.6664371490478516,10,0.022347014397382736,0.13918966054916382,10,1.0,0.009196553379297256,0.006054171826690435,1.519044041633606,0.125965878367424,37.40413284301758,-0.0009307637810707291,0.002131951041519642,0.004979398567229509,0.0008181488374248147,-2.2306921892066523e-06,-0.0009285330888815224,0.0019202283583581448,0.0041694059036672115,0.02047097496688366,0.04596293345093727,0.0,268,1.34,0.05194273591041565,0.0009285330888815224
0.00707941222935915,0.0,168.13223266601562,0.0,7.790255069732666,2.0747921466827393,0.1359599381685257,2.057741641998291,0.19299177825450897,80.92699432373047,3.504093547235243e-05,0.0070443712174892426,0.002689048647880554,1.8189894035458565e-11,0.00010975442273775116,0.9513816237449646,6.843689441680908,0.03701917082071304,0.0016411588294431567,-4.6850104331970215,-5.104855537414551,0.6616546511650085,10,0.022285213693976402,0.13932819664478302,10,1.0,0.009190278127789497,0.006048884242773056,1.5193344354629517,0.12586860358715057,37.41129684448242,-0.0009250361472368438,0.0021250806748867035,0.004992213565856218,0.0008129219640977681,-2.359738573451701e-06,-0.0009226764086633921,0.0019186688587069511,0.004173528868705034,0.020210223272442818,0.045553047209978104,0.0,269,1.345,0.05193857103586197,0.0009226764086633921
0.007074802182614803,0.0,168.1322479248047,0.0,7.790255546569824,2.0747923851013184,0.1359599381685257,2.05774188041687,0.19299177825450897,80.927001953125,3.496132558211684e-05,0.0070398407988250256,0.0026884598191827536,1.0913936421275139e-11,0.00010913502046605572,0.9514919519424438,6.843789577484131,0.037004537880420685,0.0016369493678212166,-4.685690402984619,-5.10572624206543,0.6573187708854675,10,0.02222415991127491,0.13946686685085297,10,1.0,0.00918405968695879,0.006043635308742523,1.5196250677108765,0.12577208876609802,37.418365478515625,-0.0009192153811454969,0.0021183250937610865,0.005004962906241417,0.0008077705278992653,-2.309854608048751e-06,-0.0009169055265374482,0.0019212359329685569,0.004177796188741922,0.01996489241719246,0.045181870460510254,0.0,270,1.35,0.05193452909588814,0.0009169055265374482
0.007070220075547695,0.0,168.13223266601562,0.0,7.790255546569824,2.0747923851013184,0.1359599381685257,2.05774188041687,0.19299177825450897,80.92699432373047,3.4882676118286327e-05,0.007035337388515472,0.00268789054825902,2.9103830456733704e-11,0.00010851799743250012,0.95160311460495,6.843884468078613,0.03699013963341713,0.0016347903292626143,-4.686365604400635,-5.10659122467041,0.6527144312858582,10,0.022163113579154015,0.13960476219654083,10,1.0,0.009177889674901962,0.0060384259559214115,1.5199142694473267,0.12567631900310516,37.4254150390625,-0.0009137671440839963,0.0021115841809660196,0.005017715971916914,0.0008026501745916903,-2.5989720598058354e-06,-0.0009111681720241904,0.001920104492455721,0.004180294461548328,0.019701311364769936,0.04477381706237793,0.0,271,1.355,0.05193058401346207,0.0009111681720241904
0.0070656645111739635,0.0,168.1322479248047,0.0,7.790256023406982,2.0747923851013184,0.1359599381685257,2.057742118835449,0.19299177825450897,80.927001953125,3.4808737837010995e-05,0.007030855864286423,0.002687339670956135,1.4551915228366852e-11,0.00010793170076794922,0.951715350151062,6.843976020812988,0.036975935101509094,0.001638671732507646,-4.687036037445068,-5.10745096206665,0.6481329798698425,10,0.022105243057012558,0.13974308967590332,10,1.0,0.009171765297651291,0.006033251993358135,1.52020263671875,0.12558124959468842,37.432254791259766,-0.0009078998118639186,0.002105090534314513,0.005030250642448664,0.0007977650966495275,-2.2030435502723216e-06,-0.0009056967683136463,0.0019139142241328955,0.004184802062809467,0.019451601430773735,0.044416703283786774,0.0,272,1.36,0.051926806569099426,0.0009056967683136463
0.007061141077429056,0.0,168.13226318359375,0.0,7.790256023406982,2.0747923851013184,0.1359599381685257,2.0577423572540283,0.19299177825450897,80.927001953125,3.473827018751763e-05,0.007026402745395899,0.002686805324628949,3.2741809263825417e-11,0.00010735860996646807,0.9518288373947144,6.844060897827148,0.03696195408701897,0.0016348669305443764,-4.687701225280762,-5.108304977416992,0.643976628780365,10,0.022048451006412506,0.13988088071346283,10,1.0,0.009165694937109947,0.00602811761200428,1.5204904079437256,0.12548696994781494,37.4389762878418,-0.0009020324796438409,0.0020987452007830143,0.005042740143835545,0.0007929730927571654,-1.700827851910708e-06,-0.0009003316517919302,0.0019149677827954292,0.004190356470644474,0.019211428239941597,0.044048357754945755,0.0,273,1.365,0.05192309245467186,0.0009003317099995911
0.007056644186377525,0.0,168.1322784423828,0.0,7.790256977081299,2.0747926235198975,0.1359599381685257,2.0577423572540283,0.19299177825450897,80.92700958251953,3.466829366516322e-05,0.007021975703537464,0.0026862879749387503,-3.637978807091713e-11,0.00010678217222448438,0.9519432783126831,6.844141483306885,0.03694813326001167,0.0016343892784789205,-4.688361644744873,-5.109153747558594,0.6395370364189148,10,0.021990956738591194,0.14001820981502533,10,1.0,0.009159671142697334,0.006023018155246973,1.5207775831222534,0.1253933608531952,37.44558334350586,-0.0008971430361271095,0.00209237658418715,0.0050553143955767155,0.0007881933124735951,-2.167478669453868e-06,-0.0008949755574576557,0.0019112237496301532,0.0041917674243450165,0.018976228311657906,0.04367643967270851,0.0,274,1.37,0.05191947519779205,0.0008949754992499948
0.007052169647067785,0.0,168.1322784423828,0.0,7.790256500244141,2.0747928619384766,0.1359599381685257,2.0577423572540283,0.19299177825450897,80.927001953125,3.460178413661197e-05,0.007017567753791809,0.0026857878547161818,-1.8189894035458565e-11,0.00010623317211866379,0.9520589709281921,6.844217777252197,0.0369345098733902,0.0016354435356333852,-4.689017295837402,-5.109997272491455,0.6352518796920776,10,0.02193659171462059,0.14015556871891022,10,1.0,0.009153694845736027,0.006017955020070076,1.521064043045044,0.12530046701431274,37.45196533203125,-0.0008917879313230704,0.0020861835218966007,0.005067735910415649,0.0007835655123926699,-1.989246811736722e-06,-0.0008897986845113337,0.00191601924598217,0.004200139548629522,0.01876419223845005,0.04345102608203888,0.0,275,1.375,0.051915980875492096,0.0008897986845113337
0.007047726307064295,0.0,168.13229370117188,0.0,7.790257453918457,2.0747926235198975,0.1359599381685257,2.0577423572540283,0.19299177825450897,80.92700958251953,3.453520548646338e-05,0.007013191003352404,0.0026852732989937067,9.458744898438454e-11,0.00010567261051619425,0.9521755576133728,6.844290733337402,0.036921028047800064,0.0016286191530525684,-4.689667701721191,-5.110836029052734,0.6311576962471008,10,0.02188071981072426,0.1402662992477417,10,1.0,0.009147770702838898,0.006012924946844578,1.5213512182235718,0.1252082735300064,37.45835494995117,-0.0008869450539350698,0.0020798954647034407,0.005080428905785084,0.0007788414368405938,-2.431101165730745e-06,-0.0008845139527693391,0.0019200422102585435,0.004207876976579428,0.018557196483016014,0.04318623244762421,0.0,276,1.3800000000000001,0.05191236734390259,0.0008845140691846609
0.007043300196528435,0.0,168.13230895996094,0.0,7.790257453918457,2.0747928619384766,0.1359599381685257,2.0577425956726074,0.19299177825450897,80.92701721191406,3.446759728831239e-05,0.007008832413703203,0.0026846749242395163,5.4569682106375694e-11,0.00010510260472074151,0.9522932767868042,6.844359397888184,0.03690764680504799,0.0016411106334999204,-4.690313816070557,-5.111669540405273,0.626090407371521,10,0.02182363159954548,0.14028935134410858,10,1.0,0.009141888469457626,0.006007929798215628,1.5216370820999146,0.1251167207956314,37.4646110534668,-0.0008816830813884923,0.0020734781865030527,0.00509333610534668,0.0007741343579255044,-2.4461769499072245e-06,-0.000879236904438585,0.001918678404763341,0.00420765345916152,0.018278567120432854,0.04270850121974945,0.0,277,1.385,0.05190816521644592,0.000879236962646246
0.00703890947625041,0.0,168.13230895996094,0.0,7.790258407592773,2.0747928619384766,0.1359599381685257,2.0577428340911865,0.19299177825450897,80.92701721191406,3.440757791395299e-05,0.007004501763731241,0.0026840628124773502,-7.275957614183426e-12,0.00010457087773829699,0.9524120092391968,6.84442138671875,0.036894023418426514,0.001634332351386547,-4.690954208374023,-5.112497329711914,0.6223605871200562,10,0.021770186722278595,0.14031177759170532,10,1.0,0.009136063046753407,0.006002973299473524,1.5219229459762573,0.12502603232860565,37.47067642211914,-0.0008767470717430301,0.002067500725388527,0.005105835851281881,0.0007696732063777745,-2.5029876269586603e-06,-0.0008742440841160715,0.0019205547869205475,0.004212416708469391,0.01808055117726326,0.042406223714351654,0.0,278,1.3900000000000001,0.051903992891311646,0.0008742440841160715
0.007034532725811005,0.0,168.13232421875,0.0,7.790258884429932,2.0747933387756348,0.1359599381685257,2.0577430725097656,0.19299177825450897,80.92703247070312,3.434644531807862e-05,0.00700018648058176,0.002683327067643404,4.001776687800884e-11,0.00010403200576547533,0.9525313377380371,6.844480514526367,0.03687907010316849,0.0016418311279267073,-4.691590309143066,-5.113320350646973,0.6176587343215942,10,0.021715864539146423,0.14033375680446625,10,1.0,0.009130280464887619,0.005998049862682819,1.5222082138061523,0.12493590265512466,37.47661590576172,-0.0008719041943550295,0.0020614101085811853,0.005118473898619413,0.0007652052445337176,-2.667016815412703e-06,-0.0008692371775396168,0.0019190260209143162,0.004212270025163889,0.017845645546913147,0.0420670323073864,0.0,279,1.395,0.05189931392669678,0.0008692372357472777
0.00703019043430686,0.0,168.13232421875,0.0,7.790258884429932,2.0747928619384766,0.1359599381685257,2.0577430725097656,0.19299177825450897,80.92703247070312,3.429420758038759e-05,0.006995896343141794,0.002682591788470745,6.184563972055912e-11,0.00010354173718951643,0.952651858329773,6.844534873962402,0.036864280700683594,0.001641102135181427,-4.692221164703369,-5.114138126373291,0.6138796806335449,10,0.021666329354047775,0.14035528898239136,10,1.0,0.00912454817444086,0.005993161350488663,1.5224933624267578,0.12484657764434814,37.48253631591797,-0.000866223126649875,0.0020558482501655817,0.00513062346726656,0.0007611062028445303,-1.5752739273195999e-06,-0.0008646478527225554,0.0019244663417339325,0.00421450799331069,0.01765265315771103,0.04177013784646988,0.0,280,1.4000000000000001,0.05189447104930878,0.0008646479109302163
0.007025870494544506,0.0,168.13232421875,0.0,7.790258884429932,2.0747933387756348,0.1359599381685257,2.0577433109283447,0.19299177825450897,80.92703247070312,3.424291935516521e-05,0.006991627626121044,0.0026818723417818546,-1.0913936421275139e-11,0.00010305426258128136,0.9527727365493774,6.844584941864014,0.03684964030981064,0.001636600005440414,-4.692847728729248,-5.114951133728027,0.6102192401885986,10,0.021616972982883453,0.14037665724754333,10,1.0,0.009118858724832535,0.005988305434584618,1.522777795791626,0.12475784868001938,37.488365173339844,-0.000861473381519336,0.0020503082778304815,0.005142781417816877,0.0007570157758891582,-1.4033284969811087e-06,-0.0008600700530223548,0.0019256377127021551,0.004217874258756638,0.017465652897953987,0.04147082939743996,0.0,281,1.405,0.05188973248004913,0.0008600700530223548
0.007021575700491667,0.0,168.13233947753906,0.0,7.790259838104248,2.0747933387756348,0.1359599381685257,2.0577430725097656,0.19299177825450897,80.92703247070312,3.419180211494677e-05,0.006987384054809809,0.0026811726856976748,-2.546585164964199e-11,0.00010256466339342296,0.9528944492340088,6.844632148742676,0.036835238337516785,0.001630104728974402,-4.693470478057861,-5.11575984954834,0.6067700982093811,10,0.021567268297076225,0.140397310256958,10,1.0,0.009113207459449768,0.00598347932100296,1.5230616331100464,0.12466973066329956,37.49413299560547,-0.0008568167686462584,0.002044736174866557,0.005155012011528015,0.0007529011345468462,-1.3509998098197931e-06,-0.0008554657688364387,0.0019264485454186797,0.004221502225846052,0.01728633977472782,0.04119504988193512,0.0,282,1.41,0.05188512057065964,0.0008554657688364387
0.007017302326858044,0.0,168.13235473632812,0.0,7.790259838104248,2.074793577194214,0.1359599381685257,2.0577433109283447,0.19299177825450897,80.92704010009766,3.414013917790726e-05,0.006983162369579077,0.002680486999452114,1.4551915228366852e-11,0.00010207095328951254,0.9530169367790222,6.844674110412598,0.036820970475673676,0.00162484438624233,-4.694088935852051,-5.11656379699707,0.6032394170761108,10,0.021517053246498108,0.1404176652431488,10,1.0,0.009107599034905434,0.005978685338050127,1.5233447551727295,0.12458215653896332,37.499610900878906,-0.0008522998541593734,0.00203909445554018,0.005167321301996708,0.0007487520342692733,-1.4768447727147097e-06,-0.0008508230093866587,0.001930185011588037,0.004225120414048433,0.017106113955378532,0.04091782867908478,0.0,283,1.415,0.05188058689236641,0.0008508230093866587
0.007013052701950073,0.0,168.13235473632812,0.0,7.790260314941406,2.0747933387756348,0.1359599381685257,2.0577433109283447,0.19299177825450897,80.92704772949219,3.408850898267701e-05,0.00697896396741271,0.0026798208709806204,-1.4551915228366852e-11,0.00010157821816392243,0.953140139579773,6.84471321105957,0.036806944757699966,0.0016209722962230444,-4.694703578948975,-5.117363452911377,0.5995355248451233,10,0.021466942504048347,0.14043767750263214,10,1.0,0.009102027863264084,0.005973920226097107,1.5236272811889648,0.12449517101049423,37.50511932373047,-0.0008477829396724882,0.0020334243308752775,0.0051796589978039265,0.0007446006638929248,-1.604086719471441e-06,-0.0008461788529530168,0.0019315752433612943,0.00422986363992095,0.016922594979405403,0.040646884590387344,0.0,284,1.42,0.051876191049814224,0.0008461788529530168
0.007008824497461319,0.0,168.13235473632812,0.0,7.790260314941406,2.0747933387756348,0.1359599381685257,2.0577433109283447,0.19299177825450897,80.92704010009766,3.403603477636352e-05,0.006974788382649422,0.0026791526470333338,-1.0913936421275139e-11,0.00010107898560818285,0.9532641172409058,6.844748497009277,0.036793097853660583,0.0016221932601183653,-4.695313930511475,-5.118158340454102,0.5955973863601685,10,0.021416062489151955,0.14045731723308563,10,1.0,0.009096499532461166,0.005969187710434198,1.523909091949463,0.1244087666273117,37.51055145263672,-0.0008434522897005261,0.002027653157711029,0.005192138254642487,0.0007404111092910171,-1.962180249410984e-06,-0.0008414901094511151,0.0019321308936923742,0.004233211278915405,0.01674477756023407,0.040399614721536636,0.0,285,1.425,0.05187167599797249,0.0008414901094511151
0.007004618179053068,0.0,168.1323699951172,0.0,7.7902607917785645,2.0747933387756348,0.1359599381685257,2.0577433109283447,0.19299177825450897,80.92704772949219,3.398555054445751e-05,0.006970632821321487,0.002678393153473735,2.546585164964199e-11,0.00010059156193165109,0.9533889293670654,6.844779014587402,0.03677937388420105,0.0016300902934744954,-4.695919513702393,-5.118948459625244,0.5913244485855103,10,0.021366359665989876,0.1404765397310257,10,1.0,0.00909101776778698,0.005964486859738827,1.52419114112854,0.1243230327963829,37.51573181152344,-0.0008390750735998333,0.0020219709258526564,0.005204558838158846,0.0007363299955613911,-2.153508830833443e-06,-0.0008369215647689998,0.0019323253072798252,0.004235564731061459,0.016556110233068466,0.04015690088272095,0.0,286,1.43,0.051866091787815094,0.0008369215647689998
0.007000433746725321,0.0,168.13238525390625,0.0,7.790261268615723,2.074794054031372,0.1359599381685257,2.057743787765503,0.19299177825450897,80.92704772949219,3.393985753064044e-05,0.006966494023799896,0.0026776534505188465,1.8189894035458565e-11,0.00010013045539380983,0.9535143971443176,6.844806671142578,0.03676581382751465,0.0016356325941160321,-4.6965203285217285,-5.119733810424805,0.5874331593513489,10,0.021319327875971794,0.1404954344034195,10,1.0,0.009085581637918949,0.005959818605333567,1.5244728326797485,0.12423794716596603,37.52090835571289,-0.0008342787623405634,0.0020165559835731983,0.005216774996370077,0.0007324437610805035,-1.7045531422077605e-06,-0.0008325742091983557,0.001936053391546011,0.004239569418132305,0.01638239622116089,0.03995848074555397,0.0,287,1.435,0.05186064541339874,0.0008325742091983557
0.006996275391429663,0.0,168.13241577148438,0.0,7.790262222290039,2.074793815612793,0.1359599381685257,2.057743787765503,0.19299177825450897,80.92706298828125,3.3896416425704956e-05,0.006962378975003958,0.002676921896636486,-2.1827872842550278e-11,9.967212099581957e-05,0.9536410570144653,6.84483003616333,0.036752354353666306,0.0016290857456624508,-4.697116851806641,-5.120514869689941,0.584197461605072,10,0.021272167563438416,0.14051379263401031,10,1.0,0.009080188348889351,0.005955179687589407,1.5247547626495361,0.12415352463722229,37.52608108520508,-0.0008297618478536783,0.002011233475059271,0.0052289804443717,0.0007285764440894127,-1.5132827684459981e-06,-0.0008282485650852323,0.0019371360540390015,0.004242988303303719,0.016228673979640007,0.0397317111492157,0.0,288,1.44,0.05185521021485329,0.0008282485650852323
0.006992136128246784,0.0,168.1324005126953,0.0,7.790262222290039,2.074794054031372,0.1359599381685257,2.057744026184082,0.19299177825450897,80.92705535888672,3.385213858564384e-05,0.0069582839496433735,0.002676213625818491,0.0,9.920445882016793e-05,0.9537683129310608,6.844849586486816,0.03673911094665527,0.00162531400565058,-4.697709560394287,-5.121291637420654,0.5806676149368286,10,0.021223731338977814,0.14053203165531158,10,1.0,0.009074831381440163,0.005950569175183773,1.5250358581542969,0.12406959384679794,37.53097915649414,-0.0008258037269115624,0.002005825750529766,0.005241269711405039,0.0007246686145663261,-1.930631697195451e-06,-0.0008238730952143669,0.0019357956480234861,0.004242697264999151,0.01605922169983387,0.03944889456033707,0.0,289,1.445,0.051849957555532455,0.0008238730952143669
0.006988017354160547,0.0,168.1324005126953,0.0,7.790262222290039,2.074794054031372,0.1359599381685257,2.057743787765503,0.19299177825450897,80.92706298828125,3.3810818422352895e-05,0.006954206619411707,0.0026755069848150015,-1.8189894035458565e-11,9.876623516902328e-05,0.9538963437080383,6.844865798950195,0.036726050078868866,0.0016259292606264353,-4.698298454284668,-5.122064113616943,0.5769062042236328,10,0.021178947761654854,0.1405496597290039,10,1.0,0.009069513529539108,0.0059459879994392395,1.5253164768218994,0.12398624420166016,37.5358772277832,-0.0008217990398407158,0.0020005987025797367,0.005253349896520376,0.000720917945727706,-2.1148589439865754e-06,-0.0008196841808967292,0.0019370925147086382,0.004250520374625921,0.015911970287561417,0.03936802223324776,0.0,290,1.45,0.05184457078576088,0.0008196841808967292
0.006983918137848377,0.0,168.13241577148438,0.0,7.7902631759643555,2.0747945308685303,0.1359599381685257,2.057744026184082,0.19299177825450897,80.92706298828125,3.3770200388971716e-05,0.006950147915631533,0.002674778224900365,-1.4551915228366852e-11,9.831601346377283e-05,0.9540253281593323,6.844878196716309,0.036713115870952606,0.0016308672493323684,-4.698883056640625,-5.12283182144165,0.5725973844528198,10,0.021132152527570724,0.1405673325061798,10,1.0,0.009064237587153912,0.005941438488662243,1.5255964994430542,0.12390351295471191,37.540618896484375,-0.0008173752576112922,0.00199533230625093,0.00526563310995698,0.0007171775214374065,-1.88173726202803e-06,-0.0008154935203492641,0.001936929882504046,0.004248071927577257,0.015734020620584488,0.03909462317824364,0.0,291,1.455,0.0518387034535408,0.0008154935203492641
0.0069798436015844345,0.0,168.13243103027344,0.0,7.7902631759643555,2.074794292449951,0.1359599381685257,2.057744026184082,0.19299177825450897,80.92707061767578,3.3736327168298885e-05,0.006946107372641563,0.0026740608736872673,1.0913936421275139e-11,9.7908683528658e-05,0.9541548490524292,6.844886779785156,0.0367002971470356,0.0016264879377558827,-4.699463367462158,-5.123595237731934,0.5696068406105042,10,0.021090146154165268,0.14058436453342438,10,1.0,0.009059002622961998,0.005936917848885059,1.5258764028549194,0.1238214522600174,37.54531478881836,-0.0008130911737680609,0.001990476157516241,0.005277566146105528,0.0007136942585930228,-1.488253474252882e-06,-0.000811602920293808,0.0019443921046331525,0.004254006780683994,0.015611100941896439,0.03896301984786987,0.0,292,1.46,0.05183284357190132,0.000811602920293808
0.006975787226110697,0.0,168.13243103027344,0.0,7.790263652801514,2.0747945308685303,0.1359599381685257,2.0577445030212402,0.19299177825450897,80.92707824707031,3.370029298821464e-05,0.006942086853086948,0.0026733526028692722,-3.637978807091713e-12,9.748421871336177e-05,0.954285204410553,6.844892501831055,0.036687616258859634,0.0016259828116744757,-4.700039863586426,-5.124354362487793,0.5660895109176636,10,0.021046169102191925,0.1406012624502182,10,1.0,0.009053804911673069,0.005932426080107689,1.5261555910110474,0.12373988330364227,37.55002212524414,-0.0008089933544397527,0.0019854234997183084,0.005289755761623383,0.0007100952207110822,-1.4139222912662756e-06,-0.0008075794321484864,0.001946253003552556,0.004257380962371826,0.015480603091418743,0.03882969543337822,0.0,293,1.465,0.051827024668455124,0.0008075794321484864
0.006971753668040037,0.0,168.1324462890625,0.0,7.790264129638672,2.0747945308685303,0.1359599381685257,2.057744026184082,0.19299177825450897,80.92707824707031,3.366480450495146e-05,0.006938088685274124,0.0026726126670837402,7.275957614183426e-12,9.705608681542799e-05,0.9544163942337036,6.844895362854004,0.0366751067340374,0.0016217395896092057,-4.700612545013428,-5.125109672546387,0.5629324913024902,10,0.02100151963531971,0.14057591557502747,10,1.0,0.009048644453287125,0.00592795992270112,1.5264347791671753,0.12365888059139252,37.55447006225586,-0.0008048024028539829,0.001980359200388193,0.005302016623318195,0.0007064805831760168,-1.2657255865804792e-06,-0.0008035366772674024,0.0019468070240691304,0.004259123001247644,0.015340853482484818,0.038631319999694824,0.0,294,1.47,0.051820967346429825,0.0008035366772674024
0.006967739202082157,0.0,168.1324462890625,0.0,7.790264129638672,2.0747945308685303,0.1359599381685257,2.057744264602661,0.19299177825450897,80.92707824707031,3.3630138204898685e-05,0.006934109143912792,0.0026717823930084705,7.275957614183426e-12,9.663409582572058e-05,0.9545480012893677,6.844895362854004,0.036662738770246506,0.001617060275748372,-4.701181411743164,-5.125860691070557,0.5598311424255371,10,0.020957527682185173,0.14045198261737823,10,1.0,0.00904352217912674,0.005923523101955652,1.5267133712768555,0.12357837706804276,37.55881118774414,-0.0008013099431991748,0.0019753319211304188,0.005314218811690807,0.0007028975524008274,-1.7783022485844732e-06,-0.0007995316409505904,0.0019489075057208538,0.004262459930032492,0.015211846679449081,0.03848210722208023,0.0,295,1.475,0.05181427299976349,0.0007995316409505904
0.006963740568608046,0.0,168.13246154785156,0.0,7.79026460647583,2.0747945308685303,0.1359599381685257,2.0577445030212402,0.19299177825450897,80.92707824707031,3.359514812473208e-05,0.006930145435035229,0.00267096608877182,0.0,9.621513891033828e-05,0.954680323600769,6.844891548156738,0.03665050119161606,0.0016257858369499445,-4.701746940612793,-5.126607894897461,0.5560492277145386,10,0.02091405540704727,0.14032888412475586,10,1.0,0.009038432501256466,0.005919111426919699,1.5269914865493774,0.12349838018417358,37.56317901611328,-0.0007973983883857897,0.0019702499266713858,0.005326485726982355,0.000699350843206048,-1.832377165572976e-06,-0.0007955660112202168,0.0019489716505631804,0.004265511408448219,0.015077128075063229,0.03835143893957138,0.0,296,1.48,0.05180763453245163,0.0007955660112202168
0.006959765218198299,0.0,168.13247680664062,0.0,7.790265083312988,2.0747947692871094,0.1359599381685257,2.0577447414398193,0.19299177825450897,80.92707824707031,3.356331217219122e-05,0.0069262017495930195,0.002670164918527007,7.275957614183426e-12,9.580144978826866e-05,0.9548138380050659,6.844884872436523,0.03663839399814606,0.001621163566596806,-4.702308177947998,-5.127350807189941,0.5528880953788757,10,0.020870564505457878,0.14020636677742004,10,1.0,0.009033383801579475,0.005914728622883558,1.5272693634033203,0.12341899424791336,37.567352294921875,-0.0007933937013149431,0.001965325092896819,0.005338688846677542,0.0006958604790270329,-1.7317943275143959e-06,-0.0007916619069874287,0.001948632299900055,0.004266195930540562,0.014946630224585533,0.03815415874123573,0.0,297,1.485,0.051801104098558426,0.0007916619069874287
0.006955806631594896,0.0,168.13247680664062,0.0,7.79026460647583,2.0747947692871094,0.1359599381685257,2.0577445030212402,0.19299177825450897,80.92708587646484,3.3532505767652765e-05,0.006922273896634579,0.002669380512088537,3.637978807091713e-12,9.539608436170965e-05,0.9549477100372314,6.844874858856201,0.03662644326686859,0.0016219147946685553,-4.702866077423096,-5.128089904785156,0.5497316122055054,10,0.020827991887927055,0.14008472859859467,10,1.0,0.009028367698192596,0.005910371895879507,1.5275464057922363,0.12334010004997253,37.57146453857422,-0.0007893890142440964,0.001960451016202569,0.005350825376808643,0.0006924367044121027,-1.5562400221992697e-06,-0.0007878327742218971,0.0019489158876240253,0.004266913048923016,0.014822502620518208,0.03800357133150101,0.0,298,1.49,0.051794663071632385,0.0007878327742218971
0.006951871328055859,0.0,168.13247680664062,0.0,7.7902655601501465,2.0747950077056885,0.1359599381685257,2.0577449798583984,0.19299177825450897,80.92709350585938,3.350440601934679e-05,0.006918366998434067,0.002668613102287054,-1.8189894035458565e-11,9.500513260718435e-05,0.9550818800926208,6.8448615074157715,0.03661467880010605,0.0016156077617779374,-4.703420162200928,-5.1288251876831055,0.5469245314598083,10,0.020786834880709648,0.13996347784996033,10,1.0,0.009023388847708702,0.0059060403145849705,1.527823805809021,0.12326172739267349,37.57546615600586,-0.0007857568562030959,0.0019557499326765537,0.0053627630695700645,0.0006891111843287945,-1.6405247152018621e-06,-0.0007841163314878941,0.0019492576830089092,0.004269341938197613,0.014708212576806545,0.03785322979092598,0.0,299,1.495,0.051788341253995895,0.0007841163314878941
0.0069479490630328655,0.0,168.1324920654297,0.0,7.7902655601501465,2.0747950077056885,0.1359599381685257,2.0577449798583984,0.19299177825450897,80.92709350585938,3.3475866075605154e-05,0.0069144731387495995,0.0026678619906306267,3.637978807091713e-11,9.461521403864026e-05,0.9552168846130371,6.844844818115234,0.03660304844379425,0.0016279194969683886,-4.7039713859558105,-5.129556655883789,0.5432313084602356,10,0.020745815709233284,0.13984327018260956,10,1.0,0.009018439799547195,0.005901734344661236,1.5280998945236206,0.12318379431962967,37.57944107055664,-0.0007826834917068648,0.0019509962294250727,0.005374743603169918,0.0006858505075797439,-2.217828296141632e-06,-0.0007804656634107232,0.0019490639679133892,0.004267578013241291,0.014583122916519642,0.03768026828765869,0.0,300,1.5,0.05178210884332657,0.0007804657216183841
0.00694404449313879,0.0,168.13250732421875,0.0,7.790266513824463,2.0747952461242676,0.1359599381685257,2.0577454566955566,0.19299177825450897,80.9271011352539,3.345169534441084e-05,0.006910592783242464,0.0026671241503208876,5.820766091346741e-11,9.424933523405343e-05,0.9553525447845459,6.84482479095459,0.036591555923223495,0.0016260688425973058,-4.7045183181762695,-5.130284309387207,0.5400559306144714,10,0.020707344636321068,0.13972358405590057,10,1.0,0.009013529866933823,0.00589745445176959,1.5283763408660889,0.1231064647436142,37.58330535888672,-0.0007787719368934797,0.001946522039361298,0.00538645638152957,0.0006827175384387374,-1.8051359802650395e-06,-0.0007769668009132147,0.0019481652416288853,0.00427098898217082,0.01447890792042017,0.037603020668029785,0.0,301,1.5050000000000001,0.05177594721317291,0.0007769668591208756
0.006940161343663931,0.0,168.1325225830078,0.0,7.790266036987305,2.0747954845428467,0.1359599381685257,2.0577449798583984,0.19299177825450897,80.92709350585938,3.342987838550471e-05,0.006906731519848108,0.002666401444002986,-3.637978807091713e-12,9.389024489792064e-05,0.9554888010025024,6.8448028564453125,0.036580201238393784,0.0016219551907852292,-4.705061912536621,-5.131008148193359,0.5373980402946472,10,0.020669275894761086,0.1396046131849289,10,1.0,0.00900865439325571,0.0058931997045874596,1.5286524295806885,0.12302963435649872,37.58698654174805,-0.0007749535143375562,0.0019421633332967758,0.005398126319050789,0.0006796643137931824,-1.3989629224107555e-06,-0.0007735545514151454,0.0019483153009787202,0.004271837417036295,0.014384022913873196,0.03748246654868126,0.0,302,1.51,0.051769889891147614,0.0007735545514151454
0.006936294957995415,0.0,168.1325225830078,0.0,7.790266990661621,2.0747952461242676,0.1359599381685257,2.0577452182769775,0.19299177825450897,80.9271011352539,3.340850889799185e-05,0.006902886554598808,0.0026656927075237036,1.0913936421275139e-11,9.353348286822438e-05,0.9556256532669067,6.844778060913086,0.036568984389305115,0.0016250857152044773,-4.705602169036865,-5.131728649139404,0.5343093872070312,10,0.0206313356757164,0.13948579132556915,10,1.0,0.009003810584545135,0.0058889673091471195,1.5289286375045776,0.12295323610305786,37.590736389160156,-0.0007718801498413251,0.0019378236029297113,0.005409752018749714,0.0006766667938791215,-1.6798730939791492e-06,-0.0007702002767473459,0.0019440947799012065,0.00426962086930871,0.014276552945375443,0.037312958389520645,0.0,303,1.5150000000000001,0.05176391452550888,0.0007702002767473459
0.006932442542165518,0.0,168.1325225830078,0.0,7.790266990661621,2.0747954845428467,0.1359599381685257,2.0577454566955566,0.19299177825450897,80.92710876464844,3.33905263687484e-05,0.006899051833897829,0.0026650032959878445,4.729372449219227e-11,9.319838864030316e-05,0.9557627439498901,6.844749450683594,0.036557942628860474,0.0016246045706793666,-4.706139087677002,-5.132445812225342,0.5311354398727417,11,0.020595768466591835,0.13936814665794373,11,1.0,0.008998998440802097,0.005884758196771145,1.5292044878005981,0.1228773221373558,37.59430694580078,-0.0007685273885727092,0.0019337086705490947,0.005421140696853399,0.0006738111260347068,-1.5179393813177745e-06,-0.0007670094491913915,0.0019408178050071,0.004270206205546856,0.014174412004649639,0.037227097898721695,0.0,304,1.52,0.0517580583691597,0.0007670095073990524
0.006928609684109688,0.0,168.13253784179688,0.0,7.7902679443359375,2.0747954845428467,0.1359599381685257,2.0577454566955566,0.19299177825450897,80.92710876464844,3.337656380608678e-05,0.006895232945680618,0.002664322732016444,-3.2741809263825417e-11,9.288733417633921e-05,0.9559009075164795,6.844717979431152,0.036547012627124786,0.0016214321367442608,-4.706672668457031,-5.133159160614014,0.5287277698516846,11,0.020562946796417236,0.13925056159496307,11,1.0,0.008994219824671745,0.005880574230104685,1.5294798612594604,0.12280194461345673,37.597930908203125,-0.0007649417966604395,0.001929827150888741,0.005432384554296732,0.0006711105816066265,-9.43837221728137e-07,-0.0007639979594387114,0.0019435323774814606,0.004274535458534956,0.014087921939790249,0.037165552377700806,0.0,305,1.5250000000000001,0.0517522394657135,0.0007639979012310505
0.006924793124198914,0.0,168.13255310058594,0.0,7.7902679443359375,2.074795722961426,0.1359599381685257,2.0577454566955566,0.19299177825450897,80.92710876464844,3.336205190862529e-05,0.006891431286931038,0.0026636598631739616,-4.729372449219227e-11,9.256498742615804e-05,0.9560394883155823,6.844684600830078,0.03653622046113014,0.001614899723790586,-4.7072038650512695,-5.133869647979736,0.5264703631401062,11,0.020528560504317284,0.13913363218307495,11,1.0,0.008989464491605759,0.005876409821212292,1.5297545194625854,0.1227269247174263,37.601322174072266,-0.0007617287337780161,0.0019258647225797176,0.005443762522190809,0.0006683460669592023,-8.176430128677397e-07,-0.0007609110907651484,0.0019434477435424924,0.00427596177905798,0.01400796975940466,0.03705528378486633,0.0,306,1.53,0.05174656957387924,0.0007609110325574875
0.006920992396771908,0.0,168.13255310058594,0.0,7.7902679443359375,2.0747954845428467,0.1359599381685257,2.0577454566955566,0.19299177825450897,80.92710876464844,3.334663779241964e-05,0.006887645926326513,0.0026630121283233166,-7.275957614183426e-12,9.223858069162816e-05,0.9561785459518433,6.844648361206055,0.03652558848261833,0.0016129222931340337,-4.707732200622559,-5.134576797485352,0.5238795280456543,11,0.020493771880865097,0.1390172392129898,11,1.0,0.008984738029539585,0.005872267764061689,1.5300287008285522,0.12265229225158691,37.60474395751953,-0.0007589347660541696,0.0019218234810978174,0.0054552010260522366,0.0006655555916950107,-1.1405791156155485e-06,-0.000757794186938554,0.0019431188702583313,0.00427707564085722,0.013920536264777184,0.036927174776792526,0.0,307,1.5350000000000001,0.05174097418785095,0.000757794186938554
0.006917203776538372,0.0,168.132568359375,0.0,7.790268898010254,2.074795722961426,0.1359599381685257,2.0577456951141357,0.19299177825450897,80.92711639404297,3.333217682666145e-05,0.006883871741592884,0.0026623811572790146,4.001776687800884e-11,9.191830758936703e-05,0.956317663192749,6.844608783721924,0.03651510179042816,0.001615714281797409,-4.708257675170898,-5.135281085968018,0.5213403701782227,11,0.02045961283147335,0.13890133798122406,11,1.0,0.008980038575828075,0.005868145730346441,1.53030264377594,0.12257806956768036,37.60811233520508,-0.000756373628973977,0.0019178322982043028,0.0054665845818817616,0.000662825012113899,-1.6303383745414632e-06,-0.0007547432905994356,0.0019416451686993241,0.004277101717889309,0.01383721362799406,0.03682593256235123,0.0,308,1.54,0.05173549801111221,0.0007547433488070965
0.006913428660482168,0.0,168.13258361816406,0.0,7.790269374847412,2.074795961380005,0.1359599381685257,2.057745933532715,0.19299177825450897,80.9271240234375,3.3320189686492085e-05,0.006880108267068863,0.002661766018718481,-7.275957614183426e-12,9.161503840005025e-05,0.9564573764801025,6.844566822052002,0.036504779011011124,0.0016239868709817529,-4.708780288696289,-5.135982036590576,0.5182051658630371,11,0.020427314564585686,0.1387864351272583,11,1.0,0.008975367993116379,0.005864046048372984,1.5305759906768799,0.12250425666570663,37.611385345458984,-0.0007534399628639382,0.001914010033942759,0.005477777682244778,0.0006602376233786345,-1.5873229131263024e-06,-0.0007518526399508119,0.0019373407121747732,0.004276491701602936,0.014009305275976658,0.036790940910577774,0.0,309,1.545,0.05173009634017944,0.0007518526399508119
0.006909669376909733,0.0,168.132568359375,0.0,7.790268898010254,2.074795722961426,0.1359599381685257,2.057745933532715,0.19299177825450897,80.9271240234375,3.331490370328538e-05,0.006876354571431875,0.002661159262061119,-7.275957614183426e-12,9.13427138584666e-05,0.9565980434417725,6.844522476196289,0.03649454563856125,0.0016272846842184663,-4.709299564361572,-5.136679649353027,0.5157795548439026,11,0.020397905260324478,0.1386716216802597,11,1.0,0.008970729075372219,0.00585996825248003,1.5308494567871094,0.1224309578537941,37.61454772949219,-0.0007503665983677071,0.0019106296822428703,0.005488601513206959,0.0006579430773854256,-1.080799847857309e-06,-0.0007492857985198498,0.0019353610696271062,0.004272126127034426,0.014139293693006039,0.03663981333374977,0.0,310,1.55,0.051724739372730255,0.0007492857985198498
0.006905924994498491,0.0,168.13258361816406,0.0,7.790269374847412,2.074795961380005,0.1359599381685257,2.057745933532715,0.19299177825450897,80.9271240234375,3.3313986932625994e-05,0.006872611120343208,0.0026605732273310423,1.0913936421275139e-11,9.110021346714348e-05,0.9567385911941528,6.844475269317627,0.0364844873547554,0.0016268219333142042,-4.709815979003906,-5.1373748779296875,0.513887345790863,11,0.02037191390991211,0.13855770230293274,11,1.0,0.008966119028627872,0.005855907686054707,1.5311236381530762,0.122358039021492,37.617431640625,-0.0007478520274162452,0.0019075586460530758,0.005499107297509909,0.000655846786685288,-9.05012711898529e-07,-0.0007469470147043467,0.0019349886570125818,0.004272022284567356,0.014232764020562172,0.036561451852321625,0.0,311,1.555,0.0517195388674736,0.0007469470147043467
0.0069021908566355705,0.0,168.13258361816406,0.0,7.790269374847412,2.074795961380005,0.1359599381685257,2.057746171951294,0.19299177825450897,80.9271240234375,3.3312535379081964e-05,0.0068688783794641495,0.002660000929608941,-2.546585164964199e-11,9.085207420866936e-05,0.9568798542022705,6.844426155090332,0.036474548280239105,0.0016269957413896918,-4.710330486297607,-5.138067722320557,0.5120105147361755,11,0.020345181226730347,0.13844405114650726,11,1.0,0.008961526677012444,0.005851863883435726,1.5313969850540161,0.12228544056415558,37.620574951171875,-0.0007452908903360526,0.0019044337095692754,0.005509663373231888,0.000653717783279717,-7.210182957510585e-07,-0.0007445698720403016,0.0019330458017066121,0.004270377568900585,0.014329330995678902,0.03645935282111168,0.0,312,1.56,0.05171440541744232,0.0007445698720403016
0.006898472085595131,0.0,168.1326141357422,0.0,7.790270805358887,2.074796676635742,0.1359599381685257,2.057745933532715,0.19299177825450897,80.92713165283203,3.331265179440379e-05,0.00686515960842371,0.0026594463270157576,-3.637978807091713e-12,9.061204036697745e-05,0.9570207595825195,6.844374656677246,0.03646480292081833,0.001621141331270337,-4.710842609405518,-5.138758182525635,0.5104244947433472,11,0.020319238305091858,0.13833121955394745,11,1.0,0.008956960402429104,0.0058478363789618015,1.5316708087921143,0.12221314758062363,37.62348556518555,-0.0007427297532558599,0.0019014225108548999,0.0055200750939548016,0.0006516402354463935,-4.774774424890025e-07,-0.0007422522758133709,0.0019305043388158083,0.0042698136530816555,0.014415567740797997,0.036371152848005295,0.0,313,1.565,0.051709406077861786,0.0007422522758133709
0.006894763559103012,0.0,168.1326141357422,0.0,7.790270805358887,2.074796199798584,0.1359599381685257,2.057746171951294,0.19299177825450897,80.92713165283203,3.3312197047052905e-05,0.006861451547592878,0.0026589087210595608,-1.4551915228366852e-11,9.036963456310332e-05,0.9571619629859924,6.844320774078369,0.03645521402359009,0.001617788220755756,-4.711352825164795,-5.139446258544922,0.5084406733512878,11,0.020293040201067924,0.13821904361248016,11,1.0,0.008952410891652107,0.00584382563829422,1.5319435596466064,0.12214112281799316,37.62649917602539,-0.0007404945790767828,0.0018983676563948393,0.005530496593564749,0.0006495469715446234,-5.780020728865607e-07,-0.0007399165770038962,0.0019272837089374661,0.004268943797796965,0.014535569585859776,0.036305297166109085,0.0,314,1.57,0.05170450359582901,0.0007399165770038962
0.006891067139804363,0.0,168.13262939453125,0.0,7.790270805358887,2.074796438217163,0.1359599381685257,2.057746171951294,0.19299177825450897,80.92713928222656,3.331326297484338e-05,0.006857753731310368,0.002658383920788765,-3.637978807091713e-12,9.013825183501467e-05,0.9573037028312683,6.844265460968018,0.036445751786231995,0.0016184498090296984,-4.7118611335754395,-5.140131950378418,0.5067076086997986,11,0.020268186926841736,0.13810710608959198,11,1.0,0.008947881869971752,0.0058398316614329815,1.5322157144546509,0.12206942588090897,37.62925720214844,-0.0007382128387689748,0.001895399414934218,0.005540860816836357,0.000647533917799592,-5.406909622409197e-07,-0.0007376721478067338,0.0019236586522310972,0.00426906906068325,0.014636078849434853,0.036256466060876846,0.0,315,1.575,0.051699668169021606,0.0007376721478067338
0.0068873814307153225,0.0,168.13262939453125,0.0,7.790270805358887,2.074796438217163,0.1359599381685257,2.057746648788452,0.19299177825450897,80.92713928222656,3.331546759000048e-05,0.006854066159576178,0.0026578728575259447,1.8189894035458565e-11,8.9909830421675e-05,0.9574457406997681,6.844207763671875,0.03643646091222763,0.0016121441731229424,-4.712367057800293,-5.140815258026123,0.5050822496414185,11,0.02024349384009838,0.1379959136247635,11,1.0,0.008943377062678337,0.005835854448378086,1.5324879884719849,0.12199802696704865,37.63207244873047,-0.0007359776645898976,0.0018924945034086704,0.005551178939640522,0.0006455332622863352,-5.345791578450056e-07,-0.0007354430854320526,0.0019231188343837857,0.004269765689969063,0.014719150960445404,0.03619986027479172,0.0,316,1.58,0.051694922149181366,0.0007354430854320526
0.006883707363158464,0.0,168.1326446533203,0.0,7.790271759033203,2.074796676635742,0.1359599381685257,2.057746648788452,0.19299177825450897,80.9271469116211,3.331654443172738e-05,0.006850390695035458,0.002657376928254962,-3.637978807091713e-12,8.967376197688282e-05,0.9575879573822021,6.844148635864258,0.036427292972803116,0.0016095105092972517,-4.712871551513672,-5.141496658325195,0.5033588409423828,11,0.020217936486005783,0.13788500428199768,11,1.0,0.008938886225223541,0.005831890739500523,1.5327595472335815,0.12192690372467041,37.634605407714844,-0.0007337890565395511,0.001889486564323306,0.005561608821153641,0.0006434859242290258,-6.293412298120221e-07,-0.0007331597153097391,0.001923534320667386,0.004269307479262352,0.014801434241235256,0.03611990064382553,0.0,317,1.585,0.05169026926159859,0.0007331597153097391
0.006880043540149927,0.0,168.13265991210938,0.0,7.790272235870361,2.074796676635742,0.1359599381685257,2.057746648788452,0.19299177825450897,80.92715454101562,3.3317573979729787e-05,0.006846725940704346,0.002656897995620966,3.2741809263825417e-11,8.943437569541857e-05,0.9577302932739258,6.84408712387085,0.036418281495571136,0.0016039494657889009,-4.71337366104126,-5.142175674438477,0.5017328858375549,12,0.020191844552755356,0.1377745419740677,12,1.0,0.00893441867083311,0.005827943328768015,1.5330311059951782,0.12185604125261307,37.63724899291992,-0.0007316470146179355,0.0018864665180444717,0.005572036374360323,0.0006414176314137876,-7.950584404326638e-07,-0.0007308519561775029,0.001921938732266426,0.004267876502126455,0.014886079356074333,0.036036401987075806,0.0,318,1.59,0.05168576166033745,0.0007308520143851638
0.006876390893012285,0.0,168.13265991210938,0.0,7.790272235870361,2.0747969150543213,0.1359599381685257,2.057746648788452,0.19299177825450897,80.92715454101562,3.331889456603676e-05,0.006843071896582842,0.0026564346626400948,-3.2741809263825417e-11,8.92012394615449e-05,0.9578728675842285,6.844023704528809,0.03640943765640259,0.0016091272700577974,-4.713874340057373,-5.142852783203125,0.49968385696411133,12,0.02016657590866089,0.13766460120677948,12,1.0,0.008929966948926449,0.005824010353535414,1.5333020687103271,0.1217854842543602,37.639827728271484,-0.0007293187081813967,0.001883466262370348,0.005582412704825401,0.0006394190131686628,-6.98375515655286e-07,-0.0007286203326657414,0.0019204393029212952,0.004265401978045702,0.014991452917456627,0.03596530482172966,0.0,319,1.595,0.05168132856488228,0.0007286202744580805
0.006872750353068113,0.0,168.13265991210938,0.0,7.7902727127075195,2.074796676635742,0.1359599381685257,2.0577471256256104,0.19299177825450897,80.92716217041016,3.332293999847025e-05,0.0068394276313483715,0.0026559873949736357,1.4551915228366852e-11,8.898097439669073e-05,0.9580154418945312,6.843957901000977,0.03640074282884598,0.00160361232701689,-4.714372158050537,-5.143527507781982,0.4982261657714844,12,0.02014254219830036,0.1375550478696823,12,1.0,0.008925541304051876,0.005820093210786581,1.5335736274719238,0.1217152327299118,37.64228820800781,-0.0007270835340023196,0.0018806597217917442,0.005592591594904661,0.000637501070741564,-6.015179678952763e-07,-0.0007264820160344243,0.0019235089421272278,0.004264415707439184,0.015053581446409225,0.03588401526212692,0.0,320,1.6,0.05167701840400696,0.0007264820160344243
0.006869120057672262,0.0,168.13267517089844,0.0,7.790273189544678,2.0747969150543213,0.1359599381685257,2.0577471256256104,0.19299177825450897,80.92716217041016,3.3327094570267946e-05,0.006835793145000935,0.002655554562807083,-2.546585164964199e-11,8.876700303517282e-05,0.9581582546234131,6.843891620635986,0.0363922156393528,0.0016096030594781041,-4.714868545532227,-5.144200325012207,0.4963419437408447,12,0.020119410008192062,0.13744628429412842,12,1.0,0.008921132422983646,0.005816190503537655,1.5338445901870728,0.1216452494263649,37.6446418762207,-0.0007253140211105502,0.0018778599333018064,0.005602732766419649,0.0006356504745781422,-8.965143934047291e-07,-0.0007244175067171454,0.0019248396856710315,0.004263029899448156,0.015138075686991215,0.03581094741821289,0.0,321,1.605,0.05167277902364731,0.0007244175067171454
0.006865497212857008,0.0,168.1326904296875,0.0,7.790273189544678,2.0747971534729004,0.1359599381685257,2.0577471256256104,0.19299177825450897,80.92716217041016,3.333237691549584e-05,0.006832164712250233,0.0026551075279712677,-1.0913936421275139e-11,8.855621126713231e-05,0.9583010673522949,6.843822479248047,0.03638327121734619,0.0016140779480338097,-4.715362548828125,-5.144870758056641,0.4942568838596344,12,0.020096445456147194,0.13733813166618347,12,1.0,0.008916745893657207,0.005812303628772497,1.5341156721115112,0.12157556414604187,37.647037506103516,-0.0007232185453176652,0.0018751270836219192,0.005612818989902735,0.0006338334642350674,-8.288770914231715e-07,-0.0007223896682262421,0.001921987161040306,0.004260038956999779,0.0152409877628088,0.035766877233982086,0.0,322,1.61,0.0516686737537384,0.0007223896682262421
0.006861887872219086,0.0,168.1326904296875,0.0,7.790273666381836,2.0747971534729004,0.1359599381685257,2.0577471256256104,0.19299177825450897,80.92716217041016,3.334242865093984e-05,0.006828545592725277,0.002654600189998746,3.2741809263825417e-11,8.837020141072571e-05,0.9584440588951111,6.843752384185791,0.036373164504766464,0.0016085745301097631,-4.715854644775391,-5.145539283752441,0.4932708740234375,12,0.020076042041182518,0.13723018765449524,12,1.0,0.008912377990782261,0.005808430258184671,1.5343866348266602,0.1215062290430069,37.6492919921875,-0.0007211230695247804,0.0018727290444076061,0.005622607655823231,0.0006321988767012954,-5.540787242506919e-07,-0.0007205689908005297,0.0019224195275455713,0.004258505534380674,0.01526970136910677,0.035707395523786545,0.0,323,1.615,0.05166461318731308,0.0007205690490081906
0.00685828598216176,0.0,168.1326904296875,0.0,7.790273189544678,2.0747969150543213,0.1359599381685257,2.0577471256256104,0.19299177825450897,80.92716217041016,3.335202200105414e-05,0.006824933923780918,0.0026540840044617653,-3.637978807091713e-12,8.818531932774931e-05,0.9585872888565063,6.843680381774902,0.03636280819773674,0.0016050271224230528,-4.716345310211182,-5.146206378936768,0.4918026328086853,12,0.02005593851208687,0.13712216913700104,12,1.0,0.008908025920391083,0.005804568063467741,1.5346578359603882,0.12143707275390625,37.65164566040039,-0.0007192604243755493,0.001870302832685411,0.005632380954921246,0.0006305568967945874,-5.182228051278876e-07,-0.0007187422015704215,0.0019215954234823585,0.004258822184056044,0.015338337980210781,0.03568458557128906,0.0,324,1.62,0.05166066437959671,0.0007187422015704215
0.00685469526797533,0.0,168.13272094726562,0.0,7.790274620056152,2.0747971534729004,0.1359599381685257,2.0577476024627686,0.19299177825450897,80.92716979980469,3.336141162435524e-05,0.006821333896368742,0.0026535787619650364,2.546585164964199e-11,8.799572242423892e-05,0.9587304592132568,6.843606948852539,0.03635253757238388,0.0016006656223908067,-4.716834545135498,-5.146871566772461,0.4906713366508484,12,0.020035188645124435,0.13701507449150085,12,1.0,0.008903688751161098,0.0058007193729281425,1.534928321838379,0.1213681623339653,37.65373611450195,-0.0007171649485826645,0.0018678356427699327,0.00564222689718008,0.0006288854638114572,-2.8376234696844086e-07,-0.0007168811862356961,0.001924826530739665,0.0042580473236739635,0.015372874215245247,0.03562908247113228,0.0,325,1.625,0.0516568087041378,0.0007168811862356961
0.006851114332675934,0.0,168.1327362060547,0.0,7.7902750968933105,2.0747976303100586,0.1359599381685257,2.0577476024627686,0.19299177825450897,80.92717742919922,3.336999725433998e-05,0.006817744113504887,0.0026530874893069267,-2.9103830456733704e-11,8.780037751421332e-05,0.9588736891746521,6.843532085418701,0.036342352628707886,0.0015965179773047566,-4.717322826385498,-5.14753532409668,0.4892864525318146,12,0.0200137160718441,0.1369076818227768,12,1.0,0.00889936089515686,0.005796881392598152,1.5351979732513428,0.12129944562911987,37.65603256225586,-0.0007152557373047028,0.001865310943685472,0.005652092397212982,0.000627178349532187,-2.769520506415652e-07,-0.0007149787852540612,0.0019234197679907084,0.004256215877830982,0.01544167660176754,0.035575319081544876,0.0,326,1.6300000000000001,0.051653072237968445,0.0007149787270464003
0.0068475427106022835,0.0,168.13272094726562,0.0,7.7902750968933105,2.0747976303100586,0.1359599381685257,2.0577476024627686,0.19299177825450897,80.92716979980469,3.337926318636164e-05,0.006814163643866777,0.0026526106521487236,-1.8189894035458565e-11,8.761268691159785e-05,0.9590170383453369,6.843456268310547,0.036332402378320694,0.001591769978404045,-4.717809677124023,-5.148197174072266,0.488064169883728,12,0.019993308931589127,0.13680146634578705,12,1.0,0.00889504887163639,0.005793057382106781,1.5354670286178589,0.12123097479343414,37.658058166503906,-0.0007137656211853179,0.0018628303660079837,0.0056619043461978436,0.0006255004554986954,-6.525078788551485e-07,-0.0007131131133064628,0.0019236027728766203,0.004257675260305405,0.015500412322580814,0.03555208817124367,0.0,327,1.635,0.05164940655231476,0.0007131131133064628
0.006843976676464081,0.0,168.1327362060547,0.0,7.7902750968933105,2.0747976303100586,0.1359599381685257,2.0577476024627686,0.19299177825450897,80.92718505859375,3.338649548823014e-05,0.006810590159147978,0.002652146155014634,-7.275957614183426e-12,8.74126490089111e-05,0.9591606855392456,6.843379974365234,0.03632253780961037,0.0015947429928928614,-4.718294620513916,-5.148857116699219,0.4863695502281189,12,0.01997152902185917,0.13669481873512268,12,1.0,0.008890755474567413,0.005789246875792742,1.535736083984375,0.12116269022226334,37.660118103027344,-0.0007124152034521255,0.0018601769115775824,0.005671896040439606,0.0006237429333850741,-1.2596137821826135e-06,-0.0007111555896699429,0.0019242966081947088,0.004257058259099722,0.015566956251859665,0.03553694859147072,0.0,328,1.6400000000000001,0.05164586007595062,0.0007111555896699429
0.006840418558567762,0.0,168.1327362060547,0.0,7.7902750968933105,2.0747976303100586,0.1359599381685257,2.0577478408813477,0.19299177825450897,80.92717742919922,3.339462273288518e-05,0.006807024125009775,0.0026516616344451904,-1.8189894035458565e-11,8.721867925487459e-05,0.9593045711517334,6.843301773071289,0.03631283715367317,0.0015999935567378998,-4.718778133392334,-5.149515151977539,0.48435962200164795,12,0.019950540736317635,0.1365894079208374,12,1.0,0.00888647697865963,0.005785449407994747,1.536004662513733,0.1210947260260582,37.66193771362305,-0.0007100868970155868,0.0018575676949694753,0.005681872367858887,0.0006220296490937471,-8.385395631345903e-07,-0.0007092483574524522,0.0019220153335481882,0.004257294815033674,0.015684321522712708,0.03553682565689087,0.0,329,1.645,0.05164165049791336,0.0007092483574524522
0.006836875807493925,0.0,168.1327667236328,0.0,7.790275573730469,2.0747976303100586,0.1359599381685257,2.0577478408813477,0.19299177825450897,80.92719268798828,3.340616240166128e-05,0.006803469732403755,0.0026511787436902523,1.8189894035458565e-11,8.703672210685909e-05,0.9594488739967346,6.843222618103027,0.03630322590470314,0.001594256260432303,-4.719259262084961,-5.150171279907227,0.48326006531715393,12,0.019930584356188774,0.13648352026939392,12,1.0,0.008882220834493637,0.0057816654443740845,1.536273717880249,0.12102705985307693,37.66394805908203,-0.0007082242518663557,0.001855167094618082,0.005691738333553076,0.0006204076926223934,-7.798662409337067e-07,-0.000707444385625422,0.001921037444844842,0.0042574843391776085,0.015737446025013924,0.03549885377287865,0.0,330,1.6500000000000001,0.051637351512908936,0.000707444385625422
0.006833336316049099,0.0,168.1327667236328,0.0,7.790275573730469,2.074798107147217,0.1359599381685257,2.0577478408813477,0.19299177825450897,80.92718505859375,3.341637784615159e-05,0.006799919996410608,0.0026507098227739334,4.001776687800884e-11,8.685053035151213e-05,0.9595933556556702,6.843141078948975,0.03629378601908684,0.0016023609787225723,-4.719738960266113,-5.150825500488281,0.4811309278011322,12,0.019910292699933052,0.13637839257717133,12,1.0,0.008877979591488838,0.005777894984930754,1.5365421772003174,0.12095958739519119,37.66568374633789,-0.0007065944373607786,0.001852660090662539,0.0057016899809241295,0.0006187836406752467,-9.603099897654557e-07,-0.0007056341273710132,0.0019191036699339747,0.0042553492821753025,0.015854323282837868,0.03547960892319679,0.0,331,1.655,0.05163312703371048,0.0007056341855786741
0.0068298098631203175,0.0,168.13278198242188,0.0,7.790276050567627,2.0747976303100586,0.1359599381685257,2.0577478408813477,0.19299177825450897,80.92719268798828,3.34299256792292e-05,0.006796380039304495,0.0026502551045268774,1.8189894035458565e-11,8.668159716762602e-05,0.9597378969192505,6.8430585861206055,0.036284465342760086,0.0016015154542401433,-4.720216751098633,-5.151477813720703,0.4798445701599121,12,0.01989191584289074,0.1362738013267517,12,1.0,0.008873757906258106,0.005774138495326042,1.5368107557296753,0.12089245766401291,37.66749954223633,-0.0007044989615678938,0.0018503733444958925,0.0057114833034574986,0.0006172592984512448,-5.580950528533959e-07,-0.0007039408665150404,0.001914741937071085,0.004256080836057663,0.0159321166574955,0.03549940139055252,0.0,332,1.6600000000000001,0.05162899196147919,0.0007039408665150404
0.00682629132643342,0.0,168.13278198242188,0.0,7.790277004241943,2.074798107147217,0.1359599381685257,2.0577480792999268,0.19299177825450897,80.92719268798828,3.3444666769355536e-05,0.006792846601456404,0.002649810165166855,1.4551915228366852e-11,8.651909593027085e-05,0.9598832130432129,6.8429741859436035,0.03627525269985199,0.0016084519447758794,-4.720693111419678,-5.152128219604492,0.478188157081604,12,0.01987428031861782,0.13616929948329926,12,1.0,0.008869550190865993,0.005770394578576088,1.537078619003296,0.12082553654909134,37.669185638427734,-0.0007027294486761243,0.0018481409642845392,0.005721282679587603,0.0006158162141218781,-3.941240720600498e-07,-0.0007023353246040642,0.0019120717188343406,0.004254916682839394,0.016044115647673607,0.03547697514295578,0.0,333,1.665,0.05162494257092476,0.0007023353246040642
0.006822782568633556,0.0,168.13278198242188,0.0,7.790276527404785,2.074798107147217,0.1359599381685257,2.0577480792999268,0.19299177825450897,80.92719268798828,3.346253288327716e-05,0.006789320148527622,0.002649379661306739,5.820766091346741e-11,8.637249266030267e-05,0.9600285291671753,6.8428874015808105,0.03626614809036255,0.001606874749995768,-4.721167087554932,-5.152776718139648,0.4770739674568176,12,0.01985834538936615,0.13606572151184082,12,1.0,0.00886536668986082,0.005766664631664753,1.5373473167419434,0.12075892090797424,37.670806884765625,-0.0007010530680418164,0.0018461182480677962,0.005730928387492895,0.0006144729559309781,-2.076849341542137e-07,-0.0007008453831076622,0.001913439016789198,0.004255940672010183,0.01609935611486435,0.035470448434352875,0.0,334,1.67,0.05162093788385391,0.0007008454413153231
0.006819280795753002,0.0,168.1328125,0.0,7.79027795791626,2.074798345565796,0.1359599381685257,2.057748317718506,0.19299177825450897,80.92720031738281,3.3479456760687754e-05,0.006785801146179438,0.0026489626616239548,-3.637978807091713e-12,8.621668530395254e-05,0.9601740837097168,6.842800140380859,0.03625723719596863,0.0016015704022720456,-4.721640110015869,-5.15342378616333,0.47603684663772583,12,0.019841335713863373,0.13596226274967194,12,1.0,0.008861192502081394,0.005762944929301739,1.5376152992248535,0.12069249153137207,37.67232894897461,-0.0006997492164373547,0.0018439926207065582,0.005740716587752104,0.0006130440742708743,-4.884786904007805e-07,-0.000699260737746954,0.001912666019052267,0.004257564898580313,0.016151318326592445,0.035467728972435,0.0,335,1.675,0.05161704123020172,0.000699260737746954
0.006815785076469183,0.0,168.13279724121094,0.0,7.79027795791626,2.074798107147217,0.1359599381685257,2.0577480792999268,0.19299177825450897,80.92720031738281,3.349446342326701e-05,0.006782290525734425,0.0026485566049814224,-1.4551915228366852e-11,8.60439904499799e-05,0.9603198170661926,6.84271240234375,0.03624839335680008,0.0015982694458216429,-4.722111701965332,-5.154069423675537,0.47468119859695435,12,0.019822174683213234,0.13585886359214783,12,1.0,0.008857032284140587,0.00575923640280962,1.5378830432891846,0.12062621861696243,37.673866271972656,-0.0006983056664467006,0.0018417001701891422,0.005750681273639202,0.0006115173455327749,-7.443595677762748e-07,-0.0006975613068789244,0.0019116909243166447,0.004255329258739948,0.016207676380872726,0.035420943051576614,0.0,336,1.68,0.05161326378583908,0.0006975613068789244
0.006812297739088535,0.0,168.13282775878906,0.0,7.790278434753418,2.074798345565796,0.1359599381685257,2.057748556137085,0.19299177825450897,80.92720794677734,3.350994666106999e-05,0.006778787821531296,0.0026481267996132374,3.637978807091713e-12,8.587421325501055e-05,0.9604657888412476,6.842622756958008,0.03623979538679123,0.001594828674569726,-4.72258186340332,-5.1547136306762695,0.4733152687549591,12,0.019803352653980255,0.13575635850429535,12,1.0,0.008852887898683548,0.005755538120865822,1.5381512641906738,0.12056019902229309,37.67527770996094,-0.0006963498890400081,0.0018394376384094357,0.005760605912655592,0.0006100073223933578,-4.6833883972461233e-07,-0.0006958815502002835,0.0019084349041804671,0.004253430757671595,0.016285791993141174,0.03540120646357536,0.0,337,1.685,0.05160914361476898,0.0006958815502002835
0.006808821577578783,0.0,168.1328125,0.0,7.790278434753418,2.074798345565796,0.1359599381685257,2.057748317718506,0.19299177825450897,80.92720794677734,3.3527729101479053e-05,0.006775293964892626,0.002647701883688569,0.0,8.571769285481423e-05,0.9606116414070129,6.842531681060791,0.036231253296136856,0.001592441345565021,-4.723050594329834,-5.155355930328369,0.47225576639175415,12,0.019785959273576736,0.1356535404920578,12,1.0,0.008848756551742554,0.005751852877438068,1.5384184122085571,0.12049440294504166,37.676753997802734,-0.0006944872438907772,0.0018373396014794707,0.005770380143076181,0.0006086163339205086,-1.5320256353909979e-07,-0.0006943340413272381,0.0019070181297138333,0.00425080256536603,0.016330944374203682,0.035356685519218445,0.0,338,1.69,0.051605045795440674,0.0006943340413272381
0.006805352866649628,0.0,168.13284301757812,0.0,7.790278911590576,2.074798345565796,0.1359599381685257,2.057748556137085,0.19299177825450897,80.92721557617188,3.354614455020055e-05,0.006771806627511978,0.0026472953613847494,-3.637978807091713e-11,8.556555258110166e-05,0.9607576131820679,6.842439651489258,0.036222949624061584,0.0015851742355152965,-4.723518371582031,-5.155996799468994,0.4712711572647095,12,0.019769061356782913,0.13555125892162323,12,1.0,0.00884463731199503,0.005748178344219923,1.5386853218078613,0.12042879313230515,37.67802429199219,-0.0006933230906725077,0.0018352966289967299,0.005780064966529608,0.0006072380347177386,-5.194451660065283e-07,-0.0006928036455065012,0.0019057967001572251,0.004249995574355125,0.016384441405534744,0.03534054756164551,0.0,339,1.695,0.05160107836127281,0.0006928035872988403
0.006801888346672058,0.0,168.1328582763672,0.0,7.790279388427734,2.074798822402954,0.1359599381685257,2.057748794555664,0.19299177825450897,80.9272232055664,3.356343222549185e-05,0.006768324878066778,0.0026469030417501926,4.3655745685100555e-11,8.541153511032462e-05,0.9609037637710571,6.84234619140625,0.03621474280953407,0.001589615480042994,-4.723984718322754,-5.1566362380981445,0.4699189364910126,12,0.01975223794579506,0.13544994592666626,12,1.0,0.008840532042086124,0.005744514521211386,1.5389519929885864,0.12036336958408356,37.67926025390625,-0.0006918795406818537,0.0018331455066800117,0.005789874121546745,0.0006058482686057687,-6.197951734213461e-07,-0.0006912597455084324,0.0019121509976685047,0.004249607212841511,0.016424458473920822,0.03532182425260544,0.0,340,1.7,0.051597192883491516,0.0006912598037160933
0.006798434071242809,0.0,168.13284301757812,0.0,7.790278911590576,2.074798822402954,0.1359599381685257,2.057748794555664,0.19299177825450897,80.92721557617188,3.3580865419935435e-05,0.006764853373169899,0.002646520035341382,-3.637978807091713e-12,8.525007433490828e-05,0.9610498547554016,6.842251777648926,0.036206673830747604,0.0015872751828283072,-4.724449634552002,-5.15727424621582,0.46886616945266724,12,0.019734172150492668,0.1353481113910675,12,1.0,0.008836440742015839,0.005740860942751169,1.539218783378601,0.12029815465211868,37.68058776855469,-0.0006899237632751612,0.0018309939187020063,0.005799685139209032,0.0006044256733730435,-2.4802284316702977e-07,-0.0006896757404319942,0.0019051446579396725,0.0042459252290427685,0.016477758064866066,0.03528242185711861,0.0,341,1.705,0.051593389362096786,0.0006896757404319942
0.006794989109039307,0.0,168.1328582763672,0.0,7.790279865264893,2.074798822402954,0.1359599381685257,2.057748794555664,0.19299177825450897,80.9272232055664,3.3599615562707186e-05,0.006761389318853617,0.002646153327077627,2.546585164964199e-11,8.509957842761651e-05,0.9611961841583252,6.842156410217285,0.036198750138282776,0.0015816240338608623,-4.724913597106934,-5.1579108238220215,0.46804556250572205,12,0.019717464223504066,0.13524705171585083,12,1.0,0.008832360617816448,0.005737218074500561,1.5394848585128784,0.12023312598466873,37.68169403076172,-0.000688293948769584,0.00182895187754184,0.005809353198856115,0.0006030616932548583,-1.3265525923642895e-07,-0.0006881612935103476,0.001903850701637566,0.0042452081106603146,0.016513660550117493,0.03524864837527275,0.0,342,1.71,0.051589690148830414,0.0006881612935103476
0.006791551131755114,0.0,168.13287353515625,0.0,7.790280342102051,2.074799060821533,0.1359599381685257,2.057748794555664,0.19299177825450897,80.9272232055664,3.361699418746866e-05,0.006757934112101793,0.002645801519975066,3.637978807091713e-12,8.494083886034787e-05,0.961342453956604,6.842060565948486,0.03619103878736496,0.0015783277340233326,-4.725376605987549,-5.158546447753906,0.46676555275917053,12,0.019699810072779655,0.13514623045921326,12,1.0,0.008828289806842804,0.0057335831224918365,1.5397509336471558,0.12016825377941132,37.68280029296875,-0.00068685039877893,0.001826806110329926,0.005819088313728571,0.0006016414845362306,-2.681044861820676e-07,-0.000686582294292748,0.001897953450679779,0.0042435359209775925,0.016598938032984734,0.03523896634578705,0.0,343,1.715,0.0515860989689827,0.000686582294292748
0.0067881206050515175,0.0,168.13287353515625,0.0,7.790280342102051,2.074799060821533,0.1359599381685257,2.057749032974243,0.19299177825450897,80.92723083496094,3.363550786161795e-05,0.006754484958946705,0.0026454641483724117,1.0913936421275139e-11,8.478847303194925e-05,0.9614889025688171,6.841962814331055,0.036183420568704605,0.001572765177115798,-4.7258381843566895,-5.159180164337158,0.4658827781677246,12,0.019682900980114937,0.13504567742347717,12,1.0,0.008824232965707779,0.005729961208999157,1.5400161743164062,0.12010358273983002,37.683837890625,-0.0006852671504020837,0.0018247284460812807,0.00582877965644002,0.0006002567242830992,-2.2194581107768795e-07,-0.000685045204591006,0.0018966102506965399,0.004243223927915096,0.01663869060575962,0.035217802971601486,0.0,344,1.72,0.05158262699842453,0.000685045204591006
0.006784698460251093,0.0,168.13287353515625,0.0,7.790279865264893,2.0747992992401123,0.1359599381685257,2.057749032974243,0.19299177825450897,80.92723083496094,3.3652930142125115e-05,0.00675104558467865,0.0026451395824551582,1.4551915228366852e-11,8.462811092613265e-05,0.9616353511810303,6.841864109039307,0.036175958812236786,0.0015666510444134474,-4.726298809051514,-5.159812927246094,0.4650324285030365,12,0.01966501586139202,0.1349456012248993,12,1.0,0.008820188231766224,0.005726347211748362,1.5402817726135254,0.12003908306360245,37.68488311767578,-0.0006836839020252373,0.0018225626554340124,0.005838537123054266,0.0005988130578771234,-2.427259460236874e-07,-0.0006834411760792136,0.001895257504656911,0.004242223687469959,0.016674866899847984,0.03518279269337654,0.0,345,1.725,0.05157921835780144,0.0006834411760792136
0.006781283766031265,0.0,168.1328887939453,0.0,7.790280818939209,2.0747992992401123,0.1359599381685257,2.0577492713928223,0.19299177825450897,80.92723083496094,3.3669355616439134e-05,0.0067476145923137665,0.002644831780344248,-1.4551915228366852e-11,8.446307765552774e-05,0.9617817401885986,6.841764450073242,0.03616868704557419,0.0015661013312637806,-4.726758003234863,-5.160444259643555,0.46388480067253113,12,0.019646599888801575,0.13484597206115723,12,1.0,0.008816156536340714,0.005722743459045887,1.540547251701355,0.11997472494840622,37.685794830322266,-0.0006821937859058525,0.0018203252693638206,0.0058483220636844635,0.0005973514635115862,-3.7922291086576847e-07,-0.0006818145629949868,0.0018936967244371772,0.0042396895587444305,0.016725288704037666,0.03514453396201134,0.0,346,1.73,0.05157593637704849,0.0006818145629949868
0.0067778765223920345,0.0,168.13290405273438,0.0,7.790281295776367,2.0747992992401123,0.1359599381685257,2.0577495098114014,0.19299177825450897,80.92723846435547,3.368657053215429e-05,0.006744190119206905,0.002644537016749382,7.275957614183426e-12,8.430205343756825e-05,0.9619284868240356,6.8416643142700195,0.03616155683994293,0.001560922828502953,-4.7272162437438965,-5.161074161529541,0.46287399530410767,12,0.019628548994660378,0.13474653661251068,12,1.0,0.008812135085463524,0.005719149950891733,1.5408120155334473,0.1199105754494667,37.6867790222168,-0.0006808433681726601,0.0018181548221036792,0.005858008749783039,0.000595912046264857,-6.292830221500244e-07,-0.0006802140851505101,0.0018922050949186087,0.004237751942127943,0.016769254580140114,0.03511756658554077,0.0,347,1.735,0.051572732627391815,0.0006802140851505101
0.006774475332349539,0.0,168.13291931152344,0.0,7.790282249450684,2.0747997760772705,0.1359599381685257,2.0577497482299805,0.19299177825450897,80.92724609375,3.370393460500054e-05,0.006740771234035492,0.0026442576199769974,1.8189894035458565e-11,8.414148760493845e-05,0.9620747566223145,6.841561317443848,0.036154553294181824,0.001560758682899177,-4.727673053741455,-5.161702632904053,0.4615074396133423,12,0.019610436633229256,0.1346474587917328,12,1.0,0.008808127604424953,0.0057155666872859,1.541076898574829,0.11984659731388092,37.687557220458984,-0.0006790738552808907,0.001815997064113617,0.005867658648639917,0.0005945067387074232,-4.25614416613802e-07,-0.0006786482408642769,0.0018902888987213373,0.004233124665915966,0.016828471794724464,0.03508021682500839,0.0,348,1.74,0.05156966298818588,0.0006786482408642769
0.006771085783839226,0.0,168.13290405273438,0.0,7.790282249450684,2.0747992992401123,0.1359599381685257,2.0577497482299805,0.19299177825450897,80.92724609375,3.3723768865456805e-05,0.006737362127751112,0.002643993590027094,-1.4551915228366852e-11,8.399884245591238e-05,0.9622211456298828,6.841458320617676,0.03614777326583862,0.001554580288939178,-4.728128910064697,-5.16232967376709,0.46083518862724304,12,0.019594548270106316,0.134548619389534,12,1.0,0.008804131299257278,0.005711994133889675,1.5413410663604736,0.11978285014629364,37.6883430480957,-0.0006772577762603904,0.00181402952875942,0.005877116695046425,0.0005931985797360539,-6.036134438168559e-08,-0.0006771974149160087,0.0018907232442870736,0.004233053419739008,0.016847772523760796,0.03504905849695206,0.0,349,1.745,0.05156667158007622,0.0006771974149160087
0.006767702754586935,0.0,168.1329345703125,0.0,7.790282249450684,2.0747997760772705,0.1359599381685257,2.0577497482299805,0.19299177825450897,80.92724609375,3.374191510374658e-05,0.006733960937708616,0.0026437402702867985,0.0,8.384836110053584e-05,0.9623675346374512,6.8413543701171875,0.036141082644462585,0.0015510254306718707,-4.728583812713623,-5.162955284118652,0.45991188287734985,12,0.019577885046601295,0.1344500035047531,12,1.0,0.00880014430731535,0.005708432290703058,1.5416043996810913,0.11971922218799591,37.68910598754883,-0.0006761401891708518,0.0018119356827810407,0.005886655766516924,0.0005918201641179621,-4.716566763962463e-07,-0.0006756685324944556,0.0018892654916271567,0.004233688116073608,0.01689247041940689,0.035047393292188644,0.0,350,1.75,0.051563795655965805,0.0006756685324944556
0.006764324381947517,0.0,168.1329345703125,0.0,7.790282726287842,2.0747997760772705,0.1359599381685257,2.0577497482299805,0.19299177825450897,80.92724609375,3.375918458914384e-05,0.006730565335601568,0.0026434767059981823,5.4569682106375694e-11,8.369127317564562e-05,0.9625139236450195,6.841249465942383,0.03613456338644028,0.0015491509111598134,-4.729037761688232,-5.163579940795898,0.4587586224079132,12,0.019560426473617554,0.1343516707420349,12,1.0,0.008796168491244316,0.005704877898097038,1.541867971420288,0.11965575814247131,37.68981170654297,-0.0006745103746652747,0.0018097589490935206,0.005896277725696564,0.0005903966375626624,-4.225294105852798e-07,-0.0006740878452546895,0.0018890491919592023,0.004233384504914284,0.016939127817749977,0.03504275530576706,0.0,351,1.7550000000000001,0.051560718566179276,0.0006740879034623504
0.0067609576508402824,0.0,168.13294982910156,0.0,7.790283203125,2.0747997760772705,0.1359599381685257,2.0577499866485596,0.19299177825450897,80.92725372314453,3.377659959369339e-05,0.006727180909365416,0.002643199637532234,-5.093170329928398e-11,8.352978329639882e-05,0.962660551071167,6.841144561767578,0.03612818568944931,0.0015497244894504547,-4.729490280151367,-5.16420316696167,0.45740175247192383,12,0.019542166963219643,0.13425342738628387,12,1.0,0.008792205713689327,0.005701333284378052,1.5421315431594849,0.11959249526262283,37.690425872802734,-0.0006729736924171591,0.0018075748812407255,0.005905923433601856,0.000588981609325856,-4.6222703532815615e-07,-0.0006725114653818309,0.001886399113573134,0.004228715784847736,0.017000973224639893,0.03501139208674431,0.0,352,1.76,0.051557451486587524,0.00067251140717417
0.006757594645023346,0.0,168.13294982910156,0.0,7.790283203125,2.0747997760772705,0.1359599381685257,2.0577499866485596,0.19299177825450897,80.92725372314453,3.379759436938912e-05,0.00672379694879055,0.0026429384015500546,-3.2741809263825417e-11,8.33919330034405e-05,0.9628071784973145,6.841037750244141,0.0361219197511673,0.0015547580551356077,-4.729941368103027,-5.164824485778809,0.4561585783958435,12,0.019526569172739983,0.1341559737920761,12,1.0,0.008788258768618107,0.0056978026404976845,1.5423943996429443,0.11952944844961166,37.69096755981445,-0.0006718561053276205,0.0018056725384667516,0.005915290210396051,0.0005877743824385107,-6.897025741779868e-07,-0.0006711664027534425,0.0018847099272534251,0.004222987685352564,0.017033912241458893,0.034965869039297104,0.0,353,1.7650000000000001,0.051554303616285324,0.0006711663445457816
0.006754239089787006,0.0,168.13296508789062,0.0,7.790283679962158,2.0748000144958496,0.1359599381685257,2.0577499866485596,0.19299177825450897,80.92726135253906,3.382156864972785e-05,0.006720417644828558,0.0026426922995597124,2.1827872842550278e-11,8.327364776050672e-05,0.9629536867141724,6.840929985046387,0.036115847527980804,0.0015548188239336014,-4.730391502380371,-5.165444850921631,0.45540857315063477,12,0.019513266161084175,0.1340583860874176,12,1.0,0.008784320205450058,0.0056942785158753395,1.5426572561264038,0.1194666251540184,37.691673278808594,-0.0006702728569507742,0.0018040124559774995,0.005924400873482227,0.0005866977153345942,-3.0151568354607264e-07,-0.0006699713412672281,0.0018770104506984353,0.004219658672809601,0.017077423632144928,0.03496108949184418,0.0,354,1.77,0.05155126005411148,0.0006699713412672281
0.006750891916453838,0.0,168.13296508789062,0.0,7.790283203125,2.0748000144958496,0.1359599381685257,2.0577499866485596,0.19299177825450897,80.92726135253906,3.384814044693485e-05,0.006717043928802013,0.002642457140609622,-1.4551915228366852e-11,8.317019091919065e-05,0.9631001949310303,6.840821266174316,0.03610988333821297,0.0015491596423089504,-4.730840682983398,-5.166064262390137,0.45505842566490173,12,0.0195015762001276,0.13396109640598297,12,1.0,0.008780392818152905,0.005690762773156166,1.5429202318191528,0.1194039136171341,37.69214630126953,-0.0006694346666336203,0.001802555751055479,0.0059333136305212975,0.0005857308860868216,-5.335896276080672e-07,-0.0006689010770060122,0.0018745467532426119,0.004217416048049927,0.017087526619434357,0.03492574393749237,0.0,355,1.7750000000000001,0.0515483021736145,0.0006689010770060122
0.00674754474312067,0.0,168.1329803466797,0.0,7.790284633636475,2.0748000144958496,0.1359599381685257,2.0577504634857178,0.19299177825450897,80.92726135253906,3.387399556231685e-05,0.006713670678436756,0.0026422373484820127,1.4551915228366852e-11,8.30661301733926e-05,0.9632467031478882,6.840712547302246,0.036104120314121246,0.0015562212793156505,-4.731289386749268,-5.166683197021484,0.4537080228328705,12,0.019489891827106476,0.13386449217796326,12,1.0,0.008776471018791199,0.005687251687049866,1.5431832075119019,0.11934129893779755,37.69260025024414,-0.0006684567779302739,0.0018010506173595786,0.005942235235124826,0.0005847912398166955,-5.994224921010904e-07,-0.0006678573554381728,0.0018716182094067335,0.004212548956274986,0.01715005934238434,0.03491721302270889,0.0,356,1.78,0.05154544487595558,0.0006678573554381728
0.006744207348674536,0.0,168.1329803466797,0.0,7.790284633636475,2.0748002529144287,0.1359599381685257,2.0577502250671387,0.19299177825450897,80.92726135253906,3.390451456652954e-05,0.0067103030160069466,0.002642029896378517,-2.1827872842550278e-11,8.298741886392236e-05,0.9633932113647461,6.840601921081543,0.036098480224609375,0.0015538864536210895,-4.73173713684082,-5.167300701141357,0.45333942770957947,12,0.019481051713228226,0.1337674856185913,12,1.0,0.008772560395300388,0.005683750845491886,1.5434455871582031,0.11927890032529831,37.69301986694336,-0.0006672460585832738,0.0017998856492340565,0.005950894672423601,0.0005840293015353382,-2.2933818401326463e-07,-0.0006670167203992605,0.00186777557246387,0.0042100874707102776,0.017168821766972542,0.034901153296232224,0.0,357,1.7850000000000001,0.05154270678758621,0.0006670167203992605
0.006740872282534838,0.0,168.13299560546875,0.0,7.790284633636475,2.0748002529144287,0.1359599381685257,2.0577504634857178,0.19299177825450897,80.9272689819336,3.39350663125515e-05,0.006706937216222286,0.002641836879774928,-3.637978807091713e-12,8.290844561997801e-05,0.9635393619537354,6.840490818023682,0.036092955619096756,0.0015515818959102035,-4.732184410095215,-5.167917728424072,0.4530412554740906,12,0.01947215013206005,0.13367107510566711,12,1.0,0.008768653497099876,0.00568025466054678,1.5437078475952148,0.11921659111976624,37.69350051879883,-0.0006662681698799275,0.0017987187020480633,0.005959550850093365,0.0005832673632539809,-9.237555788387582e-08,-0.0006661757943220437,0.0018661655485630035,0.0042073908261954784,0.01716601848602295,0.03488396108150482,0.0,358,1.79,0.051540061831474304,0.0006661757943220437
0.006737544666975737,0.0,168.13299560546875,0.0,7.790285110473633,2.0748000144958496,0.1359599381685257,2.0577504634857178,0.19299177825450897,80.9272689819336,3.396568354219198e-05,0.006703578867018223,0.002641650615260005,-1.4551915228366852e-11,8.28301053843461e-05,0.9636857509613037,6.84037971496582,0.03608743101358414,0.0015458976849913597,-4.732631683349609,-5.168534278869629,0.4528985321521759,12,0.01946336217224598,0.13357481360435486,12,1.0,0.008764750324189663,0.0056767635978758335,1.5439696311950684,0.11915434896945953,37.69378662109375,-0.0006655231118202352,0.0017975580412894487,0.0059681846760213375,0.0005824940744787455,-1.9895378501643465e-07,-0.0006653241580352187,0.0018645698437467217,0.004206178709864616,0.01716299168765545,0.034858040511608124,0.0,359,1.795,0.05153751000761986,0.0006653241580352187
0.0067342170514166355,0.0,168.1330108642578,0.0,7.790285110473633,2.074800491333008,0.1359599381685257,2.057750940322876,0.19299177825450897,80.92727661132812,3.399475826881826e-05,0.006700222380459309,0.002641406375914812,0.0,8.274064748547971e-05,0.9638321399688721,6.840268611907959,0.036079637706279755,0.0015520494198426604,-4.733078479766846,-5.169150352478027,0.45192912220954895,12,0.019453130662441254,0.13347873091697693,12,1.0,0.008760851807892323,0.0056732771918177605,1.5442311763763428,0.11909215897321701,37.69401168823242,-0.0006651040166616582,0.0017962742131203413,0.005976914428174496,0.0005816935445182025,-6.69853761806386e-07,-0.0006644341628998518,0.0018561879405751824,0.004199030343443155,0.017217576503753662,0.03484242409467697,0.0,360,1.8,0.05153506249189377,0.0006644341628998518
0.00673089362680912,0.0,168.13302612304688,0.0,7.790285587310791,2.074800491333008,0.1359599381685257,2.057750701904297,0.19299177825450897,80.92727661132812,3.4029239031951874e-05,0.0066968644969165325,0.0026411472354084253,-2.1827872842550278e-11,8.269444515462965e-05,0.9639781713485718,6.840156555175781,0.036072004586458206,0.0015537464059889317,-4.733524322509766,-5.169765472412109,0.45153939723968506,12,0.01944839395582676,0.13338293135166168,12,1.0,0.008756964467465878,0.005669798702001572,1.5444929599761963,0.11903015524148941,37.694244384765625,-0.0006638932973146581,0.0017954253125935793,0.005985228810459375,0.0005811526789329946,-4.61586751185827e-08,-0.0006638471386395395,0.0018539198208600283,0.004200924187898636,0.0172414667904377,0.03489488735795021,0.0,361,1.805,0.051532257348299026,0.0006638471386395395
0.006727578118443489,0.0,168.13302612304688,0.0,7.790285587310791,2.074800491333008,0.1359599381685257,2.057750940322876,0.19299177825450897,80.92727661132812,3.406313044251874e-05,0.006693514995276928,0.0026408920530229807,1.4551915228366852e-11,8.263140625786036e-05,0.9641246199607849,6.840044021606445,0.036064449697732925,0.0015476444968953729,-4.733969688415527,-5.170380115509033,0.45155462622642517,12,0.01944129168987274,0.13338500261306763,12,1.0,0.00875308271497488,0.005666324403136969,1.544754981994629,0.11896822601556778,37.69443893432617,-0.0006631948053836963,0.001794460928067565,0.0059937769547104836,0.0005805058171972632,-5.7567376657513894e-08,-0.0006631372380070388,0.0018522909376770258,0.004199325107038021,0.017228590324521065,0.034862276166677475,0.0,362,1.81,0.05152948200702667,0.0006631372380070388
0.006724261678755283,0.0,168.13304138183594,0.0,7.790286064147949,2.074800491333008,0.1359599381685257,2.057750940322876,0.19299177825450897,80.92728424072266,3.409530472708866e-05,0.006690166424959898,0.0026406513061374426,1.4551915228366852e-11,8.255902503151447e-05,0.9642709493637085,6.839931011199951,0.036057084798812866,0.0015520108863711357,-4.734415054321289,-5.170994758605957,0.45084500312805176,12,0.01943311281502247,0.13350053131580353,12,1.0,0.008749200962483883,0.005662852432578802,1.5450166463851929,0.11890631169080734,37.69465255737305,-0.0006624031811952732,0.0017933641793206334,0.006002421490848064,0.0005798248457722366,-1.9324943437365807e-08,-0.0006623838562518358,0.0018493018578737974,0.004194350913167,0.017262035980820656,0.034839753061532974,0.0,363,1.815,0.05152682587504387,0.0006623838562518358
0.0067209540866315365,0.0,168.133056640625,0.0,7.790287017822266,2.074800729751587,0.1359599381685257,2.057750940322876,0.19299177825450897,80.92729187011719,3.41299528372474e-05,0.006686823908239603,0.002640424994751811,-3.637978807091713e-12,8.250363316619769e-05,0.9644168615341187,6.839818000793457,0.03604983538389206,0.001552622765302658,-4.734859466552734,-5.1716084480285645,0.45055094361305237,12,0.019426997750997543,0.13361890614032745,12,1.0,0.008745331317186356,0.00565938837826252,1.545278549194336,0.11884456872940063,37.694637298583984,-0.0006616581231355808,0.001792456954717636,0.006010897923260927,0.0005792477750219405,9.330688043019363e-08,-0.000661751430016011,0.0018500147853046656,0.004192435648292303,0.01725936494767666,0.03481652960181236,0.0,364,1.82,0.05152423679828644,0.000661751430016011
0.006717645097523928,0.0,168.133056640625,0.0,7.790287494659424,2.074800968170166,0.1359599381685257,2.057751178741455,0.19299177825450897,80.92729187011719,3.416420804569498e-05,0.006683480925858021,0.0026402086950838566,3.2741809263825417e-11,8.244271884905174e-05,0.9645628929138184,6.839704513549805,0.03604274243116379,0.0015523151960223913,-4.7353034019470215,-5.172222137451172,0.4502648115158081,12,0.019420146942138672,0.133736714720726,12,1.0,0.008741466328501701,0.005655926186591387,1.5455410480499268,0.11878287047147751,37.69468688964844,-0.00066161155700685,0.0017915043281391263,0.00601942976936698,0.0005786367109976709,-5.321926437459271e-07,-0.0006610793643631041,0.0018476095283403993,0.0041892933659255505,0.017265168949961662,0.034791067242622375,0.0,365,1.825,0.051521748304367065,0.000661079422570765
0.006714337971061468,0.0,168.13307189941406,0.0,7.790287494659424,2.074800968170166,0.1359599381685257,2.057751178741455,0.19299177825450897,80.92729187011719,3.419921995373443e-05,0.006680138874799013,0.0026400089263916016,7.275957614183426e-12,8.239031012635678e-05,0.9647088050842285,6.839590072631836,0.03603581711649895,0.0015599876642227173,-4.73574686050415,-5.172835350036621,0.4494888186454773,12,0.019414443522691727,0.13385476171970367,12,1.0,0.00873760785907507,0.005652468651533127,1.5458039045333862,0.11872125416994095,37.69472122192383,-0.0006608199328184269,0.0017906101420521736,0.006027902010828257,0.0005780976498499513,-3.3195829020359925e-07,-0.0006604879745282233,0.0018443259177729487,0.004186049569398165,0.01729961484670639,0.03480105474591255,0.0,366,1.83,0.05151937156915665,0.0006604879745282233
0.0067110368981957436,0.0,168.13307189941406,0.0,7.790287971496582,2.074800968170166,0.1359599381685257,2.057751417160034,0.19299177825450897,80.92729949951172,3.4238288208143786e-05,0.006676798686385155,0.0026398184709250927,-7.275957614183426e-12,8.235832501668483e-05,0.9648547768592834,6.839476108551025,0.03602900356054306,0.001565534737892449,-4.736189842224121,-5.173448085784912,0.4492642283439636,12,0.019410893321037292,0.13397102057933807,12,1.0,0.008733754977583885,0.005649016238749027,1.5460665225982666,0.11865978688001633,37.69466018676758,-0.0006598420441150806,0.0017900121165439487,0.0060361530631780624,0.00057774200104177,2.5826739145896026e-07,-0.0006601003115065396,0.001837967080064118,0.004181188065558672,0.017311958596110344,0.034785717725753784,0.0,367,1.835,0.05151708424091339,0.0006601003115065396
0.0067077395506203175,0.0,168.13308715820312,0.0,7.79028844833374,2.074800968170166,0.1359599381685257,2.057751417160034,0.19299177825450897,80.92729949951172,3.4280383260920644e-05,0.006673458963632584,0.0026395837776362896,-2.1827872842550278e-11,8.234203414758667e-05,0.9650006294250488,6.83936071395874,0.03602049499750137,0.0015573661075904965,-4.736632347106934,-5.174060344696045,0.4496503472328186,12,0.01940901018679142,0.1340874284505844,12,1.0,0.008729907684028149,0.0056455680169165134,1.546329379081726,0.11859837174415588,37.69456481933594,-0.0006596557796001575,0.0017896536737680435,0.006044183857738972,0.00057747692335397,1.6315607352635451e-07,-0.0006598189356736839,0.0018362908158451319,0.0041792425327003,0.01728156767785549,0.034754496067762375,0.0,368,1.84,0.05151490122079849,0.0006598189356736839
0.006704440340399742,0.0,168.13308715820312,0.0,7.79028844833374,2.074801206588745,0.1359599381685257,2.057751417160034,0.19299177825450897,80.92730712890625,3.43202700605616e-05,0.006670120172202587,0.0026393590960651636,1.8189894035458565e-11,8.231489482568577e-05,0.9651460647583008,6.839245796203613,0.03601206839084625,0.0015581139596179128,-4.737075328826904,-5.174673080444336,0.4494606852531433,12,0.019406041130423546,0.13420642912387848,12,1.0,0.008726057596504688,0.005642119795084,1.5465919971466064,0.11853694915771484,37.694374084472656,-0.0006593298166990421,0.001789113157428801,0.006052378565073013,0.0005771368741989136,1.219450495996196e-07,-0.0006594517617486417,0.001834454364143312,0.004176456481218338,0.017277278006076813,0.034740597009658813,0.0,369,1.845,0.051512785255908966,0.0006594517617486417
0.006701146252453327,0.0,168.13308715820312,0.0,7.790288925170898,2.074801445007324,0.1359599381685257,2.057751417160034,0.19299177825450897,80.92730712890625,3.436078259255737e-05,0.006666785571724176,0.0026391472201794386,1.8189894035458565e-11,8.228929073084146e-05,0.9652915000915527,6.839130401611328,0.03600379824638367,0.0015529488446190953,-4.737518310546875,-5.175285339355469,0.44968128204345703,12,0.019403250887989998,0.13432298600673676,12,1.0,0.008722210302948952,0.005638675764203072,1.5468543767929077,0.11847557127475739,37.694278717041016,-0.0006589572876691959,0.0017886002315208316,0.006060582119971514,0.0005767873371951282,1.1932570485851356e-07,-0.0006590766133740544,0.0018363245762884617,0.004175495821982622,0.01724914275109768,0.03470408171415329,0.0,370,1.85,0.05151081830263138,0.0006590766133740544
0.00669785076752305,0.0,168.1331024169922,0.0,7.790289402008057,2.0748016834259033,0.1359599381685257,2.0577516555786133,0.19299177825450897,80.92731475830078,3.439918509684503e-05,0.006663451436907053,0.002638949081301689,-3.637978807091713e-11,8.224984048865736e-05,0.965436577796936,6.839015960693359,0.03599570319056511,0.001556648057885468,-4.737961292266846,-5.175897598266602,0.4488786458969116,12,0.01939883641898632,0.13443952798843384,12,1.0,0.008718364872038364,0.00563523406162858,1.547116756439209,0.11841419339179993,37.6942024230957,-0.0006589572876691959,0.001787911751307547,0.006068944465368986,0.0005763595690950751,-3.477907739720624e-07,-0.0006586094968952239,0.00182951963506639,0.004170945379883051,0.017313063144683838,0.034733109176158905,0.0,371,1.855,0.05150894820690155,0.0006586094386875629
0.006694556679576635,0.0,168.1331024169922,0.0,7.790289402008057,2.0748016834259033,0.1359599381685257,2.0577516555786133,0.19299177825450897,80.92731475830078,3.4441960451658815e-05,0.006660114508122206,0.0026387597899883986,-3.637978807091713e-12,8.224094199249521e-05,0.9655818939208984,6.838899612426758,0.03598770499229431,0.0015612747520208359,-4.738403797149658,-5.176509380340576,0.44854965806007385,12,0.019398292526602745,0.13455599546432495,12,1.0,0.00871452409774065,0.005631797481328249,1.5473787784576416,0.11835295706987381,37.69386291503906,-0.0006585381925106188,0.0017875280464068055,0.006077117286622524,0.0005761368665844202,-1.6036210583058891e-07,-0.0006583778304047883,0.0018277110066264868,0.0041712308302521706,0.017325710505247116,0.03475990146398544,0.0,372,1.86,0.051507145166397095,0.0006583778304047883
0.006691265385597944,0.0,168.13311767578125,0.0,7.790289402008057,2.0748016834259033,0.1359599381685257,2.0577516555786133,0.19299177825450897,80.92730712890625,3.448527058935724e-05,0.006656779907643795,0.0026385830715298653,7.275957614183426e-12,8.222445467254147e-05,0.9657272100448608,6.8387837409973145,0.035979822278022766,0.0015640873461961746,-4.738846302032471,-5.177121162414551,0.448494017124176,12,0.01939641498029232,0.13467393815517426,12,1.0,0.008710685186088085,0.005628363229334354,1.5476409196853638,0.11829180270433426,37.693668365478516,-0.0006581190973520419,0.0017871394520625472,0.006085381843149662,0.0005759031046181917,8.440110818466566e-09,-0.0006581275374628603,0.0018232482252642512,0.00416604382917285,0.017327159643173218,0.0347394123673439,0.0,373,1.865,0.051505446434020996,0.0006581275374628603
0.006687975488603115,0.0,168.1331329345703,0.0,7.790289878845215,2.0748016834259033,0.1359599381685257,2.0577518939971924,0.19299177825450897,80.92731475830078,3.453085810178891e-05,0.006653444841504097,0.002638421254232526,-7.275957614183426e-12,8.222115138778463e-05,0.9658724069595337,6.838665962219238,0.03597210347652435,0.0015620279591530561,-4.739288330078125,-5.177732944488525,0.4487447738647461,12,0.01939600333571434,0.1347915679216385,12,1.0,0.008706852793693542,0.005624930374324322,1.547904133796692,0.11823070049285889,37.69328308105469,-0.0006581190973520419,0.0017869315342977643,0.006093477830290794,0.0005757631734013557,-1.3475073502866326e-07,-0.0006579843466170132,0.0018193622818216681,0.004161984194070101,0.017307788133621216,0.03470836952328682,0.0,374,1.87,0.05150384455919266,0.0006579843466170132
0.006684684194624424,0.0,168.1331329345703,0.0,7.790289878845215,2.0748016834259033,0.1359599381685257,2.0577521324157715,0.19299177825450897,80.92732238769531,3.4576645703054965e-05,0.006650107447057962,0.0026382720097899437,0.0,8.223547047236934e-05,0.9660173058509827,6.838549613952637,0.03596454858779907,0.0015726464334875345,-4.7397308349609375,-5.1783447265625,0.44838154315948486,12,0.01939857192337513,0.13490819931030273,12,1.0,0.008703017607331276,0.005621499847620726,1.5481665134429932,0.11816959083080292,37.692909240722656,-0.0006577465683221957,0.0017867384012788534,0.006101552862673998,0.0005756845930591226,1.7351703716906013e-07,-0.0006579200853593647,0.0018169921822845936,0.004166418220847845,0.01733933575451374,0.034807171672582626,0.0,375,1.875,0.05150233954191208,0.0006579200853593647
0.006681398022919893,0.0,168.1331329345703,0.0,7.790290832519531,2.0748019218444824,0.1359599381685257,2.0577521324157715,0.19299177825450897,80.92731475830078,3.462262247921899e-05,0.006646775174885988,0.002638125093653798,1.0913936421275139e-11,8.222655742429197e-05,0.9661628007888794,6.838433265686035,0.035957060754299164,0.0015660496428608894,-4.740172863006592,-5.178956508636475,0.44883427023887634,12,0.019397588446736336,0.1350238025188446,12,1.0,0.008699188008904457,0.005618071183562279,1.5484296083450317,0.11810854077339172,37.692501068115234,-0.0006572343409061572,0.0017864479450508952,0.006109933368861675,0.0005754716694355011,4.6391505746634903e-07,-0.0006576982559636235,0.001815291354432702,0.004164497833698988,0.01730242744088173,0.034770894795656204,0.0,376,1.8800000000000001,0.05150090530514717,0.0006576982559636235
0.0066781118512153625,0.0,168.1331329345703,0.0,7.790290832519531,2.0748021602630615,0.1359599381685257,2.0577521324157715,0.19299177825450897,80.92732238769531,3.466626731096767e-05,0.006643445696681738,0.0026379923801869154,-3.637978807091713e-12,8.22034344309941e-05,0.9663079977035522,6.838316917419434,0.03594973683357239,0.0015628295950591564,-4.740615367889404,-5.179568290710449,0.44901567697525024,12,0.019394975155591965,0.1351412832736969,12,1.0,0.008695356547832489,0.005614645313471556,1.5486921072006226,0.11804747581481934,37.69208526611328,-0.0006569083780050418,0.001785974483937025,0.006118454970419407,0.0005751571734435856,4.522153176227421e-07,-0.0006573605933226645,0.0018131909891963005,0.0041613210923969746,0.017280640080571175,0.034733690321445465,0.0,377,1.885,0.05149955675005913,0.0006573605933226645
0.006674828939139843,0.0,168.13314819335938,0.0,7.790290832519531,2.0748021602630615,0.1359599381685257,2.0577521324157715,0.19299177825450897,80.92732238769531,3.470916271908209e-05,0.006640119943767786,0.0026378680486232042,-1.4551915228366852e-11,8.217604772653431e-05,0.9664531350135803,6.838200569152832,0.035942450165748596,0.0015563387423753738,-4.741057872772217,-5.180180549621582,0.4493216872215271,12,0.019391899928450584,0.13525813817977905,12,1.0,0.008691526018083096,0.005611218046396971,1.5489553213119507,0.11798641085624695,37.69160461425781,-0.0006568152457475802,0.0017854474717751145,0.006126997526735067,0.0005747922114096582,1.530279405275196e-07,-0.0006569682736881077,0.001811513095162809,0.0041594719514250755,0.01725134812295437,0.03469826653599739,0.0,378,1.8900000000000001,0.051498301327228546,0.0006569682736881077
0.006671543698757887,0.0,168.13314819335938,0.0,7.7902913093566895,2.0748021602630615,0.1359599381685257,2.0577521324157715,0.19299177825450897,80.92733001708984,3.474997356534004e-05,0.006636793725192547,0.0026377069298177958,-1.0913936421275139e-11,8.214019180741161e-05,0.9665977358818054,6.838083744049072,0.035933755338191986,0.0015585984801873565,-4.7415008544921875,-5.180792808532715,0.4490673840045929,12,0.01938805915415287,0.13537555932998657,12,1.0,0.008687693625688553,0.005607793107628822,1.549217939376831,0.11792533844709396,37.69101333618164,-0.0006566289812326571,0.0017847588751465082,0.006135657895356417,0.0005743632791563869,-1.2549571694342194e-07,-0.0006565034855157137,0.0018081431044265628,0.004157504998147488,0.017260638996958733,0.03470861539244652,0.0,379,1.895,0.05149713158607483,0.0006565034855157137
0.0066682626493275166,0.0,168.13316345214844,0.0,7.790291786193848,2.0748021602630615,0.1359599381685257,2.0577523708343506,0.19299177825450897,80.92733764648438,3.479007136775181e-05,0.006633472628891468,0.0026375576853752136,-1.0913936421275139e-11,8.209736552089453e-05,0.9667426347732544,6.837968826293945,0.03592522814869881,0.0015553707489743829,-4.741943359375,-5.1814045906066895,0.4490537643432617,12,0.019383462145924568,0.13549338281154633,12,1.0,0.008683865889906883,0.005604373291134834,1.5494803190231323,0.11786434054374695,37.690372467041016,-0.0006557907909155032,0.0017839830834418535,0.006144443526864052,0.0005738530308008194,1.5960540621074142e-07,-0.0006559503963217139,0.0018066072370857,0.004157611168920994,0.017253492027521133,0.034702472388744354,0.0,380,1.9000000000000001,0.05149606242775917,0.0006559503963217139
0.006664985790848732,0.0,168.13316345214844,0.0,7.790292263031006,2.0748021602630615,0.1359599381685257,2.0577526092529297,0.19299177825450897,80.92733001708984,3.482817919575609e-05,0.006630157586187124,0.002637417521327734,2.546585164964199e-11,8.203765173675492e-05,0.966887354850769,6.837852478027344,0.035916827619075775,0.00154836883302778,-4.7423858642578125,-5.182016372680664,0.4489642083644867,12,0.01937677338719368,0.13561049103736877,12,1.0,0.008680040948092937,0.005600954871624708,1.5497430562973022,0.11780336499214172,37.6896858215332,-0.0006556510925293109,0.0017830302240327,0.006153404712677002,0.000573211582377553,-4.018656909605652e-07,-0.0006552492268383503,0.0018049312056973577,0.004156660288572311,0.017252780497074127,0.03468310460448265,0.0,381,1.905,0.05149507522583008,0.0006552492268383503
0.006661706138402224,0.0,168.13319396972656,0.0,7.790292739868164,2.0748023986816406,0.1359599381685257,2.057752847671509,0.19299177825450897,80.92733764648438,3.486459900159389e-05,0.006626841612160206,0.0026372920256108046,-7.275957614183426e-12,8.197192073566839e-05,0.9670320749282837,6.837737083435059,0.03590858727693558,0.0015589153626933694,-4.742828369140625,-5.1826276779174805,0.4479313790798187,12,0.019369591027498245,0.1357267051935196,12,1.0,0.008676217868924141,0.0055975415743887424,1.5500050783157349,0.11774242669343948,37.68899154663086,-0.0006550922989845416,0.0017819287022575736,0.006162507459521294,0.0005725611699745059,-5.592009984096676e-07,-0.0006545330979861319,0.0018031289801001549,0.004152996465563774,0.017287224531173706,0.03467197343707085,0.0,382,1.9100000000000001,0.051494210958480835,0.0006545330979861319
0.006658434867858887,0.0,168.13319396972656,0.0,7.790292739868164,2.0748023986816406,0.1359599381685257,2.0577523708343506,0.19299177825450897,80.9273452758789,3.490301969577558e-05,0.006623531691730022,0.002637175377458334,7.275957614183426e-12,8.191417873604223e-05,0.9671767950057983,6.837620735168457,0.03590046614408493,0.001557320705614984,-4.743269443511963,-5.1832380294799805,0.4476911127567291,12,0.01936326175928116,0.13584518432617188,12,1.0,0.008672408759593964,0.005594135727733374,1.5502678155899048,0.11768167465925217,37.68817901611328,-0.0006537884473800799,0.0017809605924412608,0.006171533837914467,0.0005719349719583988,6.07105903187603e-08,-0.0006538491579703987,0.0018027832265943289,0.004152196459472179,0.017279496416449547,0.03467307984828949,0.0,383,1.915,0.05149339884519577,0.0006538491579703987
0.006655168253928423,0.0,168.13319396972656,0.0,7.790293216705322,2.0748026371002197,0.1359599381685257,2.0577526092529297,0.19299177825450897,80.9273452758789,3.494076372589916e-05,0.006620227359235287,0.002637070370838046,7.275957614183426e-12,8.185234037227929e-05,0.9673213958740234,6.8375043869018555,0.03589249402284622,0.0015606394736096263,-4.743710517883301,-5.183847904205322,0.44706398248672485,12,0.01935650035738945,0.13596273958683014,12,1.0,0.008668599650263786,0.005590734537690878,1.5505295991897583,0.11762098222970963,37.68737030029297,-0.0006530433893203874,0.0017799230990931392,0.006180636119097471,0.0005712902639061213,9.918585418267067e-08,-0.0006531425751745701,0.0018005503807216883,0.004150372929871082,0.01730579137802124,0.034677404910326004,0.0,384,1.92,0.051492683589458466,0.0006531425751745701
0.006651904433965683,0.0,168.13320922851562,0.0,7.7902936935424805,2.0748026371002197,0.1359599381685257,2.0577526092529297,0.19299177825450897,80.9273452758789,3.497954457998276e-05,0.0066169248893857,0.002636974211782217,-4.001776687800884e-11,8.179107680916786e-05,0.9674662351608276,6.837388038635254,0.03588463366031647,0.0015549532836303115,-4.7441511154174805,-5.184457302093506,0.4470011293888092,12,0.019349612295627594,0.13607758283615112,12,1.0,0.00866479892283678,0.005587338004261255,1.5507919788360596,0.11756039410829544,37.68661117553711,-0.0006522051990032335,0.0017789461417123675,0.006189717445522547,0.000570642005186528,2.2794120012326058e-07,-0.0006524331402033567,0.0017970075132325292,0.0041487389244139194,0.017303001135587692,0.03466266766190529,0.0,385,1.925,0.051492076367139816,0.0006524330819956958
0.006648646201938391,0.0,168.13320922851562,0.0,7.790293216705322,2.0748026371002197,0.1359599381685257,2.057752847671509,0.19299177825450897,80.9273452758789,3.501728497212753e-05,0.006613628938794136,0.002636893419548869,-3.637978807091713e-12,8.172278467100114e-05,0.9676111936569214,6.837270736694336,0.03587698936462402,0.0015540819149464369,-4.744591236114502,-5.185066223144531,0.44651028513908386,12,0.019341811537742615,0.13619598746299744,12,1.0,0.008661001920700073,0.005583946593105793,1.5510538816452026,0.11749988049268723,37.68553924560547,-0.0006515067070722719,0.0017778908368200064,0.006198839750140905,0.0005699672037735581,1.8329592420263108e-07,-0.0006516900029964745,0.0017917740624397993,0.004144313745200634,0.017322933301329613,0.03463197872042656,0.0,386,1.93,0.05149152874946594,0.0006516900029964745
0.00664538936689496,0.0,168.1332244873047,0.0,7.790294170379639,2.074802875518799,0.1359599381685257,2.057753086090088,0.19299177825450897,80.92735290527344,3.50561567756813e-05,0.006610332988202572,0.0026368089020252228,-7.275957614183426e-12,8.166514453478158e-05,0.9677555561065674,6.837153434753418,0.035869449377059937,0.0015575315337628126,-4.745030879974365,-5.185674667358398,0.4461003839969635,13,0.019335390999913216,0.13631348311901093,13,1.0,0.008657211437821388,0.005580559838563204,1.5513159036636353,0.11743944138288498,37.68463134765625,-0.0006509944796562334,0.001776929129846394,0.006207861937582493,0.0005693738348782063,4.447065292401131e-08,-0.0006510389503091574,0.0017910784808918834,0.004140798002481461,0.017325108870863914,0.03460783511400223,0.0,387,1.935,0.05149096995592117,0.0006510389503091574
0.0066421362571418285,0.0,168.13323974609375,0.0,7.790294170379639,2.0748026371002197,0.1359599381685257,2.057753086090088,0.19299177825450897,80.92735290527344,3.5095505154458806e-05,0.006607040762901306,0.0026366491802036762,2.1827872842550278e-11,8.161090227076784e-05,0.9679001569747925,6.8370361328125,0.035862088203430176,0.0015566396759822965,-4.74547004699707,-5.186282634735107,0.44589492678642273,13,0.019329452887177467,0.13643097877502441,13,1.0,0.008653426542878151,0.0055771772749722,1.551578164100647,0.1173790916800499,37.68357467651367,-0.0006502028554678102,0.0017760006012395024,0.006216851063072681,0.0005687808152288198,1.8888385965032395e-07,-0.0006503917393274605,0.0017893079202622175,0.004139757715165615,0.017326747998595238,0.0345994308590889,0.0,388,1.94,0.05148974433541298,0.0006503917393274605
0.0066388873383402824,0.0,168.13323974609375,0.0,7.790294647216797,2.074803113937378,0.1359599381685257,2.057753324508667,0.19299177825450897,80.92736053466797,3.513387855491601e-05,0.006603753659874201,0.0026365024968981743,3.2741809263825417e-11,8.154769602697343e-05,0.9680443406105042,6.836918830871582,0.03585489094257355,0.001552419736981392,-4.745909214019775,-5.186890602111816,0.44582459330558777,13,0.01932237669825554,0.13654837012290955,13,1.0,0.008649643510580063,0.0055737970396876335,1.5518404245376587,0.11731880903244019,37.682430267333984,-0.0006497837603092332,0.0017749841790646315,0.006225919816643,0.0005681162001565099,-1.1990778149562065e-07,-0.0006496638525277376,0.0017898072255775332,0.004138267133384943,0.017313482239842415,0.034564390778541565,0.0,389,1.945,0.05148862302303314,0.0006496639107353985
0.006635638419538736,0.0,168.1332550048828,0.0,7.790294170379639,2.074802875518799,0.1359599381685257,2.057753324508667,0.19299177825450897,80.92736053466797,3.517126606311649e-05,0.006600467022508383,0.002636368852108717,1.4551915228366852e-11,8.148070628521964e-05,0.9681885838508606,6.836800575256348,0.03584783524274826,0.0015563539927825332,-4.746347904205322,-5.187498092651367,0.4452386498451233,13,0.019314905628561974,0.13666482269763947,13,1.0,0.008645866066217422,0.005570420995354652,1.55210280418396,0.11725855618715286,37.681278228759766,-0.0006495043635368486,0.001773896045051515,0.00623501930385828,0.0005674462299793959,-5.774199962754745e-07,-0.0006489269435405731,0.0017896430799737573,0.004134875722229481,0.017324505373835564,0.03452901542186737,0.0,390,1.95,0.05148761346936226,0.0006489269435405731
0.006632392294704914,0.0,168.1332550048828,0.0,7.790295124053955,2.074802875518799,0.1359599381685257,2.057753324508667,0.19299177825450897,80.92736053466797,3.520959580782801e-05,0.006597182713449001,0.0026362468488514423,1.4551915228366852e-11,8.141803846228868e-05,0.9683322906494141,6.836682319641113,0.03584093600511551,0.001553631853312254,-4.746786117553711,-5.18810510635376,0.4447985589504242,13,0.019307848066091537,0.13678303360939026,13,1.0,0.008642095141112804,0.005567050538957119,1.5523651838302612,0.11719842255115509,37.680294036865234,-0.0006484799087047715,0.0017728856764733791,0.006244033109396696,0.0005667920922860503,-2.697925083476908e-07,-0.0006482101161964238,0.0017920706886798143,0.004132663365453482,0.017315266653895378,0.034491680562496185,0.0,391,1.955,0.05148667097091675,0.0006482101161964238
0.006629153620451689,0.0,168.13327026367188,0.0,7.790295124053955,2.074803113937378,0.1359599381685257,2.057753562927246,0.19299177825450897,80.9273681640625,3.524827479850501e-05,0.0065939053893089294,0.0026361357886344194,1.0913936421275139e-11,8.13554142951034e-05,0.9684760570526123,6.836564064025879,0.0358341708779335,0.0015522298635914922,-4.747223854064941,-5.188711643218994,0.44454225897789,13,0.019300702959299088,0.13689900934696198,13,1.0,0.00863832887262106,0.005563684273511171,1.552627444267273,0.11713837832212448,37.67909240722656,-0.0006473623216152329,0.0017718964954838157,0.006253029685467482,0.0005661589675582945,1.520384102922075e-07,-0.0006475143600255251,0.00178840896114707,0.004128636326640844,0.017318591475486755,0.03445643559098244,0.0,392,1.96,0.05148585885763168,0.0006475143600255251
0.006625918671488762,0.0,168.13327026367188,0.0,7.790295600891113,2.074803352355957,0.1359599381685257,2.057753562927246,0.19299177825450897,80.9273681640625,3.528791057760827e-05,0.006590630859136581,0.0026360410265624523,-2.1827872842550278e-11,8.130494097713381e-05,0.9686194658279419,6.8364458084106445,0.03582761064171791,0.0015480804722756147,-4.747661590576172,-5.18931770324707,0.44422778487205505,13,0.019295290112495422,0.13701710104942322,13,1.0,0.008634564466774464,0.005560322664678097,1.552889108657837,0.11707840114831924,37.67787551879883,-0.0006467569619417328,0.0017709981184452772,0.006261907052248716,0.0005655667046085,1.1466909198576142e-07,-0.0006468716310337186,0.0017879132647067308,0.0041299844160676,0.017326315864920616,0.03447240591049194,0.0,393,1.965,0.05148513615131378,0.0006468716310337186
0.006622686050832272,0.0,168.13328552246094,0.0,7.7902960777282715,2.074803113937378,0.1359599381685257,2.057753562927246,0.19299177825450897,80.92737579345703,3.53267569153104e-05,0.006587359122931957,0.0026359260082244873,1.0913936421275139e-11,8.12444050097838e-05,0.9687631130218506,6.83632755279541,0.03582111746072769,0.001542668673209846,-4.748098850250244,-5.189923286437988,0.4440925121307373,13,0.019288603216409683,0.13713397085666656,13,1.0,0.00863080658018589,0.005556965246796608,1.5531511306762695,0.11701850593090057,37.67668914794922,-0.0006459653377533097,0.0017699950840324163,0.006270939949899912,0.0005649057566188276,1.8480932338648965e-07,-0.0006461501470766962,0.001786713139154017,0.00413006404414773,0.017323901876807213,0.03446095064282417,0.0,394,1.97,0.051483962684869766,0.0006461501470766962
0.006619459018111229,0.0,168.13328552246094,0.0,7.79029655456543,2.074803352355957,0.1359599381685257,2.057753801345825,0.19299177825450897,80.92737579345703,3.536367876222357e-05,0.006584095302969217,0.0026358028408139944,1.0913936421275139e-11,8.117033576127142e-05,0.968906581401825,6.836209297180176,0.0358147919178009,0.0015375289367511868,-4.748536109924316,-5.190528392791748,0.44369247555732727,13,0.0192803293466568,0.13725094497203827,13,1.0,0.008627049624919891,0.005553613882511854,1.553411841392517,0.11695865541696548,37.67534255981445,-0.0006452202796936173,0.001768826274201274,0.006280118133872747,0.0005641362513415515,8.63219611209028e-08,-0.0006453066016547382,0.0017843624809756875,0.004129471722990274,0.017341123893857002,0.03446926549077034,0.0,395,1.975,0.05148252099752426,0.0006453066016547382
0.0066162338480353355,0.0,168.13328552246094,0.0,7.79029655456543,2.074803590774536,0.1359599381685257,2.057753562927246,0.19299177825450897,80.92737579345703,3.540069883456454e-05,0.006580833345651627,0.002635688753798604,1.0913936421275139e-11,8.109549526125193e-05,0.9690501093864441,6.836090564727783,0.03580859676003456,0.0015375936636701226,-4.7489728927612305,-5.19113302230835,0.44302797317504883,13,0.01927190274000168,0.13736788928508759,13,1.0,0.00862329825758934,0.005550266243517399,1.5536729097366333,0.11689888685941696,37.674072265625,-0.0006445217877626557,0.0017676454735919833,0.006289331708103418,0.0005633885157294571,-3.7776771946609715e-08,-0.0006444840109907091,0.0017821594374254346,0.004126653540879488,0.017361115664243698,0.03445436805486679,0.0,396,1.98,0.05148112028837204,0.0006444840109907091
0.0066130138002336025,0.0,168.13331604003906,0.0,7.790297031402588,2.074803590774536,0.1359599381685257,2.0577540397644043,0.19299177825450897,80.92738342285156,3.543907223502174e-05,0.006577574647963047,0.0026355874724686146,-1.4551915228366852e-11,8.102580613922328e-05,0.9691938757896423,6.835971832275391,0.03580252081155777,0.001534321578219533,-4.749409198760986,-5.191736698150635,0.44282448291778564,14,0.019263921305537224,0.1374833583831787,14,1.0,0.008619552478194237,0.00554692605510354,1.5539331436157227,0.11683923006057739,37.67262268066406,-0.0006436835974455017,0.001766561414115131,0.006298471707850695,0.0005626881611533463,3.038439898306062e-08,-0.0006437139818444848,0.0017834327882155776,0.0041230833157896996,0.01734093204140663,0.03440695255994797,0.0,397,1.985,0.05147985368967056,0.0006437139818444848
0.006609797012060881,0.0,168.13333129882812,0.0,7.790297508239746,2.0748038291931152,0.1359599381685257,2.057753801345825,0.19299177825450897,80.92738342285156,3.547728556441143e-05,0.006574319675564766,0.002635498531162739,0.0,8.09593329904601e-05,0.9693371653556824,6.83585262298584,0.0357966274023056,0.0015303516993299127,-4.749845504760742,-5.19234037399292,0.442486971616745,14,0.01925651542842388,0.13760091364383698,14,1.0,0.008615808561444283,0.005543587263673544,1.5541937351226807,0.1167796403169632,37.67119216918945,-0.0006430782377720016,0.0017654809635132551,0.006307562813162804,0.0005619857693091035,-1.331209205227609e-07,-0.0006429451168514788,0.0017816991312429309,0.004122354090213776,0.017359750345349312,0.03442765399813652,0.0,398,1.99,0.051478661596775055,0.0006429451168514788
0.006606583017855883,0.0,168.13331604003906,0.0,7.790297508239746,2.0748038291931152,0.1359599381685257,2.0577542781829834,0.19299177825450897,80.92738342285156,3.551450208760798e-05,0.006571068428456783,0.0026353932917118073,-3.637978807091713e-12,8.088434697128832e-05,0.9694805145263672,6.835733413696289,0.0357908234000206,0.0015348164597526193,-4.75028133392334,-5.192943096160889,0.44154271483421326,14,0.019248109310865402,0.13771547377109528,14,1.0,0.00861207116395235,0.005540256388485432,1.5544534921646118,0.11672011762857437,37.66972732543945,-0.0006421469151973861,0.0017642808379605412,0.006316813640296459,0.0005612461245618761,-1.6414560391258756e-08,-0.0006421305006369948,0.001778932404704392,0.004118643701076508,0.017407532781362534,0.03443596884608269,0.0,399,1.995,0.05147727578878403,0.0006421305006369948
0.006603375542908907,0.0,168.13333129882812,0.0,7.790297985076904,2.0748038291931152,0.1359599381685257,2.0577542781829834,0.19299177825450897,80.9273910522461,3.555460716597736e-05,0.006567820906639099,0.0026353001594543457,-2.1827872842550278e-11,8.082361455308273e-05,0.9696241617202759,6.835613250732422,0.035785168409347534,0.0015287334099411964,-4.750716686248779,-5.193545341491699,0.44158491492271423,14,0.019241247326135635,0.1378316730260849,14,1.0,0.008608339354395866,0.0055369301699101925,1.5547133684158325,0.11666075885295868,37.66820526123047,-0.0006414484232664245,0.0017632958479225636,0.006325905676931143,0.0005605948390439153,-2.997694538409666e-08,-0.0006414184463210404,0.001777165336534381,0.004117065574973822,0.017388753592967987,0.03440723940730095,0.0,400,2.0,0.05147595703601837,0.0006414184463210404
0.0066001685336232185,0.0,168.1333465576172,0.0,7.7902984619140625,2.0748038291931152,0.1359599381685257,2.0577545166015625,0.19299177825450897,80.9273910522461,3.559351898729801e-05,0.006564575247466564,0.0026352228596806526,-3.637978807091713e-12,8.075597725110129e-05,0.9697674512863159,6.835493087768555,0.035779714584350586,0.0015283474931493402,-4.751152038574219,-5.194147109985352,0.44141194224357605,14,0.019233502447605133,0.13794772326946259,14,1.0,0.008604607544839382,0.005533608142286539,1.5549722909927368,0.11660142987966537,37.66657257080078,-0.0006411224603653091,0.0017622268060222268,0.006335030309855938,0.0005599161377176642,-4.503526725011583e-07,-0.0006406721076928079,0.0017753948923200369,0.004112762399017811,0.01736299693584442,0.03437425196170807,0.0,401,2.005,0.051474764943122864,0.0006406721076928079
0.006596964318305254,0.0,168.1333465576172,0.0,7.7902984619140625,2.0748038291931152,0.1359599381685257,2.0577547550201416,0.19299177825450897,80.92739868164062,3.56330638169311e-05,0.0065613314509391785,0.0026351441629230976,-1.4551915228366852e-11,8.069510658970103e-05,0.969910740852356,6.8353729248046875,0.0357743501663208,0.0015305052511394024,-4.751587390899658,-5.194748878479004,0.44099512696266174,14,0.019226595759391785,0.13806432485580444,14,1.0,0.008600878529250622,0.005530288442969322,1.5552314519882202,0.11654214560985565,37.66505432128906,-0.0006401911377906936,0.0017612302908673882,0.006344037130475044,0.0005592996021732688,-1.9645085559661345e-07,-0.000639994686935097,0.0017734309658408165,0.004108472727239132,0.01736298017203808,0.03433956950902939,0.0,402,2.0100000000000002,0.051473505795001984,0.000639994686935097
0.006593766622245312,0.0,168.13336181640625,0.0,7.790298938751221,2.0748040676116943,0.1359599381685257,2.0577542781829834,0.19299177825450897,80.92739868164062,3.5673710954142734e-05,0.006558092776685953,0.002635064534842968,1.8189894035458565e-11,8.064054418355227e-05,0.9700537919998169,6.835251808166504,0.035769179463386536,0.0015261804219335318,-4.752021789550781,-5.195350170135498,0.4408635199069977,14,0.0192203838378191,0.13817963004112244,14,1.0,0.008597158826887608,0.005526972934603691,1.5554914474487305,0.1164829432964325,37.66340255737305,-0.000639073550701155,0.0017603350570425391,0.006352922413498163,0.0005587163614109159,2.833548933130984e-07,-0.0006393569055944681,0.0017694319831207395,0.004105647560209036,0.017372408881783485,0.034312665462493896,0.0,403,2.015,0.05147214233875275,0.0006393569055944681
0.006590573582798243,0.0,168.1333770751953,0.0,7.790298938751221,2.0748040676116943,0.1359599381685257,2.0577545166015625,0.19299177825450897,80.92740631103516,3.571417983039282e-05,0.006554859224706888,0.0026350009720772505,0.0,8.058788807829842e-05,0.9701964855194092,6.83513069152832,0.0357641726732254,0.0015230556018650532,-4.752456188201904,-5.195950984954834,0.4408416450023651,14,0.019214529544115067,0.13829603791236877,14,1.0,0.008593441918492317,0.005523663014173508,1.5557506084442139,0.11642379313707352,37.661773681640625,-0.000639073550701155,0.0017594301607459784,0.006361793261021376,0.0005581328878179193,-3.527966328101869e-07,-0.0006387207540683448,0.0017727053491398692,0.004104456398636103,0.017341911792755127,0.034275613725185394,0.0,404,2.02,0.05147089064121246,0.0006387207540683448
0.0065873758867383,0.0,168.1333770751953,0.0,7.790299415588379,2.0748043060302734,0.1359599381685257,2.0577547550201416,0.19299177825450897,80.92740631103516,3.575368464225903e-05,0.006551622413098812,0.0026349478866904974,0.0,8.05301169748418e-05,0.9703389406204224,6.835010051727295,0.03575929254293442,0.0015311596216633916,-4.752890586853027,-5.19655179977417,0.440178781747818,14,0.019208047538995743,0.13841021060943604,14,1.0,0.008589725010097027,0.005520354025065899,1.5560097694396973,0.11636465787887573,37.66007995605469,-0.000638468191027655,0.001758451689966023,0.00637070182710886,0.0005575538380071521,-3.842287697034593e-07,-0.0006380839622579515,0.0017690346576273441,0.00409921258687973,0.017371274530887604,0.03427114337682724,0.0,405,2.025,0.05146975815296173,0.0006380839622579515
0.006584188900887966,0.0,168.13339233398438,0.0,7.790299892425537,2.0748043060302734,0.1359599381685257,2.0577549934387207,0.19299177825450897,80.92740631103516,3.5796838346868753e-05,0.006548392120748758,0.002634909935295582,-2.546585164964199e-11,8.049311145441607e-05,0.970481276512146,6.834887981414795,0.03575461357831955,0.0015255359467118979,-4.753324031829834,-5.1971516609191895,0.44037574529647827,14,0.019203919917345047,0.13852690160274506,14,1.0,0.008586019277572632,0.005517052486538887,1.5562692880630493,0.11630567908287048,37.658382415771484,-0.0006373506039381163,0.001757766935043037,0.0063793594017624855,0.000557097839191556,2.403394318981544e-07,-0.0006375909433700144,0.0017672564135864377,0.004097873345017433,0.017348788678646088,0.03425050154328346,0.0,406,2.0300000000000002,0.051468681544065475,0.0006375909433700144
0.006581002380698919,0.0,168.1333770751953,0.0,7.790299892425537,2.0748043060302734,0.1359599381685257,2.0577547550201416,0.19299177825450897,80.92740631103516,3.583853322197683e-05,0.006545163691043854,0.0026348833926022053,0.0,8.045163849601522e-05,0.9706236124038696,6.834766387939453,0.03575009107589722,0.0015251415316015482,-4.753757476806641,-5.197751522064209,0.44015249609947205,14,0.01919955015182495,0.138643279671669,14,1.0,0.008582314476370811,0.005513753741979599,1.5565284490585327,0.11624669283628464,37.656551361083984,-0.0006373506039381163,0.001756963785737753,0.006388102192431688,0.0005565875908359885,-3.113527782396897e-07,-0.0006370392511598766,0.0017658740980550647,0.004098369739949703,0.017349479719996452,0.034272707998752594,0.0,407,2.035,0.05146770924329758,0.0006370392511598766
0.006577815394848585,0.0,168.1333770751953,0.0,7.790299892425537,2.0748045444488525,0.1359599381685257,2.0577547550201416,0.19299177825450897,80.92740631103516,3.5879922506865114e-05,0.006541935261338949,0.0026348670944571495,4.729372449219227e-11,8.040131069719791e-05,0.9707657098770142,6.834644317626953,0.03574565052986145,0.0015326187713071704,-4.754190921783447,-5.1983513832092285,0.4394107460975647,14,0.01919381693005562,0.1387598067522049,14,1.0,0.008578610606491566,0.005510456394404173,1.5567877292633057,0.11618775874376297,37.65470886230469,-0.0006366986781358854,0.001756096724420786,0.0063969590701162815,0.0005560810095630586,-2.1641608328982435e-07,-0.0006364822620525956,0.0017625391483306885,0.004092065617442131,0.017379270866513252,0.03423876315355301,0.0,408,2.04,0.051466818898916245,0.0006364823202602565
0.006574635393917561,0.0,168.13339233398438,0.0,7.790299892425537,2.0748043060302734,0.1359599381685257,2.0577549934387207,0.19299177825450897,80.92740631103516,3.5924440453527495e-05,0.00653871102258563,0.002634866628795862,-1.0913936421275139e-11,8.036861254367977e-05,0.9709079265594482,6.8345208168029785,0.0357414111495018,0.0015261750668287277,-4.7546234130859375,-5.19895076751709,0.43970510363578796,14,0.0191901046782732,0.13887600600719452,14,1.0,0.00857491698116064,0.0055071632377803326,1.557047963142395,0.11612896621227264,37.65290832519531,-0.00063576735556127,0.0017554810037836432,0.006405602674931288,0.0005556658725254238,2.671149559183494e-07,-0.0006360344705171883,0.0017607428599148989,0.0040899645537137985,0.01734847016632557,0.03420000150799751,0.0,409,2.045,0.05146603286266327,0.0006360344705171883
0.0065714577212929726,0.0,168.13340759277344,0.0,7.790300369262695,2.0748047828674316,0.1359599381685257,2.0577552318573,0.19299177825450897,80.92741394042969,3.5967284929938614e-05,0.00653549050912261,0.0026348785031586885,1.4551915228366852e-11,8.03264047135599e-05,0.9710495471954346,6.83439826965332,0.035737309604883194,0.0015198986511677504,-4.755056381225586,-5.199550151824951,0.43991467356681824,14,0.019185306504368782,0.13899290561676025,14,1.0,0.008571220561861992,0.005503872409462929,1.557307243347168,0.11607015132904053,37.65092086791992,-0.0006353016942739622,0.0017547409515827894,0.006414312869310379,0.0005551727372221649,1.9744038580492892e-07,-0.0006354991346597672,0.0017589506460353732,0.004087904002517462,0.01732211746275425,0.03416295722126961,0.0,410,2.05,0.05146535858511925,0.0006354991346597672
0.006568282376974821,0.0,168.1334228515625,0.0,7.7903008460998535,2.0748047828674316,0.1359599381685257,2.0577552318573,0.19299177825450897,80.92742156982422,3.600860509322956e-05,0.006532273720949888,0.002634903881698847,-7.275957614183426e-12,8.027529111132026e-05,0.9711910486221313,6.834275245666504,0.03573337197303772,0.0015193831641227007,-4.755489349365234,-5.2001495361328125,0.43958353996276855,14,0.01917940564453602,0.13910803198814392,14,1.0,0.008567526936531067,0.0055005839094519615,1.55756676197052,0.11601134389638901,37.6490364074707,-0.0006347429007291929,0.0017538887914270163,0.006423079874366522,0.0005546364118345082,1.6880221663550295e-07,-0.0006349117029458284,0.0017568723997101188,0.004083199892193079,0.01732323318719864,0.0341334268450737,0.0,411,2.055,0.05146479606628418,0.0006349117029458284
0.006565110292285681,0.0,168.13340759277344,0.0,7.790300369262695,2.0748047828674316,0.1359599381685257,2.0577549934387207,0.19299177825450897,80.92741394042969,3.6051158531336114e-05,0.006529059261083603,0.0026349425315856934,1.0913936421275139e-11,8.023459668038413e-05,0.9713320732116699,6.834152698516846,0.03572957590222359,0.001523609389550984,-4.755922317504883,-5.200748443603516,0.4392814040184021,14,0.01917484775185585,0.13922463357448578,14,1.0,0.008563834242522717,0.00549729960039258,1.5578256845474243,0.11595261842012405,37.64716339111328,-0.0006342772394418852,0.0017531370976939797,0.006431750487536192,0.0005541861173696816,1.4348188413814463e-07,-0.0006344207213260233,0.001755035249516368,0.004078852944076061,0.017323695123195648,0.03410772606730461,0.0,412,2.06,0.05146433413028717,0.0006344207213260233
0.006561939604580402,0.0,168.13340759277344,0.0,7.790301322937012,2.0748047828674316,0.1359599381685257,2.057755470275879,0.19299177825450897,80.92742156982422,3.6095014365855604e-05,0.006525844801217318,0.002634993754327297,1.8189894035458565e-11,8.020153472898528e-05,0.971473217010498,6.834029674530029,0.03572594374418259,0.0015225927345454693,-4.756354808807373,-5.2013468742370605,0.43931108713150024,14,0.019171150401234627,0.13934122025966644,14,1.0,0.008560147136449814,0.005494019482284784,1.5580846071243286,0.11589395254850388,37.64516067504883,-0.0006338581442833082,0.0017524962313473225,0.00644031073898077,0.0005537814577110112,1.2485543264583506e-07,-0.0006339829997159541,0.0017530560726299882,0.004075882490724325,0.017306407913565636,0.03407470881938934,0.0,413,2.065,0.051463961601257324,0.0006339829997159541
0.006558771710842848,0.0,168.1334228515625,0.0,7.790301322937012,2.0748047828674316,0.1359599381685257,2.057755470275879,0.19299177825450897,80.92742156982422,3.613869193941355e-05,0.006522633135318756,0.0026350566186010838,-1.0913936421275139e-11,8.016459469217807e-05,0.9716140031814575,6.833906173706055,0.03572244942188263,0.001522159785963595,-4.756787300109863,-5.2019453048706055,0.4394122064113617,14,0.019166775047779083,0.13945640623569489,14,1.0,0.00855646189302206,0.005490741692483425,1.558343529701233,0.11583531647920609,37.64308166503906,-0.0006333459168672697,0.0017518445383757353,0.006448859348893166,0.0005533713265322149,1.899898052080051e-07,-0.0006335359066724777,0.0017512582708150148,0.004069963935762644,0.017265738919377327,0.034021586179733276,0.0,414,2.07,0.05146369710564613,0.0006335359066724777
0.00655560614541173,0.0,168.1334228515625,0.0,7.79030179977417,2.0748047828674316,0.1359599381685257,2.057755470275879,0.19299177825450897,80.92742919921875,3.618240589275956e-05,0.006519423797726631,0.0026351367123425007,1.0913936421275139e-11,8.012918260646984e-05,0.9717539548873901,6.833783149719238,0.035719163715839386,0.0015157281886786222,-4.7572197914123535,-5.20254373550415,0.43962806463241577,14,0.019162625074386597,0.1395738571882248,14,1.0,0.008552777580916882,0.005487465765327215,1.5586024522781372,0.11577670276165009,37.641014099121094,-0.0006327871233225003,0.0017512220656499267,0.006457323208451271,0.0005529482150450349,2.9028160496201785e-07,-0.0006330774049274623,0.0017441277159377933,0.004066191613674164,0.01725132018327713,0.0340038426220417,0.0,415,2.075,0.051463522017002106,0.0006330774049274623
0.006552443839609623,0.0,168.13343811035156,0.0,7.79030179977417,2.0748047828674316,0.1359599381685257,2.057755470275879,0.19299177825450897,80.92742919921875,3.6226534575689584e-05,0.00651621725410223,0.0026352282147854567,2.9103830456733704e-11,8.01023852545768e-05,0.9718942642211914,6.833660125732422,0.03571600466966629,0.0015112594701349735,-4.757652759552002,-5.2031426429748535,0.43988895416259766,14,0.019159719347953796,0.13969087600708008,14,1.0,0.008549091406166553,0.005484189372509718,1.558861494064331,0.11571808159351349,37.638858795166016,-0.0006325077265501157,0.0017506541917100549,0.006465692538768053,0.0005525714950636029,1.6612466423359187e-07,-0.0006326738512143493,0.001746953115798533,0.0040653180330991745,0.017206531018018723,0.033963534981012344,0.0,416,2.08,0.05146346241235733,0.0006326738512143493
0.006549281068146229,0.0,168.1334686279297,0.0,7.7903032302856445,2.07480525970459,0.1359599381685257,2.057755947113037,0.19299177825450897,80.92743682861328,3.626884790719487e-05,0.006513012107461691,0.002635327400639653,-3.8198777474462986e-11,8.006300049601123e-05,0.9720340967178345,6.8335371017456055,0.03571293503046036,0.001510566333308816,-4.75808572769165,-5.203741550445557,0.43979090452194214,14,0.019155241549015045,0.1398051679134369,14,1.0,0.0085454061627388,0.00548091484233737,1.5591204166412354,0.1156594455242157,37.636898040771484,-0.0006320886313915387,0.0017499432433396578,0.006474155001342297,0.0005521223065443337,9.674113242473872e-08,-0.0006321853725239635,0.0017438018694519997,0.004061609972268343,0.017202194780111313,0.03393750265240669,0.0,417,2.085,0.051463495939970016,0.0006321853143163025
0.006546122953295708,0.0,168.1334686279297,0.0,7.7903032302856445,2.07480525970459,0.1359599381685257,2.057755470275879,0.19299177825450897,80.92743682861328,3.631218714872375e-05,0.00650981068611145,0.002635444514453411,5.4569682106375694e-12,8.003090624697506e-05,0.972173810005188,6.833414554595947,0.03571007773280144,0.0015057472046464682,-4.758518695831299,-5.204339981079102,0.440034955739975,14,0.01915169134736061,0.13992230594158173,14,1.0,0.008541722781956196,0.005477644968777895,1.5593786239624023,0.11560087651014328,37.634586334228516,-0.0006314367055893079,0.0017493165796622634,0.006482537370175123,0.0005517067620530725,3.009336069091824e-07,-0.0006317376391962171,0.0017420314252376556,0.004060275852680206,0.017174312844872475,0.033910878002643585,0.0,418,2.09,0.051463618874549866,0.0006317376391962171
0.006542966701090336,0.0,168.1334686279297,0.0,7.7903032302856445,2.074805498123169,0.1359599381685257,2.057755947113037,0.19299177825450897,80.92743682861328,3.635424218373373e-05,0.006506612524390221,0.0026355315931141376,1.0913936421275139e-11,7.998959335964173e-05,0.9723132848739624,6.833291530609131,0.03570675477385521,0.001499755191616714,-4.7589521408081055,-5.2049384117126465,0.4402795135974884,14,0.019147004932165146,0.14003771543502808,14,1.0,0.008538037538528442,0.005474376492202282,1.5596364736557007,0.11554227024316788,37.63246154785156,-0.0006308779120445386,0.0017485853750258684,0.0064909919165074825,0.0005512211355380714,3.3283140508976253e-07,-0.0006312107434496284,0.0017402458470314741,0.004058386664837599,0.0171461533755064,0.0338771790266037,0.0,419,2.095,0.05146385729312897,0.0006312107434496284
0.0065398141741752625,0.0,168.1334686279297,0.0,7.790303707122803,2.074805498123169,0.1359599381685257,2.057755947113037,0.19299177825450897,80.92744445800781,3.639491114881821e-05,0.0065034194849431515,0.0026356284506618977,4.547473508864641e-11,7.99401241238229e-05,0.9724524617195129,6.833168983459473,0.03570353984832764,0.0014937416417524219,-4.759385585784912,-5.205536842346191,0.440470814704895,14,0.01914137788116932,0.140156090259552,14,1.0,0.008534352295100689,0.005471110809594393,1.5598938465118408,0.11548369377851486,37.63016891479492,-0.0006303191184997693,0.0017477490473538637,0.006499503739178181,0.0005506692687049508,2.902233973011044e-07,-0.0006306093418970704,0.0017384975217282772,0.00405646488070488,0.01711958274245262,0.033839449286460876,0.0,420,2.1,0.05146418511867523,0.0006306094001047313
0.006536663509905338,0.0,168.1334686279297,0.0,7.790303707122803,2.07480525970459,0.1359599381685257,2.057755947113037,0.19299177825450897,80.92744445800781,3.643423042376526e-05,0.006500229239463806,0.002635733690112829,7.275957614183426e-12,7.98844121163711e-05,0.9725912809371948,6.8330464363098145,0.03570041060447693,0.0014916628133505583,-4.759819507598877,-5.206135272979736,0.44019651412963867,14,0.01913508214056492,0.14026892185211182,14,1.0,0.008530665189027786,0.005467846058309078,1.5601509809494019,0.11542507261037827,37.62786865234375,-0.0006299931555986539,0.0017468159785494208,0.006508057005703449,0.0005500708939507604,-3.783497960719792e-08,-0.0006299553206190467,0.001735135680064559,0.004054009448736906,0.01712910458445549,0.03382887691259384,0.0,421,2.105,0.051464639604091644,0.0006299553206190467
0.006533514242619276,0.0,168.1334686279297,0.0,7.790303707122803,2.074805498123169,0.1359599381685257,2.057755947113037,0.19299177825450897,80.92744445800781,3.647512130555697e-05,0.006497038993984461,0.0026358531322330236,7.275957614183426e-12,7.983680552570149e-05,0.972730278968811,6.832923889160156,0.03569745272397995,0.0014916484942659736,-4.760252952575684,-5.206733703613281,0.4399428367614746,14,0.019129619002342224,0.14038661122322083,14,1.0,0.008526984602212906,0.0054645841009914875,1.5604087114334106,0.11536654084920883,37.62552261352539,-0.0006293877959251538,0.0017460017697885633,0.0065165190026164055,0.0005495593650266528,8.3819031580952e-09,-0.0006293961778283119,0.001731997705064714,0.004049701616168022,0.017125461250543594,0.03380049020051956,0.0,422,2.11,0.05146515369415283,0.0006293961778283119
0.006530369631946087,0.0,168.13348388671875,0.0,7.790304183959961,2.074805498123169,0.1359599381685257,2.057755947113037,0.19299177825450897,80.92744445800781,3.651760198408738e-05,0.006493852008134127,0.0026359842158854008,1.8189894035458565e-12,7.980252848938107e-05,0.9728690385818481,6.83280086517334,0.035694606602191925,0.0014903709525242448,-4.76068639755249,-5.207331657409668,0.4399241805076599,14,0.01912589929997921,0.1405026912689209,14,1.0,0.0085233049467206,0.0054613263346254826,1.5606657266616821,0.11530807614326477,37.623199462890625,-0.0006286427378654614,0.0017453217878937721,0.006524853873997927,0.0005491270567290485,2.868473529681233e-07,-0.0006289295852184296,0.0017302719643339515,0.004048495553433895,0.017110751941800117,0.03378061205148697,0.0,423,2.115,0.05146578699350357,0.0006289295852184296
0.006527227815240622,0.0,168.1334991455078,0.0,7.790304183959961,2.074805498123169,0.1359599381685257,2.0577564239501953,0.19299177825450897,80.92745208740234,3.655950422398746e-05,0.006490668281912804,0.0026361248455941677,-1.6370904631912708e-11,7.97601678641513e-05,0.9730074405670166,6.83267879486084,0.035691894590854645,0.0014880343805998564,-4.761119842529297,-5.207929611206055,0.44000154733657837,14,0.019121047109365463,0.14061808586120605,14,1.0,0.008519627153873444,0.005458070430904627,1.5609228610992432,0.1152496412396431,37.6207389831543,-0.0006284099072218076,0.0017445797566324472,0.006533254869282246,0.0005486514419317245,1.6880221530464479e-09,-0.0006284115952439606,0.0017271189717575908,0.004044860135763884,0.01709546148777008,0.033748190850019455,0.0,424,2.12,0.05146648734807968,0.0006284115952439606
0.006524085532873869,0.0,168.1334991455078,0.0,7.790304183959961,2.074805736541748,0.1359599381685257,2.057756185531616,0.19299177825450897,80.92745208740234,3.660197035060264e-05,0.006487483624368906,0.0026361611671745777,-2.3646862246096134e-11,7.972043385962024e-05,0.973145604133606,6.832555294036865,0.03568749874830246,0.0014902139082551003,-4.7615532875061035,-5.208527565002441,0.4397183358669281,14,0.019116319715976715,0.14073418080806732,14,1.0,0.008515951223671436,0.005454817321151495,1.5611798763275146,0.11519122123718262,37.61827850341797,-0.0006279442459344997,0.0017438990762457252,0.006541566923260689,0.0005482316482812166,7.858034209982413e-09,-0.0006279521039687097,0.0017215129919350147,0.004037623759359121,0.017105456441640854,0.0337253101170063,0.0,425,2.125,0.05146639794111252,0.0006279521039687097
0.006520948372781277,0.0,168.1334991455078,0.0,7.790304660797119,2.074805736541748,0.1359599381685257,2.0577564239501953,0.19299177825450897,80.92745971679688,3.664926771307364e-05,0.006484298966825008,0.0026361909694969654,-9.094947017729282e-12,7.971389277372509e-05,0.9732836484909058,6.832431793212891,0.035683028399944305,0.0014852620661258698,-4.76198673248291,-5.20912504196167,0.44029462337493896,14,0.01911560818552971,0.14085088670253754,14,1.0,0.008512276224792004,0.005451567936688662,1.5614362955093384,0.1151328831911087,37.61589431762695,-0.0006276648491621151,0.0017436242196708918,0.006549525074660778,0.0005480366526171565,8.568167685128834e-08,-0.0006277505308389664,0.0017197291599586606,0.004035051446408033,0.017051538452506065,0.03367694839835167,0.0,426,2.13,0.0514662005007267,0.0006277505308389664
0.006517808884382248,0.0,168.1334991455078,0.0,7.790304660797119,2.074805736541748,0.1359599381685257,2.0577564239501953,0.19299177825450897,80.92745208740234,3.6695371818495914e-05,0.006481113377958536,0.002636231714859605,7.275957614183426e-12,7.970468868734315e-05,0.9734210968017578,6.832309246063232,0.03567862883210182,0.001491245348006487,-4.762420654296875,-5.209722995758057,0.44014737010002136,14,0.019114749506115913,0.14096549153327942,14,1.0,0.008508599363267422,0.0054483176209032536,1.5616929531097412,0.11507447808980942,37.61341094970703,-0.0006276648491621151,0.0017432646127417684,0.0065575167536735535,0.0005478399689309299,-1.2019881979964588e-07,-0.0006275446503423154,0.0017180750146508217,0.004031324293464422,0.01703999564051628,0.033650968223810196,0.0,427,2.1350000000000002,0.05146612972021103,0.0006275446503423154
0.006514671724289656,0.0,168.13351440429688,0.0,7.790306091308594,2.074805974960327,0.1359599381685257,2.0577566623687744,0.19299177825450897,80.92745971679688,3.6742254451382905e-05,0.006477929651737213,0.0026362850330770016,0.0,7.969632861204445e-05,0.9735584259033203,6.832185745239258,0.03567446023225784,0.0014964878791943192,-4.76285457611084,-5.210320949554443,0.43984073400497437,14,0.01911379024386406,0.14108285307884216,14,1.0,0.008504923433065414,0.005445069633424282,1.5619494915008545,0.1150161474943161,37.610862731933594,-0.0006272923201322689,0.0017429543659090996,0.006565485615283251,0.0005476701771840453,7.415655999042179e-08,-0.0006273664766922593,0.0017159219132736325,0.004025276750326157,0.017041634768247604,0.033615272492170334,0.0,428,2.14,0.051466092467308044,0.0006273664766922593
0.006511535961180925,0.0,168.13352966308594,0.0,7.790306568145752,2.074805974960327,0.1359599381685257,2.0577564239501953,0.19299177825450897,80.9274673461914,3.679309884319082e-05,0.006474742665886879,0.002636346500366926,-1.2732925824820995e-11,7.971216109581292e-05,0.9736952781677246,6.832062721252441,0.03567029535770416,0.0014989683404564857,-4.763288497924805,-5.21091890335083,0.4399811625480652,14,0.019115693867206573,0.1411956399679184,14,1.0,0.008501249365508556,0.00544182350859046,1.5622060298919678,0.11495785415172577,37.608280181884766,-0.0006272923201322689,0.0017429535510018468,0.006573227699846029,0.0005476780934259295,9.790528564311649e-08,-0.000627390225417912,0.0017093216301873326,0.004020791035145521,0.01703733578324318,0.033609818667173386,0.0,429,2.145,0.051466204226017,0.000627390225417912
0.006508398801088333,0.0,168.13352966308594,0.0,7.790306568145752,2.0748064517974854,0.1359599381685257,2.0577569007873535,0.19299177825450897,80.92745971679688,3.684682451421395e-05,0.006471551954746246,0.0026364228688180447,2.1827872842550278e-11,7.974460459081456e-05,0.9738323092460632,6.831940650939941,0.0356663316488266,0.001498950063250959,-4.763722896575928,-5.211517333984375,0.44051143527030945,14,0.019119491800665855,0.14131267368793488,14,1.0,0.008497572503983974,0.00543857691809535,1.5624624490737915,0.11489959061145782,37.60572052001953,-0.0006271991878748073,0.0017431718297302723,0.006580817978829145,0.0005478169769048691,3.624008968339124e-07,-0.0006275615887716413,0.0017073648050427437,0.004016974940896034,0.01698908768594265,0.03356226906180382,0.0,430,2.15,0.051466379314661026,0.0006275615887716413
0.006505263969302177,0.0,168.13352966308594,0.0,7.790306568145752,2.074805974960327,0.1359599381685257,2.0577566623687744,0.19299177825450897,80.9274673461914,3.6900244595017284e-05,0.00646836357191205,0.0026364577934145927,-2.1827872842550278e-11,7.977397763170302e-05,0.9739687442779541,6.831818103790283,0.035662442445755005,0.00149298005271703,-4.764158248901367,-5.212116241455078,0.44137486815452576,14,0.01912294700741768,0.14142663776874542,14,1.0,0.008493890054523945,0.005435329396277666,1.5627185106277466,0.1148412823677063,37.60297393798828,-0.000627059489488615,0.0017433591419830918,0.006588434800505638,0.0005479083629325032,6.228219717607656e-07,-0.0006276823114603758,0.001705604954622686,0.004015044309198856,0.016926169395446777,0.03351496532559395,0.0,431,2.1550000000000002,0.051466140896081924,0.0006276823114603758
0.006502128206193447,0.0,168.133544921875,0.0,7.79030704498291,2.0748064517974854,0.1359599381685257,2.0577569007873535,0.19299177825450897,80.92747497558594,3.695151463034563e-05,0.006465176586061716,0.0026364666409790516,4.001776687800884e-11,7.979029032867402e-05,0.9741048216819763,6.831696510314941,0.03565872460603714,0.0014879737282171845,-4.764594554901123,-5.212716102600098,0.4420386552810669,14,0.019124913960695267,0.14154309034347534,14,1.0,0.008490201085805893,0.005432078614830971,1.5629746913909912,0.1147828996181488,37.600467681884766,-0.0006275251507759228,0.0017433728789910674,0.006596176419407129,0.0005478937528096139,1.5884870661951687e-07,-0.0006276839994825423,0.0017028924776241183,0.004012961871922016,0.016879452392458916,0.03348017483949661,0.0,432,2.16,0.051465585827827454,0.0006276840576902032
0.006498988717794418,0.0,168.133544921875,0.0,7.790306568145752,2.0748062133789062,0.1359599381685257,2.0577569007873535,0.19299177825450897,80.9274673461914,3.700127490446903e-05,0.006461987271904945,0.002636483870446682,-1.4551915228366852e-11,7.980153168318793e-05,0.9742407202720642,6.831575393676758,0.03565509244799614,0.0014936556108295918,-4.765031337738037,-5.213316440582275,0.44188249111175537,14,0.01912650838494301,0.14165697991847992,14,1.0,0.008486508391797543,0.005428827367722988,1.5632305145263672,0.11472444236278534,37.597740173339844,-0.0006275717169046535,0.001743261469528079,0.006604010239243507,0.0005478474777191877,7.729977367974903e-08,-0.0006276490166783333,0.0016957988264039159,0.004010403528809547,0.016895180568099022,0.033507201820611954,0.0,433,2.165,0.05146513134241104,0.0006276490166783333
0.006495852489024401,0.0,168.133544921875,0.0,7.79030704498291,2.0748064517974854,0.1359599381685257,2.0577569007873535,0.19299177825450897,80.92747497558594,3.705266863107681e-05,0.006458799820393324,0.0026365129742771387,1.4551915228366852e-11,7.98162363935262e-05,0.9743765592575073,6.831454753875732,0.035651613026857376,0.0014887313591316342,-4.765468120574951,-5.213916778564453,0.4424920976161957,14,0.019128410145640373,0.14177246391773224,14,1.0,0.008482818491756916,0.005425577983260155,1.5634865760803223,0.11466603726148605,37.59504318237305,-0.0006271526217460766,0.0017432257300242782,0.00661188131198287,0.0005478031234815717,4.66709025190846e-07,-0.0006276193307712674,0.0016950051067396998,0.004009888507425785,0.016849394887685776,0.033477503806352615,0.0,434,2.17,0.05146474391222,0.0006276193307712674
0.006492717191576958,0.0,168.133544921875,0.0,7.79030704498291,2.0748064517974854,0.1359599381685257,2.0577573776245117,0.19299177825450897,80.92748260498047,3.710183591465466e-05,0.006455615162849426,0.002636528806760907,-1.0913936421275139e-11,7.981323869898915e-05,0.9745122790336609,6.831335067749023,0.03564826399087906,0.0014828669372946024,-4.765905380249023,-5.214517593383789,0.44311755895614624,14,0.01912809908390045,0.1418888121843338,14,1.0,0.008479125797748566,0.005422328133136034,1.5637426376342773,0.11460758000612259,37.59221649169922,-0.0006271060556173458,0.0017429949948564172,0.0066199214197695255,0.0005476333317346871,3.4051481633044865e-07,-0.0006274465704336762,0.0016931588761508465,0.004007339011877775,0.016796348616480827,0.033429570496082306,0.0,435,2.1750000000000003,0.05146399140357971,0.0006274465704336762
0.006489581428468227,0.0,168.133544921875,0.0,7.790307521820068,2.0748064517974854,0.1359599381685257,2.0577571392059326,0.19299177825450897,80.92748260498047,3.7149573472561315e-05,0.0064524319022893906,0.002636432182043791,-9.094947017729282e-12,7.980373629834503e-05,0.9746477007865906,6.831215858459473,0.03564504534006119,0.0014830291038379073,-4.766343116760254,-5.215118885040283,0.4432968497276306,14,0.01912708766758442,0.14200392365455627,14,1.0,0.008475430309772491,0.005419077817350626,1.5639985799789429,0.11454907059669495,37.5894889831543,-0.0006270129233598842,0.001742660766467452,0.006628007628023624,0.0005474231438711286,2.139713615045705e-07,-0.0006272268947213888,0.0016892283456400037,0.004003622103482485,0.016781460493803024,0.033414822071790695,0.0,436,2.18,0.051461972296237946,0.0006272268947213888
0.006486447062343359,0.0,168.1335906982422,0.0,7.790308475494385,2.0748066902160645,0.1359599381685257,2.0577573776245117,0.19299177825450897,80.927490234375,3.719852611538954e-05,0.006449248641729355,0.002636190503835678,9.094947017729282e-12,7.980262307683006e-05,0.9747828841209412,6.831096172332764,0.035640984773635864,0.0014833543682470918,-4.766781330108643,-5.2157206535339355,0.4435892701148987,14,0.019127091392874718,0.1421191245317459,14,1.0,0.008471732959151268,0.005415826570242643,1.564254879951477,0.1144905611872673,37.58659362792969,-0.0006266869604587688,0.0017424229299649596,0.006636013742536306,0.0005472751217894256,3.908062353596845e-07,-0.0006270777666941285,0.0016875250730663538,0.004000604152679443,0.016741424798965454,0.03338663652539253,0.0,437,2.185,0.0514591783285141,0.0006270777666941285
0.00648331455886364,0.0,168.13357543945312,0.0,7.790307998657227,2.0748064517974854,0.1359599381685257,2.0577573776245117,0.19299177825450897,80.92748260498047,3.724706402863376e-05,0.006446067709475756,0.0026359381154179573,-3.637978807091713e-12,7.979672955116257e-05,0.974918007850647,6.830976963043213,0.03563667833805084,0.0014773396542295814,-4.767219543457031,-5.216322422027588,0.4441566467285156,14,0.019126493483781815,0.14223499596118927,14,1.0,0.00846803653985262,0.00541257718577981,1.5645109415054321,0.11443205177783966,37.58373260498047,-0.0006266403943300381,0.0017421450465917587,0.0066440524533391,0.0005470753530971706,2.316664904222646e-07,-0.0006268720608204603,0.001685846596956253,0.003998727537691593,0.0166938416659832,0.033344242721796036,0.0,438,2.19,0.05145645886659622,0.0006268720608204603
0.006480180658400059,0.0,168.1335906982422,0.0,7.790308475494385,2.0748066902160645,0.1359599381685257,2.057757616043091,0.19299177825450897,80.927490234375,3.7293750210665166e-05,0.0064428867772221565,0.0026356989983469248,3.637978807091713e-12,7.978302892297506e-05,0.9750525951385498,6.8308587074279785,0.035632528364658356,0.0014748498797416687,-4.767658233642578,-5.216924667358398,0.44430261850357056,14,0.019125178456306458,0.14235125482082367,14,1.0,0.008464338257908821,0.005409327335655689,1.5647672414779663,0.11437348276376724,37.58076858520508,-0.0006265006959438457,0.001741724438033998,0.006652176845818758,0.0005467980518005788,8.03847797081628e-08,-0.0006265810807235539,0.0016838830197229981,0.003998175263404846,0.01667650043964386,0.03334372490644455,0.0,439,2.195,0.05145382881164551,0.0006265810807235539
0.0064770495519042015,0.0,168.1335906982422,0.0,7.790308952331543,2.0748069286346436,0.1359599381685257,2.0577573776245117,0.19299177825450897,80.927490234375,3.734015626832843e-05,0.006439709570258856,0.002635461278259754,-3.637978807091713e-12,7.976074994076043e-05,0.9751872420310974,6.830739974975586,0.03562846779823303,0.0014745838707312942,-4.768097400665283,-5.217526912689209,0.4445704221725464,14,0.019122499972581863,0.14246483147144318,14,1.0,0.008460638113319874,0.005406079348176718,1.5650229454040527,0.11431492865085602,37.57773208618164,-0.0006261281669139995,0.0017412564484402537,0.006660373415797949,0.0005465036956593394,1.3626413418509151e-07,-0.0006262644310481846,0.0016821903409436345,0.003992193378508091,0.01662248931825161,0.033284228295087814,0.0,440,2.2,0.05145116150379181,0.0006262644310481846
0.006473919376730919,0.0,168.1335906982422,0.0,7.790309429168701,2.0748069286346436,0.1359599381685257,2.057757616043091,0.19299177825450897,80.92749786376953,3.73871844203677e-05,0.006436532363295555,0.002635229378938675,-2.7284841053187847e-11,7.974594336701557e-05,0.9753215312957764,6.830622673034668,0.03562457859516144,0.0014786111423745751,-4.7685370445251465,-5.218129634857178,0.44447124004364014,14,0.019120756536722183,0.14258050918579102,14,1.0,0.008456935174763203,0.005402830429375172,1.5652786493301392,0.1142563596367836,37.57476043701172,-0.000626035034656538,0.0017408686690032482,0.006668442860245705,0.0005462803528644145,-8.731149150355798e-09,-0.0006260263035073876,0.0016792494570836425,0.003985786344856024,0.016613194718956947,0.033257100731134415,0.0,441,2.205,0.05144842714071274,0.0006260263035073876
0.006470789201557636,0.0,168.1335906982422,0.0,7.790308952331543,2.0748069286346436,0.1359599381685257,2.057757616043091,0.19299177825450897,80.92749786376953,3.743697743630037e-05,0.0064333523623645306,0.0026349867694079876,-5.4569682106375694e-12,7.975085463840514e-05,0.9754555225372314,6.830504417419434,0.035620808601379395,0.0014827962731942534,-4.76897668838501,-5.2187323570251465,0.4446737766265869,14,0.01912141963839531,0.14269600808620453,14,1.0,0.008453233167529106,0.005399583838880062,1.565534234046936,0.11419785022735596,37.571739196777344,-0.0006257090717554226,0.0017407105769962072,0.006676318123936653,0.0005461989203467965,2.4068867786385204e-07,-0.0006259497604332864,0.001675453968346119,0.003981136251240969,0.016580095514655113,0.033221516758203506,0.0,442,2.21,0.051445379853248596,0.0006259497604332864
0.006467662286013365,0.0,168.1335906982422,0.0,7.790309429168701,2.0748071670532227,0.1359599381685257,2.057757616043091,0.19299177825450897,80.92749786376953,3.748884773813188e-05,0.006430173292756081,0.0026347411330789328,1.0913936421275139e-11,7.976510096341372e-05,0.9755890965461731,6.830386161804199,0.03561712056398392,0.0014774797018617392,-4.769416809082031,-5.219335556030273,0.4453975260257721,14,0.019123109057545662,0.14281144738197327,14,1.0,0.00844952929764986,0.005396336782723665,1.565789818763733,0.11413932591676712,37.568641662597656,-0.0006254296749830379,0.0017407004488632083,0.006684109102934599,0.0005461695836856961,5.050096660719075e-07,-0.0006259346846491098,0.001673173508606851,0.003978598862886429,0.016524486243724823,0.03317653015255928,0.0,443,2.215,0.051442183554172516,0.0006259346846491098
0.006464534904807806,0.0,168.1336212158203,0.0,7.790310382843018,2.0748074054718018,0.1359599381685257,2.05775785446167,0.19299177825450897,80.92750549316406,3.7539452023338526e-05,0.006426995620131493,0.002634506206959486,-1.4551915228366852e-11,7.977379573276266e-05,0.9757223725318909,6.8302693367004395,0.03561360388994217,0.0014709796523675323,-4.769857406616211,-5.219939231872559,0.4461493194103241,14,0.019124265760183334,0.1429273784160614,14,1.0,0.00844582263380289,0.005393089260905981,1.5660454034805298,0.1140807494521141,37.56557083129883,-0.0006257556378841534,0.0017405981197953224,0.006691941991448402,0.0005460776737891138,9.580980985023167e-08,-0.0006258514476940036,0.0016750191571190953,0.003977872896939516,0.016457712277770042,0.03312272951006889,0.0,444,2.22,0.05143905431032181,0.0006258514476940036
0.006461404729634523,0.0,168.1336212158203,0.0,7.790310382843018,2.0748074054718018,0.1359599381685257,2.057757616043091,0.19299177825450897,80.92750549316406,3.7587338738376275e-05,0.006423817481845617,0.0026342838536947966,1.6370904631912708e-11,7.976727647474036e-05,0.9758552312850952,6.83015251159668,0.03561023622751236,0.0014725227374583483,-4.770298957824707,-5.22054386138916,0.4462643563747406,14,0.019123725593090057,0.1430422067642212,14,1.0,0.008442110382020473,0.005389837548136711,1.5663014650344849,0.11402208358049393,37.56241226196289,-0.0006256625056266918,0.0017402732046321034,0.006699938327074051,0.000545878370758146,-1.6880221678241235e-08,-0.0006256456254050136,0.0016730150673538446,0.003975467756390572,0.016439024358987808,0.03312111273407936,0.0,445,2.225,0.05143605172634125,0.0006256456254050136
0.006458278279751539,0.0,168.13363647460938,0.0,7.790310382843018,2.0748071670532227,0.1359599381685257,2.057758092880249,0.19299177825450897,80.92750549316406,3.7636236811522394e-05,0.006420642137527466,0.0026340715121477842,-1.2732925824820995e-11,7.976495544426143e-05,0.9759882092475891,6.830036163330078,0.03560695797204971,0.0014703174820169806,-4.770740509033203,-5.221148490905762,0.44662654399871826,14,0.019123705103993416,0.14315840601921082,14,1.0,0.00843839906156063,0.005386588629335165,1.5665571689605713,0.11396344751119614,37.55929183959961,-0.0006250571459531917,0.0017400007927790284,0.006707938853651285,0.0005456999642774463,4.0780287234641697e-07,-0.0006254649488255382,0.0016723215812817216,0.003974608611315489,0.01640056073665619,0.033079419285058975,0.0,446,2.23,0.05143309384584427,0.0006254649488255382
0.006455154158174992,0.0,168.13363647460938,0.0,7.790311336517334,2.0748074054718018,0.1359599381685257,2.057758092880249,0.19299177825450897,80.9275131225586,3.768321403185837e-05,0.0064174709841609,0.0026338673196733,-4.001776687800884e-11,7.974800246302038e-05,0.9761205911636353,6.829921245574951,0.03560378775000572,0.001464553875848651,-4.771182537078857,-5.2217535972595215,0.4470720887184143,14,0.019121889024972916,0.14327313005924225,14,1.0,0.008434684947133064,0.005383339244872332,1.5668128728866577,0.11390478163957596,37.55607223510742,-0.0006247311830520763,0.0017395649338141084,0.006716067902743816,0.0005454027559608221,4.1961902751185085e-07,-0.0006251508020795882,0.001671068137511611,0.003973349928855896,0.01635994389653206,0.03304833918809891,0.0,447,2.235,0.05143023282289505,0.0006251507438719273
0.006452030967921019,0.0,168.13363647460938,0.0,7.790310859680176,2.0748074054718018,0.1359599381685257,2.057758092880249,0.19299177825450897,80.92750549316406,3.7728350434917957e-05,0.006414302624762058,0.0026336763985455036,-1.6370904631912708e-11,7.972339517436922e-05,0.9762529730796814,6.829806327819824,0.03560078144073486,0.0014631272060796618,-4.77162504196167,-5.222358703613281,0.4472135901451111,14,0.019119398668408394,0.14338962733745575,14,1.0,0.008430969901382923,0.00538009125739336,1.5670682191848755,0.11384609341621399,37.55281448364258,-0.0006244983524084225,0.0017389812273904681,0.0067242952063679695,0.0005450305761769414,2.5564804671861317e-07,-0.0006247540004551411,0.0016696040984243155,0.00397353433072567,0.0163427647203207,0.033039066940546036,0.0,448,2.24,0.0514274537563324,0.0006247540004551411
0.0064489091746509075,0.0,168.13363647460938,0.0,7.790311336517334,2.0748074054718018,0.1359599381685257,2.057758331298828,0.19299177825450897,80.9275131225586,3.777208621613681e-05,0.00641113705933094,0.0026334933936595917,-1.2732925824820995e-11,7.968510180944577e-05,0.9763852953910828,6.8296918869018555,0.03559785708785057,0.001461730687879026,-4.772067546844482,-5.222963809967041,0.44728535413742065,14,0.01911512389779091,0.14350375533103943,14,1.0,0.008427255786955357,0.005376845598220825,1.5673233270645142,0.11378740519285202,37.549537658691406,-0.0006243586540222301,0.0017382558435201645,0.006732668727636337,0.0005445712595246732,-1.0227086023829792e-07,-0.0006242563831619918,0.0016680153785273433,0.0039710295386612415,0.016316667199134827,0.033010996878147125,0.0,449,2.245,0.05142475292086601,0.0006242563831619918
0.006445787381380796,0.0,168.13365173339844,0.0,7.790311336517334,2.074807643890381,0.1359599381685257,2.057758331298828,0.19299177825450897,80.92752075195312,3.781554914894514e-05,0.0064079719595611095,0.0026333220303058624,-1.4551915228366852e-11,7.964359974721447e-05,0.9765176773071289,6.829577445983887,0.03559507802128792,0.0014609080972149968,-4.772510051727295,-5.223568916320801,0.4470936954021454,14,0.019110368564724922,0.14361941814422607,14,1.0,0.00842354353517294,0.005373601336032152,1.5675787925720215,0.11372874677181244,37.546165466308594,-0.0006237532943487301,0.0017375093884766102,0.006741046439856291,0.0005441031535156071,-6.519258035644036e-09,-0.0006237467750906944,0.0016639442183077335,0.003966907504945993,0.016310961917042732,0.032974109053611755,0.0,450,2.25,0.051422134041786194,0.0006237467750906944
0.00644267164170742,0.0,168.13365173339844,0.0,7.790311813354492,2.074807643890381,0.1359599381685257,2.057758331298828,0.19299177825450897,80.92752075195312,3.785981243709102e-05,0.006404811982065439,0.0026331644039601088,-9.094947017729282e-12,7.960951188579202e-05,0.9766495823860168,6.829463958740234,0.035592399537563324,0.001459960825741291,-4.772952556610107,-5.2241740226745605,0.44714006781578064,14,0.019106602296233177,0.1437351554632187,14,1.0,0.008419831283390522,0.005370359867811203,1.567833662033081,0.11367014050483704,37.54275894165039,-0.0006234273314476147,0.0017368335975334048,0.006749349180608988,0.0005436794017441571,-1.3841781766556118e-07,-0.0006232889136299491,0.001662388094700873,0.003964587114751339,0.016285264864563942,0.03293615207076073,0.0,451,2.255,0.05141960829496384,0.0006232889136299491
0.00643955310806632,0.0,168.1336669921875,0.0,7.790312767028809,2.07480788230896,0.1359599381685257,2.0577588081359863,0.19299177825450897,80.92752838134766,3.7903464544797316e-05,0.006401649676263332,0.002633016789332032,-1.2732925824820995e-11,7.95712330727838e-05,0.9767810106277466,6.829349517822266,0.035589829087257385,0.0014644446782767773,-4.77339506149292,-5.22477912902832,0.4468402862548828,14,0.019102251157164574,0.1438508778810501,14,1.0,0.008416122756898403,0.0053671193309128284,1.5680893659591675,0.11361154913902283,37.539405822753906,-0.0006230548024177684,0.0017361149657517672,0.006757660303264856,0.0005432521575130522,-2.3143365980517368e-07,-0.0006228233687579632,0.0016593862092122436,0.003959287889301777,0.016289476305246353,0.03291688486933708,0.0,452,2.2600000000000002,0.05141714960336685,0.0006228233687579632
0.006436441093683243,0.0,168.1336669921875,0.0,7.79031229019165,2.07480788230896,0.1359599381685257,2.0577585697174072,0.19299177825450897,80.92752075195312,3.7949772377032787e-05,0.006398491095751524,0.0026328822132200003,-1.2732925824820995e-11,7.955169712658972e-05,0.9769123196601868,6.829235076904297,0.03558739647269249,0.0014652801910415292,-4.773837089538574,-5.225383758544922,0.4469459652900696,14,0.01910020038485527,0.14396649599075317,14,1.0,0.008412418887019157,0.005363884381949902,1.5683445930480957,0.11355304718017578,37.535919189453125,-0.0006222631782293452,0.0017356183379888535,0.006765784230083227,0.0005429496522992849,2.3818574844468136e-07,-0.0006225013639777899,0.00165906036272645,0.003956971690058708,0.016257358714938164,0.03287135437130928,0.0,453,2.265,0.051414765417575836,0.0006225013639777899
0.006433330476284027,0.0,168.1336669921875,0.0,7.790311813354492,2.074807643890381,0.1359599381685257,2.057758331298828,0.19299177825450897,80.92752075195312,3.7995094317011535e-05,0.006395335309207439,0.002632759977132082,2.3646862246096134e-11,7.952789746923372e-05,0.9770433902740479,6.829120635986328,0.035585109144449234,0.0014614949468523264,-4.7742791175842285,-5.225988864898682,0.4471953511238098,14,0.01909780129790306,0.1440822035074234,14,1.0,0.008408716879785061,0.005360648036003113,1.5686007738113403,0.11349454522132874,37.53251647949219,-0.0006219837814569606,0.0017350447596982121,0.006773949600756168,0.000542578287422657,1.224107108877947e-07,-0.0006221061921678483,0.0016621332615613937,0.003957989159971476,0.016222121194005013,0.032836560159921646,0.0,454,2.27,0.051412470638751984,0.0006221061921678483
0.006430221255868673,0.0,168.13368225097656,0.0,7.790312767028809,2.07480788230896,0.1359599381685257,2.0577588081359863,0.19299177825450897,80.92752838134766,3.803746949415654e-05,0.006392183713614941,0.0026326461229473352,1.0913936421275139e-11,7.948772690724581e-05,0.9771744012832642,6.829008102416992,0.03558292239904404,0.0014625112526118755,-4.774721145629883,-5.226593971252441,0.4470008909702301,14,0.019093671813607216,0.14419715106487274,14,1.0,0.008405016735196114,0.0053574140183627605,1.5688570737838745,0.11343605071306229,37.528968811035156,-0.000621471554040922,0.0017342196078971028,0.006782311946153641,0.000542068388313055,8.457573129404088e-08,-0.0006215561297722161,0.0016613316256552935,0.003959526773542166,0.016224324703216553,0.03284812718629837,0.0,455,2.275,0.051410265266895294,0.0006215561297722161
0.006427115760743618,0.0,168.13369750976562,0.0,7.790313243865967,2.074808120727539,0.1359599381685257,2.0577585697174072,0.19299177825450897,80.92752838134766,3.8078527722973377e-05,0.006389037240296602,0.0026324978098273277,-3.8198777474462986e-11,7.943255332065746e-05,0.9773052930831909,6.82889461517334,0.03558037430047989,0.0014639334985986352,-4.775163173675537,-5.227198600769043,0.44671347737312317,14,0.01908751018345356,0.1443139910697937,14,1.0,0.008401317521929741,0.005354184657335281,1.5691124200820923,0.11337760835886002,37.52541732788086,-0.0006210058927536143,0.0017332517309114337,0.006790835410356522,0.0005414745537564158,-9.872019292246799e-08,-0.0006209071725606918,0.001659623347222805,0.0039570629596710205,0.01622738316655159,0.03283621370792389,0.0,456,2.2800000000000002,0.05140811204910278,0.0006209071143530309
0.006424011196941137,0.0,168.1337127685547,0.0,7.790313243865967,2.074808120727539,0.1359599381685257,2.0577588081359863,0.19299177825450897,80.92753601074219,3.811982969637029e-05,0.006385891232639551,0.0026322819758206606,1.4551915228366852e-11,7.937596092233434e-05,0.9774361252784729,6.828781604766846,0.035577140748500824,0.0014687817310914397,-4.775604724884033,-5.227802753448486,0.4462616741657257,14,0.019081002101302147,0.144430011510849,14,1.0,0.008397623896598816,0.005350959487259388,1.5693678855895996,0.11331924051046371,37.52182388305664,-0.0006206799298524989,0.00173229502979666,0.0067993528209626675,0.0005409041186794639,-3.998284228278349e-07,-0.000620280101429671,0.0016565887490287423,0.0039511388167738914,0.016237029805779457,0.032806672155857086,0.0,457,2.285,0.051406022161245346,0.000620280101429671
0.006420908961445093,0.0,168.1337127685547,0.0,7.790313720703125,2.074808120727539,0.1359599381685257,2.0577588081359863,0.19299177825450897,80.92753601074219,3.8163791032275185e-05,0.0063827452249825,0.0026320782490074635,-1.0913936421275139e-11,7.934263703646138e-05,0.9775668382644653,6.828667640686035,0.03557403013110161,0.001469949260354042,-4.776045799255371,-5.2284064292907715,0.44582638144493103,14,0.01907758228480816,0.14454570412635803,14,1.0,0.008393935859203339,0.00534773850813508,1.5696234703063965,0.11326095461845398,37.51823043823242,-0.0006201211363077296,0.0017315682489424944,0.006807663943618536,0.0005404547555372119,-3.23751010013933e-07,-0.0006197973852977157,0.0016555085312575102,0.0039517320692539215,0.016255002468824387,0.032837651669979095,0.0,458,2.29,0.05140401050448418,0.0006197973852977157
0.00641780998557806,0.0,168.1337127685547,0.0,7.790313720703125,2.074808120727539,0.1359599381685257,2.0577590465545654,0.19299177825450897,80.92753601074219,3.820816345978528e-05,0.006379602011293173,0.002631882671266794,-3.637978807091713e-11,7.930168794700876e-05,0.9776979684829712,6.828554630279541,0.03557097911834717,0.0014684083871543407,-4.776486396789551,-5.229010105133057,0.44576138257980347,14,0.019072916358709335,0.14466136693954468,14,1.0,0.008390254341065884,0.005344519857317209,1.5698798894882202,0.11320275068283081,37.51447296142578,-0.0006191898137331141,0.0017308122478425503,0.00681610032916069,0.0005399789079092443,9.086215867269536e-08,-0.0006192806758917868,0.0016539441421627998,0.003948368597775698,0.01623324304819107,0.0328168049454689,0.0,459,2.295,0.05140209197998047,0.0006192806176841259
0.006414717063307762,0.0,168.1337127685547,0.0,7.790314197540283,2.074808359146118,0.1359599381685257,2.0577590465545654,0.19299177825450897,80.92753601074219,3.82528014597483e-05,0.006376464385539293,0.00263169314712286,0.0,7.92623613961041e-05,0.9778289794921875,6.828442096710205,0.03556804358959198,0.0014633344253525138,-4.7769269943237305,-5.229613304138184,0.44591397047042847,14,0.01906849443912506,0.1447773575782776,14,1.0,0.008386573754251003,0.005341305863112211,1.570135474205017,0.11314460635185242,37.51073455810547,-0.0006187707185745372,0.001730075920931995,0.006824512965977192,0.0005395018961280584,-6.461050374622149e-09,-0.0006187642575241625,0.0016524118836969137,0.003946630284190178,0.01620558276772499,0.03277770057320595,0.0,460,2.3000000000000003,0.05140019953250885,0.0006187642575241625
0.006411622278392315,0.0,168.1337127685547,0.0,7.790313720703125,2.074808120727539,0.1359599381685257,2.0577588081359863,0.19299177825450897,80.92753601074219,3.829616980510764e-05,0.0063733262941241264,0.0026315180584788322,-9.094947017729282e-12,7.921736687421799e-05,0.9779596328735352,6.828329086303711,0.035565201193094254,0.0014677047729492188,-4.77736759185791,-5.2302165031433105,0.44555893540382385,14,0.019063420593738556,0.14489281177520752,14,1.0,0.008382895030081272,0.005338093265891075,1.570391297340393,0.11308645457029343,37.507015228271484,-0.0006184913218021525,0.001729245763272047,0.006832966580986977,0.0005390096339397132,-2.6432098822128276e-07,-0.0006182270008139312,0.0016505969688296318,0.003942256793379784,0.016206638887524605,0.032752539962530136,0.0,461,2.305,0.05139842629432678,0.0006182270008139312
0.006408532150089741,0.0,168.1337432861328,0.0,7.790314674377441,2.0748085975646973,0.1359599381685257,2.0577592849731445,0.19299177825450897,80.92755126953125,3.834069866570644e-05,0.006370191462337971,0.0026313532143831253,-1.8189894035458565e-11,7.918509072624147e-05,0.9780902862548828,6.828216552734375,0.03556250035762787,0.001479916856624186,-4.777807712554932,-5.2308197021484375,0.4452929198741913,14,0.01906013861298561,0.14500930905342102,14,1.0,0.008379221893846989,0.005334882996976376,1.5706477165222168,0.1130283921957016,37.50297546386719,-0.00061774626374246,0.0017285093199461699,0.006841341499239206,0.000538612250238657,5.110632626890554e-08,-0.0006177973700687289,0.0016500762430951,0.003939580637961626,0.01619306020438671,0.03271746262907982,0.0,462,2.31,0.05139670521020889,0.0006177973700687289
0.0064054448157548904,0.0,168.1337432861328,0.0,7.790314197540283,2.074808359146118,0.1359599381685257,2.0577590465545654,0.19299177825450897,80.92754364013672,3.838683187495917e-05,0.006367058027535677,0.0026311995461583138,3.637978807091713e-12,7.915482274256647e-05,0.978220522403717,6.828104019165039,0.03555990010499954,0.0014766218373551965,-4.778247356414795,-5.2314229011535645,0.4452434480190277,14,0.01905672997236252,0.14512504637241364,14,1.0,0.008375553414225578,0.005331674590706825,1.5709048509597778,0.11297039687633514,37.49931335449219,-0.0006172340363264215,0.001727892435155809,0.006849637720733881,0.0005382180097512901,1.3876706360458745e-07,-0.0006173728033900261,0.001648540492169559,0.003936976194381714,0.016185002401471138,0.03269502893090248,0.0,463,2.315,0.05139506608247757,0.0006173728033900261
0.006402359809726477,0.0,168.1337432861328,0.0,7.7903151512146,2.0748085975646973,0.1359599381685257,2.0577590465545654,0.19299177825450897,80.92755126953125,3.843187732854858e-05,0.006363927852362394,0.0026310025714337826,1.0913936421275139e-11,7.911680586403236e-05,0.9783506393432617,6.827991485595703,0.03555648773908615,0.0014741155318915844,-4.778687000274658,-5.232025623321533,0.4453052580356598,14,0.01905239373445511,0.1452421098947525,14,1.0,0.008371887728571892,0.005328470375388861,1.5711615085601807,0.11291243880987167,37.495452880859375,-0.0006171874701976907,0.0017271798569709063,0.006858006585389376,0.0005377682973630726,-3.0238879845858203e-07,-0.0006168850813992321,0.0016463432693853974,0.003933632280677557,0.01616751216351986,0.032664861530065536,0.0,464,2.32,0.05139350891113281,0.0006168850813992321
0.006399272941052914,0.0,168.13375854492188,0.0,7.790315628051758,2.0748085975646973,0.1359599381685257,2.0577590465545654,0.19299177825450897,80.92755126953125,3.847723928629421e-05,0.0063607958145439625,0.0026308121159672737,7.275957614183426e-12,7.908281259005889e-05,0.978480339050293,6.827878952026367,0.03555308282375336,0.001475473283790052,-4.7791266441345215,-5.232628345489502,0.44491732120513916,14,0.01904856599867344,0.145357146859169,14,1.0,0.00836822297424078,0.005325268488377333,1.571418046951294,0.1128544881939888,37.491519927978516,-0.0006166752427816522,0.0017265090718865395,0.006866305135190487,0.0005373587482608855,-2.3370375858069049e-07,-0.0006164415390230715,0.001639990950934589,0.0039295474998652935,0.016195761039853096,0.03267119079828262,0.0,465,2.325,0.05139203369617462,0.0006164415390230715
0.00639619305729866,0.0,168.13377380371094,0.0,7.790316104888916,2.0748090744018555,0.1359599381685257,2.0577595233917236,0.19299177825450897,80.92755889892578,3.8526013668160886e-05,0.006357667036354542,0.0026306374929845333,1.6370904631912708e-11,7.906972314231098e-05,0.9786101579666138,6.827765464782715,0.0355498231947422,0.0014729356626048684,-4.779566287994385,-5.233231067657471,0.4451896548271179,14,0.0190472099930048,0.1454736590385437,14,1.0,0.008364560082554817,0.005322068464010954,1.5716747045516968,0.11279663443565369,37.487667083740234,-0.0006158370524644983,0.0017261073226109147,0.006874413229525089,0.0005371015286073089,3.34228388952011e-07,-0.0006161712808534503,0.0016361697344109416,0.003927398007363081,0.01617593504488468,0.03264693170785904,0.0,466,2.33,0.05139065161347389,0.0006161712808534503
0.006393114570528269,0.0,168.13375854492188,0.0,7.790315628051758,2.0748088359832764,0.1359599381685257,2.0577595233917236,0.19299177825450897,80.92755126953125,3.8574387872358784e-05,0.00635454012081027,0.0026304731145501137,-3.637978807091713e-12,7.905503298388794e-05,0.9787396192550659,6.827652454376221,0.03554669767618179,0.0014689357485622168,-4.780005931854248,-5.2338337898254395,0.4455229341983795,14,0.019045714288949966,0.14559049904346466,14,1.0,0.008360899053514004,0.005318870302289724,1.5719313621520996,0.11273877322673798,37.48362350463867,-0.0006159301847219598,0.0017256762366741896,0.006882527843117714,0.0005368192214518785,-5.5937562150961025e-08,-0.0006158742471598089,0.0016346457414329052,0.003926376346498728,0.016144387423992157,0.03261396288871765,0.0,467,2.335,0.051389314234256744,0.0006158742471598089
0.006390033755451441,0.0,168.13377380371094,0.0,7.790316104888916,2.0748088359832764,0.1359599381685257,2.0577595233917236,0.19299177825450897,80.92755889892578,3.862083030981012e-05,0.0063514127396047115,0.0026303203776478767,-2.3646862246096134e-11,7.902677316451445e-05,0.9788689017295837,6.827538967132568,0.03554365038871765,0.0014647472416982055,-4.7804460525512695,-5.234436511993408,0.4450875520706177,14,0.019042516127228737,0.14570584893226624,14,1.0,0.008357235230505466,0.005315673537552357,1.5721874237060547,0.11268088966608047,37.47960662841797,-0.000615697354078306,0.001725087407976389,0.0068907467648386955,0.000536432780791074,-2.377782948446332e-07,-0.0006154595757834613,0.0016341304872184992,0.00392387667670846,0.016152776777744293,0.032621510326862335,0.0,468,2.34,0.05138808488845825,0.0006154595757834613
0.006386957596987486,0.0,168.1337890625,0.0,7.790316581726074,2.0748090744018555,0.1359599381685257,2.0577597618103027,0.19299177825450897,80.92755889892578,3.8668917113682255e-05,0.006348288618028164,0.0026301757898181677,-1.8189894035458565e-12,7.900681521277875e-05,0.9789981842041016,6.827426910400391,0.035540662705898285,0.0014637868152931333,-4.780886173248291,-5.235039234161377,0.44516152143478394,14,0.019040381535887718,0.1458219736814499,14,1.0,0.008353573270142078,0.005312479566782713,1.5724433660507202,0.11262309551239014,37.47551727294922,-0.0006149988621473444,0.0017245858907699585,0.006898975931107998,0.0005361204384826124,1.2840609996199025e-07,-0.0006151272682473063,0.0016294230008497834,0.0039214747957885265,0.01615319214761257,0.03262016549706459,0.0,469,2.345,0.05138694494962692,0.0006151272682473063
0.0063838837668299675,0.0,168.1337890625,0.0,7.790316581726074,2.0748088359832764,0.1359599381685257,2.0577597618103027,0.19299177825450897,80.92755889892578,3.8716865674359724e-05,0.006345166824758053,0.002630040282383561,3.8198777474462986e-11,7.898468902567402e-05,0.9791275262832642,6.827314376831055,0.03553778678178787,0.00146230508107692,-4.7813262939453125,-5.235641956329346,0.4453059434890747,14,0.01903795637190342,0.1459374874830246,14,1.0,0.008349912241101265,0.005309286527335644,1.5726995468139648,0.11256531625986099,37.47149658203125,-0.000614859163761152,0.0017240612069144845,0.006907232571393251,0.0005357926129363477,-8.189817891836749e-08,-0.0006147772655822337,0.0016291908686980605,0.003918789327144623,0.01611328311264515,0.032574914395809174,0.0,470,2.35,0.051385845988988876,0.0006147773237898946
0.0063808090053498745,0.0,168.1337890625,0.0,7.790317058563232,2.0748090744018555,0.1359599381685257,2.0577595233917236,0.19299177825450897,80.92756652832031,3.876466871588491e-05,0.0063420445658266544,0.002629918046295643,5.4569682106375694e-12,7.895768794696778e-05,0.979256808757782,6.827202320098877,0.03553507477045059,0.001461514038965106,-4.781766414642334,-5.2362446784973145,0.44508248567581177,14,0.019034618511795998,0.14605364203453064,14,1.0,0.008346254006028175,0.0053060962818562984,1.57295560836792,0.11250755935907364,37.46732711791992,-0.0006143935024738443,0.0017235397826880217,0.006915449630469084,0.0005354669992811978,3.1199306236499684e-08,-0.0006144247017800808,0.0016256497474387288,0.003911302890628576,0.016111722216010094,0.032540928572416306,0.0,471,2.355,0.051384832710027695,0.0006144247017800808
0.006377739831805229,0.0,168.13380432128906,0.0,7.790317058563232,2.0748090744018555,0.1359599381685257,2.0577595233917236,0.19299177825450897,80.92756652832031,3.8815996958874166e-05,0.006338923703879118,0.0026298081502318382,1.6370904631912708e-11,7.895989256212488e-05,0.979385256767273,6.827089309692383,0.035532426089048386,0.0014547243481501937,-4.7822065353393555,-5.236847400665283,0.4455680847167969,14,0.01903514377772808,0.14616882801055908,14,1.0,0.00834259670227766,0.005302907433360815,1.5732117891311646,0.11244985461235046,37.46320343017578,-0.0006139278411865366,0.0017233188264071941,0.006923418026417494,0.0005353018059395254,3.338791429865302e-07,-0.0006142617203295231,0.001627985737286508,0.0039120321162045,0.016065562143921852,0.032514382153749466,0.0,472,2.36,0.05138392373919487,0.0006142617203295231
0.006374669726938009,0.0,168.13380432128906,0.0,7.790318012237549,2.0748093128204346,0.1359599381685257,2.057760000228882,0.19299177825450897,80.92756652832031,3.8864331145305187e-05,0.006335805170238018,0.002629708033055067,2.9103830456733704e-11,7.893877773312852e-05,0.9795137047767639,6.826977729797363,0.03552985191345215,0.0014539544936269522,-4.782647609710693,-5.237450122833252,0.4456285238265991,14,0.019032731652259827,0.14628258347511292,14,1.0,0.008338932879269123,0.005299720447510481,1.5734665393829346,0.11239209771156311,37.45890426635742,-0.0006139278411865366,0.0017228261567652225,0.006931620184332132,0.0005349961575120687,7.101334618324177e-09,-0.0006139349425211549,0.0016298899427056313,0.00390775129199028,0.01603756472468376,0.03246874734759331,0.0,473,2.365,0.051383115351200104,0.0006139349425211549
0.006371600553393364,0.0,168.13380432128906,0.0,7.790317058563232,2.0748090744018555,0.1359599381685257,2.057760000228882,0.19299177825450897,80.92756652832031,3.891388769261539e-05,0.006332686636596918,0.002629621885716915,0.0,7.892951543908566e-05,0.9796420335769653,6.826866149902344,0.03552743047475815,0.0014503932325169444,-4.783088684082031,-5.238053321838379,0.4458320438861847,14,0.019031958654522896,0.14639785885810852,14,1.0,0.008335270918905735,0.005296533461660147,1.5737218856811523,0.11233437806367874,37.454795837402344,-0.0006136018782854211,0.0017224425682798028,0.006939718034118414,0.000534745049662888,7.270136846780195e-08,-0.0006136745796538889,0.0016328906640410423,0.003907846286892891,0.016003722324967384,0.03244565799832344,0.0,474,2.37,0.0513823926448822,0.0006136745796538889
0.006368533708155155,0.0,168.1338348388672,0.0,7.790317535400391,2.0748093128204346,0.1359599381685257,2.057760000228882,0.19299177825450897,80.92757415771484,3.896185080520809e-05,0.006329571828246117,0.00262954318895936,1.4551915228366852e-11,7.89056284702383e-05,0.9797700047492981,6.826754570007324,0.0355251170694828,0.001450750045478344,-4.783530235290527,-5.238656520843506,0.4459056854248047,14,0.019029268994927406,0.14651377499103546,14,1.0,0.008331607095897198,0.0052933478727936745,1.5739768743515015,0.11227665841579437,37.45049285888672,-0.0006129965186119211,0.0017219014698639512,0.006947967689484358,0.0005344143719412386,3.2345997168301954e-07,-0.0006133199785836041,0.001632791361771524,0.0039038064423948526,0.01596272923052311,0.032388750463724136,0.0,475,2.375,0.05138171836733818,0.0006133199785836041
0.006365470588207245,0.0,168.1338348388672,0.0,7.790318489074707,2.0748095512390137,0.1359599381685257,2.057760238647461,0.19299177825450897,80.92758178710938,3.9010574255371466e-05,0.006326459813863039,0.002629476599395275,-9.094947017729282e-12,7.888727122917771e-05,0.9798974990844727,6.826644420623779,0.03552287071943283,0.0014447056455537677,-4.783971786499023,-5.239259719848633,0.4463513195514679,14,0.019027268514037132,0.1466282159090042,14,1.0,0.008327944204211235,0.0052901641465723515,1.574231743812561,0.1122189611196518,37.44620895385742,-0.0006129965186119211,0.0017214373219758272,0.006956125609576702,0.0005341024370864034,-6.810296339994533e-09,-0.0006129897083155811,0.0016313042724505067,0.0039022413548082113,0.01592092216014862,0.03234925493597984,0.0,476,2.38,0.051381148397922516,0.0006129897083155811
0.006362403742969036,0.0,168.1338348388672,0.0,7.790318489074707,2.0748095512390137,0.1359599381685257,2.057760238647461,0.19299177825450897,80.92758178710938,3.90575805795379e-05,0.006323345936834812,0.0026294230483472347,-1.0913936421275139e-11,7.886144157964736e-05,0.980024516582489,6.826533317565918,0.03552079200744629,0.0014482325641438365,-4.784413814544678,-5.239863395690918,0.4459742605686188,14,0.019024468958377838,0.1467437744140625,14,1.0,0.008324279449880123,0.0052869804203510284,1.574486494064331,0.11216124147176743,37.441829681396484,-0.0006129965186119211,0.00172084488440305,0.006964344531297684,0.0005337520269677043,-3.8306461648464785e-07,-0.0006126134539954364,0.0016291418578475714,0.0038987514562904835,0.015930399298667908,0.03233664855360985,0.0,477,2.3850000000000002,0.05138064920902252,0.0006126134539954364
0.006359340623021126,0.0,168.13385009765625,0.0,7.790318965911865,2.0748095512390137,0.1359599381685257,2.05776047706604,0.19299177825450897,80.92758178710938,3.910622399416752e-05,0.006320234388113022,0.002629376482218504,1.2732925824820995e-11,7.884054502937943e-05,0.9801517724990845,6.826423168182373,0.03551875799894333,0.0014508471358567476,-4.784855842590332,-5.240466594696045,0.44591790437698364,14,0.019022028893232346,0.14685802161693573,14,1.0,0.008320615626871586,0.005283800419420004,1.5747407674789429,0.11210359632968903,37.43746566772461,-0.0006124377250671517,0.001720363274216652,0.006972513627260923,0.000533467682544142,-1.295120455454754e-07,-0.0006123082130216062,0.001622420852072537,0.003892510198056698,0.015922771766781807,0.032301612198352814,0.0,478,2.39,0.0513802133500576,0.0006123082130216062
0.006356279365718365,0.0,168.1338348388672,0.0,7.790318489074707,2.0748093128204346,0.1359599381685257,2.057760238647461,0.19299177825450897,80.92758178710938,3.915781053365208e-05,0.00631712144240737,0.0026293457485735416,-5.4569682106375694e-12,7.884134538471699e-05,0.9802786111831665,6.826312065124512,0.0355168916285038,0.001452033407986164,-4.785297870635986,-5.241069793701172,0.4461394250392914,14,0.01902221515774727,0.1469726860523224,14,1.0,0.008316954597830772,0.005280622746795416,1.5749950408935547,0.11204598844051361,37.43309783935547,-0.0006119720637798439,0.0017201475566253066,0.006980439648032188,0.0005333394510671496,2.087326720226837e-07,-0.0006121807964518666,0.00162068463396281,0.0038883101660758257,0.015900209546089172,0.03227197006344795,0.0,479,2.395,0.05137987434864044,0.0006121807964518666
0.0063532209023833275,0.0,168.13385009765625,0.0,7.790318965911865,2.0748097896575928,0.1359599381685257,2.057760715484619,0.19299177825450897,80.9275894165039,3.921097959391773e-05,0.006314009893685579,0.0026293271221220493,3.637978807091713e-12,7.885091326897964e-05,0.9804050922393799,6.826201438903809,0.03551511466503143,0.0014454395277425647,-4.785739898681641,-5.241673469543457,0.4469427168369293,14,0.01902337558567524,0.14708726108074188,14,1.0,0.008313293568789959,0.005277444142848253,1.5752499103546143,0.1119883731007576,37.42871856689453,-0.0006116926670074593,0.0017200673464685678,0.006988250184804201,0.0005332607543095946,4.1897874324212797e-07,-0.0006121116457507014,0.0016192033654078841,0.0038859634660184383,0.015830783173441887,0.032222505658864975,0.0,480,2.4,0.05137961357831955,0.0006121116457507014
0.00635016243904829,0.0,168.13385009765625,0.0,7.790319442749023,2.0748095512390137,0.1359599381685257,2.057760715484619,0.19299177825450897,80.9275894165039,3.926246426999569e-05,0.006310900207608938,0.0026293201372027397,-1.6370904631912708e-11,7.885212835390121e-05,0.9805312752723694,6.826091289520264,0.03551344946026802,0.0014410798903554678,-4.786182880401611,-5.2422776222229,0.4474422037601471,14,0.01902361400425434,0.14720198512077332,14,1.0,0.008309626951813698,0.005274265073239803,1.575504183769226,0.11193068325519562,37.4243278503418,-0.0006117392331361901,0.0017198671121150255,0.006996106822043657,0.0005331174470484257,2.303277142215801e-07,-0.0006119695608504117,0.0016164659755304456,0.00388348032720387,0.01579139195382595,0.03218887001276016,0.0,481,2.4050000000000002,0.05137944966554642,0.0006119695608504117
0.006347103510051966,0.0,168.13385009765625,0.0,7.790319442749023,2.0748097896575928,0.1359599381685257,2.05776047706604,0.19299177825450897,80.9275894165039,3.931293394998647e-05,0.006307790521532297,0.002629325957968831,1.8189894035458565e-12,7.884888327680528e-05,0.9806569218635559,6.825981616973877,0.035511963069438934,0.0014435341581702232,-4.78662633895874,-5.242882251739502,0.4474349617958069,14,0.019023362547159195,0.1473170965909958,14,1.0,0.008305957540869713,0.005271085537970066,1.575758457183838,0.11187296360731125,37.419795989990234,-0.0006115995347499978,0.001719590392895043,0.007003995589911938,0.000532956444658339,2.0582228897701033e-07,-0.0006118053570389748,0.0016138831852003932,0.003879367606714368,0.015780147165060043,0.032177865505218506,0.0,482,2.41,0.05137935280799866,0.0006118053570389748
0.00634404644370079,0.0,168.1338653564453,0.0,7.790319442749023,2.0748097896575928,0.1359599381685257,2.057760715484619,0.19299177825450897,80.92759704589844,3.9365419070236385e-05,0.006304680835455656,0.002629341557621956,2.3646862246096134e-11,7.885697414167225e-05,0.9807825684547424,6.82587194442749,0.035510510206222534,0.0014442784013226628,-4.787070274353027,-5.2434868812561035,0.44756853580474854,14,0.019024435430765152,0.14743205904960632,14,1.0,0.008302287198603153,0.005267907865345478,1.5760122537612915,0.11181527376174927,37.41523361206055,-0.0006114598363638054,0.0017194654792547226,0.007011792156845331,0.0005328839179128408,2.810265868772102e-07,-0.0006117408629506826,0.0016093289013952017,0.003875801106914878,0.015775278210639954,0.03216681629419327,0.0,483,2.415,0.05137933790683746,0.0006117408629506826
0.006340988911688328,0.0,168.1338653564453,0.0,7.790319442749023,2.0748097896575928,0.1359599381685257,2.057760715484619,0.19299177825450897,80.9275894165039,3.941849718103185e-05,0.00630157021805644,0.0026293699629604816,3.092281986027956e-11,7.88657707744278e-05,0.9809078574180603,6.825761795043945,0.03550918400287628,0.0014432102907449007,-4.7875142097473145,-5.244091987609863,0.44805219769477844,14,0.019025491550564766,0.14754709601402283,14,1.0,0.008298617787659168,0.005264729261398315,1.5762667655944824,0.11175759136676788,37.41078186035156,-0.0006113201379776131,0.0017193678067997098,0.007019596640020609,0.0005328203551471233,3.6595156414995916e-07,-0.0006116860895417631,0.001607644953764975,0.00387158477678895,0.01572273299098015,0.03212472051382065,0.0,484,2.42,0.051379408687353134,0.000611686147749424
0.006337933242321014,0.0,168.13388061523438,0.0,7.79032039642334,2.0748097896575928,0.1359599381685257,2.0577609539031982,0.19299177825450897,80.92759704589844,3.947162986150943e-05,0.006298461463302374,0.002629408612847328,1.2732925824820995e-11,7.887404353823513e-05,0.9810328483581543,6.825652599334717,0.03550798445940018,0.001438554492779076,-4.78795862197876,-5.244697570800781,0.44861236214637756,14,0.01902642287313938,0.14766156673431396,14,1.0,0.00829494558274746,0.005261550657451153,1.5765210390090942,0.11169987916946411,37.40615463256836,-0.0006110407412052285,0.001719289575703442,0.007027353625744581,0.0005327513790689409,5.846959538627697e-07,-0.0006116254371590912,0.0015971324173733592,0.0038673009257763624,0.015698052942752838,0.03210579976439476,0.0,485,2.4250000000000003,0.051379550248384476,0.0006116254371590912
0.006334878504276276,0.0,168.13389587402344,0.0,7.79032039642334,2.074810266494751,0.1359599381685257,2.0577609539031982,0.19299177825450897,80.92759704589844,3.952487531933002e-05,0.006295353639870882,0.0026294381823390722,1.8189894035458565e-12,7.888674008427188e-05,0.981157660484314,6.825543403625488,0.03550691902637482,0.001434809877537191,-4.788403511047363,-5.245303630828857,0.4493211507797241,14,0.01902795024216175,0.14777687191963196,14,1.0,0.008291270583868027,0.0052583711221814156,1.5767754316329956,0.11164212226867676,37.401580810546875,-0.0006110407412052285,0.001719245919957757,0.007035032846033573,0.0005327077233232558,5.53729478256805e-07,-0.0006115944706834853,0.001595690962858498,0.0038641816936433315,0.015630539506673813,0.03205212205648422,0.0,486,2.43,0.05137951299548149,0.0006115944706834853
0.006331822834908962,0.0,168.13388061523438,0.0,7.790320873260498,2.074810266494751,0.1359599381685257,2.0577609539031982,0.19299177825450897,80.92759704589844,3.957691296818666e-05,0.00629224581643939,0.0026293995324522257,1.8189894035458565e-12,7.889632252044976e-05,0.9812818765640259,6.825434684753418,0.035505976527929306,0.001431110082194209,-4.788849353790283,-5.245910167694092,0.44986099004745483,14,0.01902932859957218,0.14789262413978577,14,1.0,0.008287589997053146,0.005255190655589104,1.5770293474197388,0.11158429086208344,37.396942138671875,-0.0006110873073339592,0.0017191215883940458,0.007042728830128908,0.0005326137179508805,4.227040335405899e-07,-0.0006115100113674998,0.0015943055041134357,0.003863847814500332,0.015587599016726017,0.03202848136425018,0.0,487,2.435,0.051378652453422546,0.0006115100113674998
0.006328767631202936,0.0,168.13389587402344,0.0,7.790321350097656,2.074810266494751,0.1359599381685257,2.0577609539031982,0.19299177825450897,80.92759704589844,3.962693517678417e-05,0.006289140786975622,0.002629369031637907,-3.2741809263825417e-11,7.888907566666603e-05,0.981406033039093,6.825326919555664,0.03550512343645096,0.0014269964303821325,-4.789295673370361,-5.246517181396484,0.4503108859062195,14,0.019028538838028908,0.14800642430782318,14,1.0,0.008283907547593117,0.005252010188996792,1.577283263206482,0.11152641475200653,37.392364501953125,-0.0006112270057201516,0.0017188184428960085,0.007050568237900734,0.0005324085941538215,7.072230799685247e-08,-0.0006112977280281484,0.0015918613644316792,0.00386067689396441,0.015547705814242363,0.031985804438591,0.0,488,2.44,0.051377855241298676,0.0006112976698204875
0.006325710564851761,0.0,168.13392639160156,0.0,7.7903218269348145,2.074810266494751,0.1359599381685257,2.0577614307403564,0.19299177825450897,80.9276123046875,3.967638986068778e-05,0.006286034360527992,0.002629352267831564,-1.8189894035458565e-12,7.888298569014296e-05,0.9815296530723572,6.82521915435791,0.03550441563129425,0.0014278909657150507,-4.789742469787598,-5.247124671936035,0.4504784941673279,14,0.01902809552848339,0.14812149107456207,14,1.0,0.008280222304165363,0.005248829256743193,1.577536940574646,0.11146852374076843,37.38763427734375,-0.0006112270057201516,0.0017184821190312505,0.007058397866785526,0.0005322021315805614,-1.4191027732004396e-07,-0.0006110850954428315,0.0015889672795310616,0.003858822165057063,0.015532350167632103,0.03198128193616867,0.0,489,2.445,0.05137715861201286,0.0006110850954428315
0.006322655361145735,0.0,168.13389587402344,0.0,7.790320873260498,2.074810028076172,0.1359599381685257,2.0577611923217773,0.19299177825450897,80.9276123046875,3.972622289438732e-05,0.006282929331064224,0.0026293029077351093,-1.4551915228366852e-11,7.887321407906711e-05,0.9816534519195557,6.825112342834473,0.03550378605723381,0.0014284440549090505,-4.790189266204834,-5.247732162475586,0.45051103830337524,14,0.01902691088616848,0.14823663234710693,14,1.0,0.008276538923382759,0.005245649721473455,1.5777909755706787,0.11141061782836914,37.38287353515625,-0.0006109476089477669,0.0017181553412228823,0.0070662484504282475,0.0005320033524185419,-7.101334632744066e-08,-0.0006108765956014395,0.001586815225891769,0.003852949710562825,0.015513422898948193,0.031952325254678726,0.0,490,2.45,0.05137580633163452,0.0006108765956014395
0.006319601088762283,0.0,168.1339111328125,0.0,7.7903218269348145,2.074810266494751,0.1359599381685257,2.0577611923217773,0.19299177825450897,80.9276123046875,3.977763844886795e-05,0.006279823370277882,0.0026292293332517147,1.6370904631912708e-11,7.887625542934984e-05,0.981776773929596,6.825004577636719,0.03550298884510994,0.00143148354254663,-4.7906365394592285,-5.248339653015137,0.4504539370536804,14,0.019027359783649445,0.1483510136604309,14,1.0,0.008272853679955006,0.005242472514510155,1.5780442953109741,0.11135274171829224,37.37809753417969,-0.0006109010428190361,0.0017179667484015226,0.0070739793591201305,0.0005318970652297139,-1.2770760805715792e-07,-0.000610773335210979,0.0015823799185454845,0.003848267951980233,0.015510236844420433,0.031948067247867584,0.0,491,2.455,0.05137427896261215,0.000610773335210979
0.0063165463507175446,0.0,168.1339111328125,0.0,7.790321350097656,2.074810266494751,0.1359599381685257,2.0577614307403564,0.19299177825450897,80.9276123046875,3.983182614319958e-05,0.006276714615523815,0.002629152499139309,-7.09405867382884e-11,7.889683183748275e-05,0.9818999767303467,6.824897289276123,0.03550206869840622,0.0014358221087604761,-4.791083812713623,-5.248947620391846,0.4505969285964966,14,0.019029930233955383,0.14846812188625336,14,1.0,0.008269169367849827,0.005239294376224279,1.5782983303070068,0.1112949326634407,37.37331771850586,-0.0006109010428190361,0.0017179874703288078,0.007081585470587015,0.000531930651050061,-7.351627574671976e-08,-0.0006108275265432894,0.0015814731596037745,0.0038444495294243097,0.015482657589018345,0.031921666115522385,0.0,492,2.46,0.051372818648815155,0.0006108274683356285
0.006313492078334093,0.0,168.13392639160156,0.0,7.7903218269348145,2.07481050491333,0.1359599381685257,2.0577614307403564,0.19299177825450897,80.9276123046875,3.988711250713095e-05,0.006273604929447174,0.002628930378705263,-1.2732925824820995e-11,7.892426219768822e-05,0.9820232391357422,6.824790954589844,0.035501234233379364,0.001441536471247673,-4.791531562805176,-5.249555587768555,0.45064201951026917,14,0.019033357501029968,0.14844729006290436,14,1.0,0.008265483193099499,0.005236118566244841,1.5785515308380127,0.11123710870742798,37.368499755859375,-0.0006107613444328438,0.0017180813010782003,0.00708916038274765,0.0005320161581039429,1.7904676495681532e-07,-0.0006109403911978006,0.0015820992412045598,0.003841110272333026,0.015462256968021393,0.031901318579912186,0.0,493,2.465,0.05137043073773384,0.0006109403911978006
0.006310438737273216,0.0,168.1339111328125,0.0,7.7903218269348145,2.074810266494751,0.1359599381685257,2.0577611923217773,0.19299177825450897,80.9276123046875,3.994312646682374e-05,0.00627049570903182,0.0026286239735782146,-1.4551915228366852e-11,7.895172893768176e-05,0.982146143913269,6.824685096740723,0.03550051152706146,0.0014364294474944472,-4.7919793128967285,-5.250164031982422,0.4513557553291321,14,0.01903674006462097,0.14834806323051453,14,1.0,0.008261797949671745,0.0052329422906041145,1.5788054466247559,0.11117931455373764,37.363616943359375,-0.00061052851378919,0.001718204584904015,0.007096758112311363,0.0005320709897205234,4.941830411423279e-07,-0.0006110226968303323,0.0015807353192940354,0.0038402469363063574,0.015409734100103378,0.03187466785311699,0.0,494,2.47,0.05136748403310776,0.0006110226968303323
0.006307386793196201,0.0,168.13394165039062,0.0,7.790322780609131,2.07481050491333,0.1359599381685257,2.0577614307403564,0.19299177825450897,80.92762756347656,3.9996859413804486e-05,0.006267389748245478,0.0026283219922333956,2.1827872842550278e-11,7.896444003563374e-05,0.9822688102722168,6.824579238891602,0.03549986332654953,0.0014325856463983655,-4.792428016662598,-5.250772953033447,0.4518800675868988,14,0.019038377329707146,0.14824776351451874,14,1.0,0.00825810618698597,0.0052297646179795265,1.5790588855743408,0.11112147569656372,37.35871505737305,-0.0006107613444328438,0.001718140090815723,0.007104482036083937,0.000532012723851949,2.1583400665412672e-07,-0.000610977178439498,0.0015764852287247777,0.0038384022191166878,0.015374534763395786,0.03186429291963577,0.0,495,2.475,0.051364537328481674,0.000610977178439498
0.006304331123828888,0.0,168.1339569091797,0.0,7.790323734283447,2.074810743331909,0.1359599381685257,2.0577614307403564,0.19299177825450897,80.92762756347656,4.0050024836091325e-05,0.006264280993491411,0.0026280430611222982,1.8189894035458565e-12,7.897420437075198e-05,0.9823914766311646,6.824474334716797,0.035499341785907745,0.0014338409528136253,-4.792877197265625,-5.251382350921631,0.4520954489707947,14,0.019039692357182503,0.1481512188911438,14,1.0,0.00825441349297762,0.0052265869453549385,1.5793124437332153,0.11106356978416443,37.3537712097168,-0.000610714778304113,0.0017180175054818392,0.007112257182598114,0.0005319439223967493,2.033775672186447e-07,-0.0006109181558713317,0.0015799796674400568,0.003835542593151331,0.015329078771173954,0.03182518854737282,0.0,496,2.48,0.0513618141412735,0.0006109181558713317
0.00630127964541316,0.0,168.1339569091797,0.0,7.790323734283447,2.0748109817504883,0.1359599381685257,2.0577619075775146,0.19299177825450897,80.92762756347656,4.010299744550139e-05,0.0062611764296889305,0.002627764828503132,1.8189894035458565e-11,7.898076728451997e-05,0.9825137257575989,6.824370861053467,0.035498879849910736,0.001427789917215705,-4.7933268547058105,-5.251992225646973,0.4526994824409485,14,0.01904066652059555,0.14805184304714203,14,1.0,0.008250718005001545,0.005223408807069063,1.5795657634735107,0.11100567877292633,37.34882736206055,-0.0006102956831455361,0.0017178611597046256,0.007120078895241022,0.0005318229668773711,5.080364644397331e-07,-0.0006108037196099758,0.0015802888665348291,0.003835118841379881,0.01527625136077404,0.03178691864013672,0.0,497,2.485,0.051359087228775024,0.0006108037196099758
0.006298228166997433,0.0,168.13394165039062,0.0,7.790322780609131,2.074810743331909,0.1359599381685257,2.0577614307403564,0.19299177825450897,80.92762756347656,4.015323065686971e-05,0.006258075125515461,0.002627500332891941,1.0913936421275139e-11,7.896988245192915e-05,0.9826359152793884,6.824267387390137,0.035498540848493576,0.0014248767402023077,-4.793776988983154,-5.252602577209473,0.4530143737792969,14,0.019039558246731758,0.1479540765285492,14,1.0,0.008247019723057747,0.0052202302031219006,1.5798192024230957,0.11094774305820465,37.34373474121094,-0.0006106682121753823,0.0017174814129248261,0.007128045428544283,0.0005315779708325863,-1.2037344278206102e-07,-0.0006105478387326002,0.001578964409418404,0.003832919057458639,0.01523867528885603,0.03174908086657524,0.0,498,2.49,0.051356472074985504,0.0006105478387326002
0.006295172963291407,0.0,168.1339569091797,0.0,7.790322780609131,2.074810743331909,0.1359599381685257,2.0577619075775146,0.19299177825450897,80.92762756347656,4.0202419768320397e-05,0.00625497056171298,0.002627199050039053,3.637978807091713e-12,7.895614544395357e-05,0.9827575087547302,6.824164390563965,0.03549832105636597,0.0014327000826597214,-4.794227600097656,-5.253212928771973,0.4526037573814392,14,0.019038235768675804,0.14785583317279816,14,1.0,0.008243320509791374,0.0052170529961586,1.5800721645355225,0.11088979244232178,37.338783264160156,-0.0006105750799179207,0.0017170232022181153,0.007136045955121517,0.0005313297733664513,-2.891756594311165e-07,-0.0006102859042584896,0.001576949842274189,0.0038290657103061676,0.015243997797369957,0.031754788011312485,0.0,499,2.495,0.051352981477975845,0.0006102859042584896
0.006292122416198254,0.0,168.13397216796875,0.0,7.7903242111206055,2.0748109817504883,0.1359599381685257,2.0577619075775146,0.19299177825450897,80.9276351928711,4.025398084195331e-05,0.006251868326216936,0.002626840490847826,4.547473508864641e-11,7.895258022472262e-05,0.9828792810440063,6.824060440063477,0.03549677133560181,0.001430695177987218,-4.794677734375,-5.253823280334473,0.45289868116378784,14,0.01903800293803215,0.14775750041007996,14,1.0,0.008239625953137875,0.005213878117501736,1.580325722694397,0.11083192378282547,37.333744049072266,-0.0006102025508880745,0.0017167312325909734,0.007143968716263771,0.0005311410641297698,-1.0896474124302141e-07,-0.0006100935861468315,0.001578117604367435,0.003826985601335764,0.015200677327811718,0.031722698360681534,0.0,500,2.5,0.05134940892457962,0.0006100936443544924
0.006289070937782526,0.0,168.13397216796875,0.0,7.7903242111206055,2.0748109817504883,0.1359599381685257,2.0577621459960938,0.19299177825450897,80.9276351928711,4.030486161354929e-05,0.006248766090720892,0.0026264842599630356,1.2732925824820995e-11,7.894658483564854e-05,0.9830008149147034,6.823957443237305,0.03549511730670929,0.0014336563181132078,-4.795128345489502,-5.254434108734131,0.45272108912467957,14,0.019037587568163872,0.1476588398218155,14,1.0,0.008235929533839226,0.005210702773183584,1.580579400062561,0.11077404767274857,37.32856750488281,-0.0006099697202444207,0.0017163866432383657,0.007151916157454252,0.00053093844326213,-8.46921466421055e-08,-0.0006098850280977786,0.0015685891266912222,0.003824420040473342,0.015232820995151997,0.03176525607705116,0.0,501,2.505,0.05134592205286026,0.0006098850280977786
0.0062860227189958096,0.0,168.13397216796875,0.0,7.790324687957764,2.0748109817504883,0.1359599381685257,2.0577621459960938,0.19299177825450897,80.9276351928711,4.035826350445859e-05,0.006245664320886135,0.002626136876642704,-1.6370904631912708e-11,7.895259477663785e-05,0.9831224679946899,6.823854446411133,0.035493530333042145,0.001434533391147852,-4.795578956604004,-5.255044460296631,0.4529300928115845,14,0.019038446247577667,0.1475602239370346,14,1.0,0.008232233114540577,0.005207531154155731,1.5808322429656982,0.11071623116731644,37.32345962524414,-0.0006095971912145745,0.001716219587251544,0.007159778848290443,0.0005308401305228472,1.955195329953266e-07,-0.0006097927107475698,0.0015663779340684414,0.003821146208792925,0.015209629200398922,0.03174838051199913,0.0,502,2.5100000000000002,0.051342517137527466,0.0006097927107475698
0.00628297496587038,0.0,168.13397216796875,0.0,7.7903242111206055,2.0748109817504883,0.1359599381685257,2.0577621459960938,0.19299177825450897,80.9276351928711,4.041211286676116e-05,0.0062425630167126656,0.0026257990393787622,-3.637978807091713e-12,7.896075112512335e-05,0.983244001865387,6.823751449584961,0.03549201413989067,0.0014323281357064843,-4.796029567718506,-5.255655288696289,0.4532875120639801,14,0.019039571285247803,0.14746199548244476,14,1.0,0.008228540420532227,0.0052043600007891655,1.5810859203338623,0.1106584221124649,37.318214416503906,-0.0006094109266996514,0.0017160831484943628,0.007167622447013855,0.0005307472893036902,2.970919012893272e-07,-0.0006097080186009407,0.0015643041115254164,0.0038189927581697702,0.015179445967078209,0.031730975955724716,0.0,503,2.515,0.051339175552129745,0.0006097080186009407
0.006279928609728813,0.0,168.1339874267578,0.0,7.790325164794922,2.0748114585876465,0.1359599381685257,2.0577621459960938,0.19299177825450897,80.92764282226562,4.046556568937376e-05,0.006239463109523058,0.0026254719123244286,-7.275957614183426e-12,7.896521856309846e-05,0.9833652377128601,6.823648929595947,0.03549060970544815,0.0014326877426356077,-4.796480655670166,-5.2562665939331055,0.45360445976257324,14,0.019040219485759735,0.14736387133598328,14,1.0,0.008224844932556152,0.005201187450438738,1.5813398361206055,0.11060058325529099,37.31302261352539,-0.000609084963798536,0.0017159009585157037,0.00717551214620471,0.0005306348321028054,5.150795914102627e-07,-0.0006096000433899462,0.0015611933777108788,0.003815464908257127,0.015145068988204002,0.031713541597127914,0.0,504,2.52,0.05133592337369919,0.0006096000433899462
0.006276884116232395,0.0,168.1339874267578,0.0,7.790325164794922,2.0748112201690674,0.1359599381685257,2.057762384414673,0.19299177825450897,80.92764282226562,4.051946598337963e-05,0.006236364599317312,0.0026251545641571283,-1.8189894035458565e-11,7.89711921242997e-05,0.9834864139556885,6.823546886444092,0.03548930585384369,0.0014278601156547666,-4.796932220458984,-5.25687837600708,0.4541703164577484,14,0.019041065126657486,0.1472657173871994,14,1.0,0.008221146650612354,0.00519801490008831,1.5815935134887695,0.11054274439811707,37.30777359008789,-0.0006092246621847283,0.0017157439142465591,0.007183394860476255,0.0005305193481035531,2.658925950397087e-07,-0.000609490554779768,0.0015598339959979057,0.0038137296214699745,0.015096107497811317,0.031675197184085846,0.0,505,2.525,0.051332734525203705,0.000609490554779768
0.006273836363106966,0.0,168.13400268554688,0.0,7.790325164794922,2.0748114585876465,0.1359599381685257,2.057762384414673,0.19299177825450897,80.92764282226562,4.0571801946498454e-05,0.006233264692127705,0.0026248544454574585,-5.275069270282984e-11,7.897071918705478e-05,0.9836072325706482,6.8234453201293945,0.03548813611268997,0.00142840133048594,-4.797384262084961,-5.257490158081055,0.4542090594768524,14,0.019041283056139946,0.14716894924640656,14,1.0,0.008217446506023407,0.0051948437467217445,1.5818467140197754,0.11048484593629837,37.30245590209961,-0.0006091315299272667,0.0017154698725789785,0.007191330660134554,0.0005303521174937487,1.913867890704704e-07,-0.0006093229167163372,0.0015576847363263369,0.0038119852542877197,0.01508854515850544,0.03168405592441559,0.0,506,2.5300000000000002,0.05132968723773956,0.0006093228585086763
0.006270792800933123,0.0,168.13400268554688,0.0,7.79032564163208,2.0748114585876465,0.1359599381685257,2.057762384414673,0.19299177825450897,80.92764282226562,4.062477819388732e-05,0.006230168044567108,0.0026245503686368465,-2.3646862246096134e-11,7.89712939877063e-05,0.9837281703948975,6.823343276977539,0.03548708185553551,0.001433247933164239,-4.7978363037109375,-5.2581024169921875,0.45412224531173706,14,0.01904154010117054,0.14706875383853912,14,1.0,0.008213747292757034,0.005191672593355179,1.5821003913879395,0.11042699217796326,37.297176361083984,-0.0006087590008974205,0.0017152155051007867,0.007199299521744251,0.0005302192876115441,4.3155159799943693e-07,-0.00060919055249542,0.001556148286908865,0.0038078478537499905,0.015069223009049892,0.03164835274219513,0.0,507,2.535,0.05132659524679184,0.00060919055249542
0.006267748773097992,0.0,168.13400268554688,0.0,7.79032564163208,2.0748112201690674,0.1359599381685257,2.057762384414673,0.19299177825450897,80.92765045166016,4.067926056450233e-05,0.0062270695343613625,0.0026242537423968315,1.2732925824820995e-11,7.897613977547735e-05,0.9838486313819885,6.8232421875,0.03548605740070343,0.0014299169415608048,-4.798288822174072,-5.25871467590332,0.4546917676925659,14,0.019042089581489563,0.14697149395942688,14,1.0,0.008210047148168087,0.005188502836972475,1.5823538303375244,0.11036916077136993,37.29178237915039,-0.000608665868639959,0.0017150776693597436,0.007207191549241543,0.0005301194614730775,4.2974716051111944e-07,-0.0006090956158004701,0.0015463312156498432,0.003803119296208024,0.01503550074994564,0.03162822872400284,0.0,508,2.54,0.0513235479593277,0.0006090956158004701
0.006264706142246723,0.0,168.13401794433594,0.0,7.79032564163208,2.0748114585876465,0.1359599381685257,2.057762384414673,0.19299177825450897,80.92765045166016,4.073438685736619e-05,0.006223971955478191,0.002623971551656723,1.0913936421275139e-11,7.89898622315377e-05,0.9839688539505005,6.823141098022461,0.03548514097929001,0.0014264617348089814,-4.798741817474365,-5.259327411651611,0.4553883969783783,14,0.019043786451220512,0.14687557518482208,14,1.0,0.008206344209611416,0.005185333080589771,1.5826069116592407,0.11031129211187363,37.28632736206055,-0.0006085261702537667,0.0017150298226624727,0.007214949931949377,0.0005300751654431224,5.388865247238708e-07,-0.0006090650567784905,0.0015449179336428642,0.003800363978371024,0.014969234354794025,0.03157813102006912,0.0,509,2.545,0.05132061988115311,0.0006090650567784905
0.006261663511395454,0.0,168.13401794433594,0.0,7.79032564163208,2.0748114585876465,0.1359599381685257,2.057762622833252,0.19299177825450897,80.92765045166016,4.0788643673295155e-05,0.006220874842256308,0.002623697044327855,1.0913936421275139e-11,7.900167838670313e-05,0.984088659286499,6.823040008544922,0.03548438847064972,0.0014214715920388699,-4.799195766448975,-5.2599406242370605,0.45593878626823425,14,0.01904541440308094,0.14677733182907104,14,1.0,0.008202634751796722,0.005182162392884493,1.5828595161437988,0.11025336384773254,37.28095626831055,-0.0006086193025112282,0.0017149312188848853,0.007222700864076614,0.0005299919284880161,3.74275259660585e-07,-0.0006089935777708888,0.00154368847142905,0.0038001283537596464,0.014926061034202576,0.03155733644962311,0.0,510,2.5500000000000003,0.05131774768233299,0.0006089935777708888
0.006258619949221611,0.0,168.134033203125,0.0,7.790326118469238,2.0748114585876465,0.1359599381685257,2.057762861251831,0.19299177825450897,80.92765045166016,4.084066677023657e-05,0.006217779126018286,0.002623434644192457,-2.1827872842550278e-11,7.900017953943461e-05,0.9842084050178528,6.822939872741699,0.035483743995428085,0.0014217128045856953,-4.799650192260742,-5.260554313659668,0.4560772776603699,14,0.019045531749725342,0.14668039977550507,14,1.0,0.008198922500014305,0.005178991239517927,1.5831118822097778,0.11019539833068848,37.275482177734375,-0.000608665868639959,0.0017146395985037088,0.007230591028928757,0.0005298116011545062,1.4592660589705236e-07,-0.000608811795245856,0.001544770086184144,0.003798777237534523,0.014899305999279022,0.03154165670275688,0.0,511,2.555,0.05131496489048004,0.000608811795245856
0.006255576852709055,0.0,168.134033203125,0.0,7.790327072143555,2.0748116970062256,0.1359599381685257,2.057762861251831,0.19299177825450897,80.92765808105469,4.089305366505869e-05,0.006214683875441551,0.0026231808587908745,1.4551915228366852e-11,7.899793854448944e-05,0.9843279123306274,6.822840690612793,0.03548317402601242,0.0014204287435859442,-4.80010461807251,-5.261168479919434,0.45634421706199646,14,0.019045483320951462,0.1465836614370346,14,1.0,0.008195213042199612,0.0051758200861513615,1.5833650827407837,0.11013743281364441,37.2700080871582,-0.0006084796041250359,0.0017143561271950603,0.007238504011183977,0.0005296338349580765,1.5215482561479338e-07,-0.0006086317589506507,0.001543531776405871,0.0037967299576848745,0.01486100535839796,0.031502921134233475,0.0,512,2.56,0.05131225287914276,0.0006086317589506507
0.006252535153180361,0.0,168.134033203125,0.0,7.7903265953063965,2.0748114585876465,0.1359599381685257,2.057762861251831,0.19299177825450897,80.92765808105469,4.094449832336977e-05,0.006211590487509966,0.002622933592647314,7.275957614183426e-12,7.898802141426131e-05,0.9844470620155334,6.822741508483887,0.035482749342918396,0.0014217327116057277,-4.8005595207214355,-5.261782646179199,0.45640110969543457,14,0.019044414162635803,0.1464851349592209,14,1.0,0.008191501721739769,0.005172650329768658,1.583617925643921,0.11007948219776154,37.26447677612305,-0.0006083399057388436,0.0017139979172497988,0.0072464547120034695,0.0005294121219776571,6.024492903242834e-08,-0.000608400150667876,0.0015331842005252838,0.0037918828893452883,0.014859016984701157,0.0315084308385849,0.0,513,2.565,0.05130959302186966,0.000608400150667876
0.006249493453651667,0.0,168.13404846191406,0.0,7.790327072143555,2.0748119354248047,0.1359599381685257,2.057762861251831,0.19299177825450897,80.92765808105469,4.099859143025242e-05,0.006208494771271944,0.0026227026246488094,1.0913936421275139e-11,7.899745833128691e-05,0.9845662713050842,6.822641849517822,0.035482414066791534,0.0014173384988680482,-4.8010149002075195,-5.262396812438965,0.4569154381752014,14,0.019045714288949966,0.14638812839984894,14,1.0,0.008187787607312202,0.005169482436031103,1.5838699340820312,0.11002153158187866,37.258888244628906,-0.0006083399057388436,0.0017138756811618805,0.007254204712808132,0.0005293183494359255,-2.4097971631185933e-08,-0.0006083158077672124,0.0015319688245654106,0.0037907599471509457,0.014821680262684822,0.031502120196819305,0.0,514,2.57,0.05130705237388611,0.0006083158077672124
0.0062464517541229725,0.0,168.13404846191406,0.0,7.790327072143555,2.0748119354248047,0.1359599381685257,2.05776309967041,0.19299177825450897,80.92765808105469,4.105058906134218e-05,0.006205401383340359,0.002622483763843775,-1.8189894035458565e-12,7.900019409134984e-05,0.9846853017807007,6.822543144226074,0.035482171922922134,0.0014205268817022443,-4.801470756530762,-5.263011455535889,0.4567556381225586,14,0.01904667541384697,0.14629235863685608,14,1.0,0.008184071630239487,0.005166314542293549,1.584121823310852,0.1099635511636734,37.253257751464844,-0.000608246773481382,0.0017135643865913153,0.007262103725224733,0.0005291388370096684,-1.077423803638386e-07,-0.0006081390311010182,0.0015325956046581268,0.003793352749198675,0.014816978015005589,0.0315212607383728,0.0,515,2.575,0.05130462348461151,0.0006081390311010182
0.006243410985916853,0.0,168.13406372070312,0.0,7.790327548980713,2.074812173843384,0.1359599381685257,2.05776309967041,0.19299177825450897,80.92767333984375,4.1101469832938164e-05,0.006202309392392635,0.0026222621090710163,-1.8189894035458565e-12,7.898210606072098e-05,0.9848045110702515,6.822444915771484,0.03548205643892288,0.0014186181360855699,-4.801926612854004,-5.2636260986328125,0.4569372236728668,14,0.019044699147343636,0.1461937427520752,14,1.0,0.008180355653166771,0.005163148045539856,1.5843735933303833,0.10990563035011292,37.247589111328125,-0.0006087590008974205,0.0017130894120782614,0.007270226255059242,0.0005288367974571884,-9.401119314264225e-07,-0.0006078188889659941,0.0015291146701201797,0.00379003188572824,0.014801422134041786,0.03150211274623871,0.0,516,2.58,0.051302168518304825,0.0006078188889659941
0.006240364164113998,0.0,168.13406372070312,0.0,7.790327548980713,2.0748119354248047,0.1359599381685257,2.05776309967041,0.19299177825450897,80.92766571044922,4.1153733036480844e-05,0.006199210416525602,0.002622055122628808,-5.4569682106375694e-12,7.898019975982606e-05,0.9849236011505127,6.8223466873168945,0.035482071340084076,0.0014313088031485677,-4.802382469177246,-5.264240741729736,0.4563294053077698,14,0.01904492825269699,0.14609603583812714,14,1.0,0.008176643401384354,0.0051599838770926,1.5846257209777832,0.10984770953655243,37.24190139770508,-0.0006085261702537667,0.0017127377213910222,0.007278239354491234,0.0005286728264763951,-8.731149137150215e-07,-0.0006076530553400517,0.0015260253567248583,0.0037869310472160578,0.0148186469450593,0.031515710055828094,0.0,517,2.585,0.0512998104095459,0.0006076530553400517
0.006237325724214315,0.0,168.1340789794922,0.0,7.790327548980713,2.0748119354248047,0.1359599381685257,2.05776309967041,0.19299177825450897,80.92767333984375,4.121051824768074e-05,0.006196115165948868,0.0026218569837510586,5.4569682106375694e-12,7.899671618361026e-05,0.9850426316261292,6.822248458862305,0.035482119768857956,0.001430845120921731,-4.80283784866333,-5.26485538482666,0.4567200541496277,14,0.019046958535909653,0.145999014377594,14,1.0,0.00817293580621481,0.005156821571290493,1.5848785638809204,0.1097899079322815,37.23618698120117,-0.0006075017154216895,0.001712715020403266,0.007286089472472668,0.0005286581581458449,1.5314435585043074e-07,-0.00060765485977754,0.0015235317405313253,0.0037832376547157764,0.014783238060772419,0.03148314729332924,0.0,518,2.59,0.05129753053188324,0.00060765485977754
0.006234289146959782,0.0,168.1340789794922,0.0,7.790328502655029,2.074812412261963,0.1359599381685257,2.05776309967041,0.19299177825450897,80.92767333984375,4.126797284698114e-05,0.006193021312355995,0.0026216674596071243,1.0913936421275139e-11,7.901719072833657e-05,0.985161542892456,6.822150707244873,0.03548229858279228,0.0014273707056418061,-4.803293704986572,-5.265470504760742,0.457273006439209,14,0.019049447029829025,0.14590102434158325,14,1.0,0.008169225417077541,0.0051536583341658115,1.5851314067840576,0.10973208397626877,37.23039245605469,-0.0006076879799366126,0.0017127498285844922,0.007293888833373785,0.0005286673549562693,-3.434252006796583e-09,-0.0006076845456846058,0.0015218373155221343,0.003780476050451398,0.014737808145582676,0.031445231288671494,0.0,519,2.595,0.05129532516002655,0.0006076845456846058
0.006231248844414949,0.0,168.1340789794922,0.0,7.7903289794921875,2.074812173843384,0.1359599381685257,2.05776309967041,0.19299177825450897,80.92767333984375,4.132439426030032e-05,0.006189924664795399,0.0026214930694550276,-1.0913936421275139e-11,7.903277582954615e-05,0.9852801561355591,6.822052955627441,0.03548256307840347,0.0014331717975437641,-4.803750038146973,-5.266086101531982,0.4572802186012268,14,0.019051343202590942,0.14580537378787994,14,1.0,0.008165514096617699,0.00515049509704113,1.5853842496871948,0.10967420786619186,37.22474670410156,-0.0006077811121940742,0.0017127083847299218,0.00730171799659729,0.0005286689265631139,-7.939524949887155e-08,-0.0006077017169445753,0.0015185244847089052,0.0037746019661426544,0.014721274375915527,0.03142101317644119,0.0,520,2.6,0.051293257623910904,0.0006077017169445753
0.006228211335837841,0.0,168.1340789794922,0.0,7.790328502655029,2.074812412261963,0.1359599381685257,2.05776309967041,0.19299177825450897,80.92767333984375,4.1382947529200464e-05,0.0061868284828960896,0.0026213291566818953,2.9103830456733704e-11,7.906092650955543e-05,0.9853982925415039,6.82195520401001,0.03548295423388481,0.0014314798172563314,-4.804206848144531,-5.266702175140381,0.457866370677948,14,0.019054729491472244,0.14570899307727814,14,1.0,0.008161799982190132,0.005147330928593874,1.5856373310089111,0.10961636155843735,37.21881103515625,-0.0006079673767089974,0.0017128379549831152,0.007309429347515106,0.0005287438398227096,-1.6263220460523836e-07,-0.0006078047445043921,0.0015172141138464212,0.0037715283688157797,0.014666696079075336,0.03138279914855957,0.0,521,2.605,0.05129125341773033,0.0006078047445043921
0.00622516917064786,0.0,168.1340789794922,0.0,7.790328502655029,2.074812173843384,0.1359599381685257,2.0577633380889893,0.19299177825450897,80.92767333984375,4.144043123233132e-05,0.006183728575706482,0.002621173392981291,-7.275957614183426e-12,7.908525731181726e-05,0.9855160713195801,6.821859359741211,0.035483527928590775,0.0014472712064161897,-4.804664134979248,-5.2673187255859375,0.45734551548957825,14,0.019057709723711014,0.14561161398887634,14,1.0,0.008158084005117416,0.005144166294485331,1.5858904123306274,0.10955847054719925,37.21300506591797,-0.0006079673767089974,0.0017128844046965241,0.007317181210964918,0.0005288477404974401,-3.4400727612869664e-08,-0.0006079329759813845,0.00151261396240443,0.00376340514048934,0.014682061038911343,0.03134613856673241,0.0,522,2.61,0.05128931999206543,0.0006079329759813845
0.006222131662070751,0.0,168.1341094970703,0.0,7.790329456329346,2.074812412261963,0.1359599381685257,2.0577635765075684,0.19299177825450897,80.92768096923828,4.150350287090987e-05,0.006180628202855587,0.0026210315991193056,1.4551915228366852e-11,7.91419151937589e-05,0.9856335520744324,6.821761608123779,0.03548412770032883,0.0014414464822039008,-4.805121421813965,-5.267935276031494,0.45828238129615784,14,0.019064482301473618,0.14551571011543274,14,1.0,0.008154368959367275,0.005141003988683224,1.5861432552337646,0.1095006912946701,37.20712661743164,-0.0006076414138078819,0.001713380916044116,0.007324633654206991,0.0005291313282214105,6.318441592027867e-07,-0.0006082732579670846,0.0015129735693335533,0.0037628384307026863,0.014611640013754368,0.03131035715341568,0.0,523,2.615,0.05128747224807739,0.0006082732579670846
0.006219092756509781,0.0,168.1341094970703,0.0,7.790329456329346,2.074812650680542,0.1359599381685257,2.0577633380889893,0.19299177825450897,80.92768859863281,4.1563125705579296e-05,0.006177529692649841,0.002620900049805641,5.4569682106375694e-12,7.917589391581714e-05,0.9857505559921265,6.821665287017822,0.035484910011291504,0.0014347352553158998,-4.805579662322998,-5.268552780151367,0.4591444432735443,14,0.019068561494350433,0.14541980624198914,14,1.0,0.008150649257004261,0.005137838423252106,1.58639657497406,0.1094428151845932,37.2011833190918,-0.0006078742444515358,0.0017135930247604847,0.007332274224609137,0.0005292351706884801,5.36791048930986e-07,-0.0006084110355004668,0.0015118307201191783,0.0037615473847836256,0.014546914957463741,0.031272877007722855,0.0,524,2.62,0.05128572881221771,0.0006084110355004668
0.006216052919626236,0.0,168.1341094970703,0.0,7.790329456329346,2.074812412261963,0.1359599381685257,2.0577635765075684,0.19299177825450897,80.92768859863281,4.162011464359239e-05,0.0061744325794279575,0.0026207752525806427,3.8198777474462986e-11,7.919409108581021e-05,0.9858673214912415,6.821569442749023,0.03548583388328552,0.0014351567951962352,-4.806038856506348,-5.269170761108398,0.4594481885433197,14,0.01907074637711048,0.14532239735126495,14,1.0,0.00814692210406065,0.0051346723921597,1.5866488218307495,0.10938486456871033,37.195308685302734,-0.000608246773481382,0.0017135984962806106,0.007340028882026672,0.0005292421556077898,1.8940772859941252e-07,-0.0006084361812099814,0.001509506138972938,0.0037570821586996317,0.01451668981462717,0.031246226280927658,0.0,525,2.625,0.0512840636074543,0.0006084362394176424
0.006213010288774967,0.0,168.13412475585938,0.0,7.790329456329346,2.074812650680542,0.1359599381685257,2.0577635765075684,0.19299177825450897,80.92768859863281,4.1677907574921846e-05,0.006171332206577063,0.0026206648908555508,-5.4569682106375694e-12,7.921896758489311e-05,0.9859834313392639,6.821474075317383,0.03548689931631088,0.0014424686087295413,-4.806498050689697,-5.269789218902588,0.4594882130622864,14,0.019073719158768654,0.14522577822208405,14,1.0,0.008143196813762188,0.005131505895406008,1.5869020223617554,0.10932689905166626,37.18939208984375,-0.0006086193025112282,0.001713677542284131,0.007347713690251112,0.0005293261492624879,-7.41565600167679e-08,-0.0006085451459512115,0.0015065494226291776,0.003750748233869672,0.014497214928269386,0.03121923841536045,0.0,526,2.63,0.05128249153494835,0.0006085451459512115
0.006209966726601124,0.0,168.13412475585938,0.0,7.790329933166504,2.074812650680542,0.1359599381685257,2.0577638149261475,0.19299177825450897,80.92768859863281,4.173866182100028e-05,0.006168228108435869,0.0026205286849290133,-1.0913936421275139e-11,7.926110993139446e-05,0.9860996007919312,6.821378707885742,0.03548669070005417,0.0014444187982007861,-4.806957721710205,-5.2704081535339355,0.45994848012924194,14,0.0190786924213171,0.14512893557548523,14,1.0,0.008139469660818577,0.005128338932991028,1.5871552228927612,0.10926896333694458,37.183311462402344,-0.0006085727363824974,0.0017139929113909602,0.007355243433266878,0.000529531913343817,2.2025778888355024e-07,-0.000608792994171381,0.0015044971369206905,0.003746114205569029,0.01445265393704176,0.031182805076241493,0.0,527,2.6350000000000002,0.05128102749586105,0.000608792994171381
0.006206924561411142,0.0,168.13412475585938,0.0,7.790329456329346,2.074812412261963,0.1359599381685257,2.0577635765075684,0.19299177825450897,80.92768859863281,4.179993266006932e-05,0.006165124475955963,0.0026203934103250504,1.0913936421275139e-11,7.930802530609071e-05,0.9862151145935059,6.821284294128418,0.03548630699515343,0.0014467706205323339,-4.807417869567871,-5.271027565002441,0.46054863929748535,14,0.019084304571151733,0.14503256976604462,14,1.0,0.008135740645229816,0.005125171504914761,1.587408423423767,0.10921100527048111,37.17747116088867,-0.0006084796041250359,0.0017143564764410257,0.007362722884863615,0.000529762648511678,5.910405889023376e-07,-0.0006090706447139382,0.0014929762110114098,0.0037424638867378235,0.014423465356230736,0.031179845333099365,0.0,528,2.64,0.051279641687870026,0.0006090706447139382
0.006203881930559874,0.0,168.13412475585938,0.0,7.790330410003662,2.074812889099121,0.1359599381685257,2.0577635765075684,0.19299177825450897,80.92768859863281,4.1862891521304846e-05,0.006162018980830908,0.002620264422148466,-2.000888343900442e-11,7.936161273391917e-05,0.986330509185791,6.821189880371094,0.03548610955476761,0.0014398405328392982,-4.807878494262695,-5.271647930145264,0.4615853726863861,14,0.019090643152594566,0.14493432641029358,14,1.0,0.008132009766995907,0.0051220012828707695,1.5876625776290894,0.10915300995111465,37.171295166015625,-0.0006092246621847283,0.001714828540571034,0.007370170671492815,0.0005300258053466678,1.6274861990104444e-07,-0.0006093874108046293,0.0014918956439942122,0.0037411749362945557,0.0143490731716156,0.031142083927989006,0.0,529,2.645,0.05127832293510437,0.0006093874108046293
0.006200832314789295,0.0,168.13414001464844,0.0,7.79033088684082,2.074812889099121,0.1359599381685257,2.0577640533447266,0.19299177825450897,80.92770385742188,4.1922921809600666e-05,0.006158909294754267,0.002620148006826639,1.8189894035458565e-11,7.940459181554615e-05,0.986445426940918,6.821094989776611,0.03548599034547806,0.0014459161320701241,-4.808340072631836,-5.272269248962402,0.4616814851760864,14,0.019096100702881813,0.14483775198459625,14,1.0,0.0081282714381814,0.005118827801197767,1.587916612625122,0.10909489542245865,37.1651611328125,-0.0006094109266996514,0.001715068705379963,0.00737775256857276,0.0005301996134221554,1.9324943421970137e-07,-0.0006096041761338711,0.0014897269429638982,0.003740734653547406,0.014339071698486805,0.03115437552332878,0.0,530,2.65,0.051277145743370056,0.0006096041761338711
0.006197787821292877,0.0,168.13412475585938,0.0,7.790330410003662,2.074812889099121,0.1359599381685257,2.0577635765075684,0.19299177825450897,80.92769622802734,4.1983112168964e-05,0.006155804730951786,0.0026200376451015472,-1.0913936421275139e-11,7.943778473418206e-05,0.9865606427192688,6.821003437042236,0.035486020147800446,0.0014429412549361587,-4.808802127838135,-5.272891044616699,0.46235498785972595,14,0.01910003088414669,0.1447412520647049,14,1.0,0.00812453217804432,0.005115654319524765,1.5881706476211548,0.10903680324554443,37.159088134765625,-0.0006089918315410744,0.0017152712680399418,0.007385435979813337,0.0005303137586452067,7.597263902295662e-07,-0.000609751557931304,0.0014881625538691878,0.0037374948151409626,0.0142805315554142,0.031111281365156174,0.0,531,2.6550000000000002,0.0512760654091835,0.000609751557931304
0.006194742396473885,0.0,168.1341552734375,0.0,7.7903313636779785,2.0748131275177,0.1359599381685257,2.0577640533447266,0.19299177825450897,80.92770385742188,4.204214928904548e-05,0.006152700167149305,0.002619941020384431,1.8189894035458565e-11,7.946553523652256e-05,0.9866753816604614,6.820911884307861,0.035486213862895966,0.00143612758256495,-4.80926513671875,-5.273513317108154,0.46314066648483276,14,0.0191034022718668,0.14464543759822845,14,1.0,0.008120786398649216,0.005112479906529188,1.5884240865707397,0.10897865146398544,37.15296173095703,-0.0006092246621847283,0.0017153952503576875,0.007393138483166695,0.0005303627112880349,6.036134436596466e-07,-0.0006098282756283879,0.0014884956181049347,0.003736437065526843,0.014218672178685665,0.031073713675141335,0.0,532,2.66,0.05127512663602829,0.0006098282756283879
0.00619169557467103,0.0,168.1341552734375,0.0,7.7903313636779785,2.074812889099121,0.1359599381685257,2.0577640533447266,0.19299177825450897,80.92770385742188,4.209856706438586e-05,0.006149597000330687,0.0026198471896350384,-3.637978807091713e-12,7.947977428557351e-05,0.9867899417877197,6.820821285247803,0.0354866087436676,0.0014297318411991,-4.809728622436523,-5.274136543273926,0.4637131690979004,14,0.019105350598692894,0.14454801380634308,14,1.0,0.008117038756608963,0.0051093026995658875,1.5886783599853516,0.10892043262720108,37.1467170715332,-0.0006093643605709206,0.0017153124790638685,0.007400957401841879,0.0005302865756675601,4.019821062553955e-07,-0.000609766342677176,0.0014927408192306757,0.0037371707148849964,0.014166261069476604,0.031048033386468887,0.0,533,2.665,0.051274217665195465,0.000609766342677176
0.0061886487528681755,0.0,168.1341552734375,0.0,7.7903313636779785,2.0748131275177,0.1359599381685257,2.0577640533447266,0.19299177825450897,80.92770385742188,4.2151652451138943e-05,0.006146497093141079,0.002619745908305049,-1.4551915228366852e-11,7.947131234686822e-05,0.9869042038917542,6.820730209350586,0.03548713028430939,0.00142815918661654,-4.810193061828613,-5.274759769439697,0.4640020430088043,14,0.01910455711185932,0.14445194602012634,14,1.0,0.008113284595310688,0.005106127820909023,1.5889309644699097,0.10886216163635254,37.14051055908203,-0.0006092246621847283,0.0017149447230622172,0.00740897748619318,0.0005300537450239062,3.0040973796139486e-07,-0.0006095250719226897,0.0014935765648260713,0.0037346913013607264,0.014115194790065289,0.031006528064608574,0.0,534,2.67,0.051273174583911896,0.0006095250719226897
0.006185603328049183,0.0,168.13417053222656,0.0,7.7903313636779785,2.0748131275177,0.1359599381685257,2.0577640533447266,0.19299177825450897,80.92770385742188,4.220421760692261e-05,0.0061433990485966206,0.0026196425314992666,-7.275957614183426e-12,7.946042023831978e-05,0.9870180487632751,6.820641040802002,0.03548789024353027,0.0014245769707486033,-4.810657501220703,-5.275383472442627,0.46430453658103943,14,0.019103456288576126,0.14435423910617828,14,1.0,0.008109532296657562,0.005102952476590872,1.5891844034194946,0.1088038980960846,37.134151458740234,-0.0006089918315410744,0.0017145528690889478,0.007416976150125265,0.000529796234332025,2.648448571432663e-07,-0.0006092566763982177,0.0014927630545571446,0.00373255112208426,0.014073627069592476,0.03098292089998722,0.0,535,2.6750000000000003,0.051272086799144745,0.0006092566763982177
0.006182558834552765,0.0,168.13417053222656,0.0,7.790331840515137,2.0748131275177,0.1359599381685257,2.0577642917633057,0.19299177825450897,80.92770385742188,4.2255051084794104e-05,0.006140303798019886,0.0026195519603788853,4.3655745685100555e-11,7.943904347484931e-05,0.9871317148208618,6.820552349090576,0.035488810390233994,0.001420818269252777,-4.811122417449951,-5.276007652282715,0.46455737948417664,14,0.019101137295365334,0.14425811171531677,14,1.0,0.008105779066681862,0.005099776200950146,1.5894381999969482,0.10874561965465546,37.12785720825195,-0.0006087124347686898,0.0017140251584351063,0.007425044197589159,0.0005294557195156813,1.8224818630705603e-07,-0.0006088946829549968,0.001491785398684442,0.003730312455445528,0.014035855419933796,0.03096259944140911,0.0,536,2.68,0.05127113685011864,0.0006088947411626577
0.006179516203701496,0.0,168.13417053222656,0.0,7.790331840515137,2.0748131275177,0.1359599381685257,2.0577642917633057,0.19299177825450897,80.92770385742188,4.23048077209387e-05,0.006137211341410875,0.002619468607008457,-1.8189894035458565e-12,7.941278454381973e-05,0.9872452616691589,6.820463180541992,0.03548993170261383,0.0014176949625834823,-4.811587810516357,-5.276631832122803,0.4646483063697815,14,0.019098322838544846,0.14416076242923737,14,1.0,0.008102022111415863,0.005096602253615856,1.589690923690796,0.10868733376264572,37.121543884277344,-0.0006084330379963051,0.0017134204972535372,0.007433136459439993,0.0005290716071613133,5.133915691266783e-08,-0.0006084843771532178,0.0014906845754012465,0.003728752490133047,0.0140170743688941,0.03094301000237465,0.0,537,2.685,0.05127027630805969,0.0006084843771532178
0.006176474504172802,0.0,168.1342010498047,0.0,7.790333271026611,2.0748133659362793,0.1359599381685257,2.0577645301818848,0.19299177825450897,80.9277114868164,4.2353683966211975e-05,0.006134120747447014,0.002619399456307292,7.275957614183426e-12,7.938313501654193e-05,0.9873585104942322,6.820374488830566,0.0354912243783474,0.0014151218347251415,-4.812053203582764,-5.277256011962891,0.4645790159702301,14,0.019095271825790405,0.144064798951149,14,1.0,0.008098267950117588,0.005093430168926716,1.5899438858032227,0.10862906277179718,37.11516571044922,-0.0006083864718675744,0.0017127373721450567,0.007441282272338867,0.0005286395899020135,-3.6373967306126825e-07,-0.0006080227321945131,0.0014908903976902366,0.003729236777871847,0.014008567668497562,0.03094911016523838,0.0,538,2.69,0.05126955360174179,0.0006080227321945131
0.0061734323389828205,0.0,168.1342010498047,0.0,7.790333271026611,2.0748133659362793,0.1359599381685257,2.057765007019043,0.19299177825450897,80.92771911621094,4.240071939420886e-05,0.006131031550467014,0.002619335660710931,-1.2732925824820995e-11,7.933777669677511e-05,0.9874719977378845,6.820286750793457,0.03549268841743469,0.0014161801664158702,-4.81251859664917,-5.27787971496582,0.46427568793296814,14,0.0190901942551136,0.14396771788597107,14,1.0,0.008094514720141888,0.005090262275189161,1.5901960134506226,0.10857083648443222,37.108787536621094,-0.0006075948476791511,0.001711881603114307,0.0074495673179626465,0.0005281183402985334,-1.3870885596969484e-07,-0.0006074561388231814,0.0014888453297317028,0.003725591814145446,0.014013209380209446,0.030934156849980354,0.0,539,2.695,0.05126892030239105,0.0006074561388231814
0.006170398555696011,0.0,168.1342010498047,0.0,7.790332794189453,2.0748133659362793,0.1359599381685257,2.0577645301818848,0.19299177825450897,80.92771911621094,4.2448988097021356e-05,0.006127949338406324,0.0026192711666226387,1.0913936421275139e-11,7.930015999590978e-05,0.987585186958313,6.820197105407715,0.035493846982717514,0.0014103830326348543,-4.812983512878418,-5.27850341796875,0.4644174575805664,14,0.019086051732301712,0.1438707709312439,14,1.0,0.00809076800942421,0.005087096709758043,1.5904489755630493,0.10851268470287323,37.10236740112305,-0.0006065703928470741,0.0017111314227804542,0.0074577657505869865,0.000527632946614176,3.626919351389134e-07,-0.000606933084782213,0.0014878842048346996,0.0037246255669742823,0.013989174738526344,0.03090810216963291,0.0,540,2.7,0.05126839131116867,0.000606933084782213
0.00616736663505435,0.0,168.13418579101562,0.0,7.790332317352295,2.0748131275177,0.1359599381685257,2.0577645301818848,0.19299177825450897,80.9277114868164,4.249561607139185e-05,0.006124870851635933,0.0026191796641796827,2.3646862246096134e-11,7.925320824142545e-05,0.9876985549926758,6.8201093673706055,0.03549356386065483,0.0014039193047210574,-4.813448429107666,-5.2791266441345215,0.4645218849182129,14,0.019080866128206253,0.14377450942993164,14,1.0,0.008087022230029106,0.005083935335278511,1.5907012224197388,0.10845454037189484,37.09585189819336,-0.0006065703928470741,0.0017102520214393735,0.007466030772775412,0.000527065945789218,-2.5122426451542734e-07,-0.0006063191685825586,0.001487074769102037,0.0037243368569761515,0.013967995531857014,0.030883479863405228,0.0,541,2.705,0.05126797407865524,0.0006063191685825586
0.00616433285176754,0.0,168.1342010498047,0.0,7.790333271026611,2.0748133659362793,0.1359599381685257,2.057764768600464,0.19299177825450897,80.92771911621094,4.254024679539725e-05,0.006121792830526829,0.0026190984062850475,1.8189894035458565e-11,7.919431664049625e-05,0.9878116250038147,6.820021629333496,0.03549350053071976,0.0014101091073825955,-4.813913345336914,-5.279749870300293,0.46400946378707886,14,0.019074173644185066,0.14367695152759552,14,1.0,0.008083278313279152,0.005080775823444128,1.5909535884857178,0.10839641094207764,37.08941650390625,-0.0006058253347873817,0.00170921441167593,0.007474380079656839,0.0005264531937427819,-1.7782440410354493e-07,-0.0006056475103832781,0.0014884963165968657,0.0037185915280133486,0.013963243924081326,0.030852679163217545,0.0,542,2.71,0.051267653703689575,0.0006056475103832781
0.006161308381706476,0.0,168.13421630859375,0.0,7.790334701538086,2.0748136043548584,0.1359599381685257,2.057765007019043,0.19299177825450897,80.92772674560547,4.258906847098842e-05,0.006118719466030598,0.0026190332137048244,-5.4569682106375694e-12,7.916170579846948e-05,0.9879240989685059,6.81993293762207,0.03549353778362274,0.0014039910165593028,-4.814377784729004,-5.280372619628906,0.4642504155635834,14,0.01907060481607914,0.14358201622962952,14,1.0,0.00807954091578722,0.005077620968222618,1.5912059545516968,0.1083383709192276,37.08277130126953,-0.0006055925041437278,0.0017085317522287369,0.0074824681505560875,0.0005260090110823512,-4.2177271099188684e-07,-0.0006051707314327359,0.0014875346096232533,0.0037177095655351877,0.013932227157056332,0.03082314133644104,0.0,543,2.715,0.05126748979091644,0.0006051707314327359
0.006158276926726103,0.0,168.13421630859375,0.0,7.790334224700928,2.0748136043548584,0.1359599381685257,2.057765007019043,0.19299177825450897,80.92771911621094,4.263609298504889e-05,0.006115640979260206,0.0026189740747213364,2.3646862246096134e-11,7.912104774732143e-05,0.9880367517471313,6.8198442459106445,0.035493794828653336,0.001411527511663735,-4.814842224121094,-5.2809953689575195,0.46352946758270264,14,0.01906612701714039,0.14348502457141876,14,1.0,0.008075804449617863,0.00507446750998497,1.5914585590362549,0.10828034579753876,37.076236724853516,-0.0006054062396288047,0.0017077148659154773,0.0074906134977936745,0.000525538285728544,-7.469207048545158e-07,-0.0006046593189239502,0.0014835561159998178,0.003713006619364023,0.01396893709897995,0.030829809606075287,0.0,544,2.72,0.05126737058162689,0.0006046593189239502
0.006155254319310188,0.0,168.13421630859375,0.0,7.7903337478637695,2.0748136043548584,0.1359599381685257,2.057765007019043,0.19299177825450897,80.92772674560547,4.2686984670581296e-05,0.006112567149102688,0.002618924481794238,1.6370904631912708e-11,7.910124259069562e-05,0.9881492257118225,6.8197550773620605,0.035494208335876465,0.0014103816356509924,-4.815306663513184,-5.281617641448975,0.4637316167354584,14,0.019064046442508698,0.14338813722133636,14,1.0,0.00807206891477108,0.005071318708360195,1.591710090637207,0.10822244733572006,37.06961441040039,-0.0006041955202818046,0.0017071882029995322,0.007498603779822588,0.0005252112168818712,1.1693919076225402e-07,-0.0006043124594725668,0.0014844067627564073,0.00371086155064404,0.013923645950853825,0.030786819756031036,0.0,545,2.725,0.0512673482298851,0.0006043124594725668
0.006152234971523285,0.0,168.13424682617188,0.0,7.790334701538086,2.0748138427734375,0.1359599381685257,2.057765007019043,0.19299177825450897,80.927734375,4.273722879588604e-05,0.0061094979755580425,0.002618888858705759,-3.2741809263825417e-11,7.907881081337109e-05,0.9882614016532898,6.819667339324951,0.03549457713961601,0.0014090921031311154,-4.815771102905273,-5.28223991394043,0.4637635052204132,14,0.01906171441078186,0.14329448342323303,14,1.0,0.008068337105214596,0.005068172235041857,1.5919618606567383,0.10816453397274017,37.0629768371582,-0.0006036367267370353,0.001706619979813695,0.007506593130528927,0.000524859584402293,3.0174851416251303e-07,-0.0006039384752511978,0.0014834485482424498,0.0037093516439199448,0.013898634351789951,0.030759112909436226,0.0,546,2.73,0.05126748979091644,0.0006039384170435369
0.006149217952042818,0.0,168.1342315673828,0.0,7.790334224700928,2.0748136043548584,0.1359599381685257,2.057765245437622,0.19299177825450897,80.927734375,4.278656342648901e-05,0.006106431595981121,0.002618856728076935,-1.4551915228366852e-11,7.905066740931943e-05,0.9883735775947571,6.819579601287842,0.035495322197675705,0.001405009301379323,-4.816235542297363,-5.282862186431885,0.4637417495250702,14,0.019058721140027046,0.14319653809070587,14,1.0,0.008064605295658112,0.00506502715870738,1.5922136306762695,0.10810668766498566,37.056304931640625,-0.0006032176315784583,0.0017059833044186234,0.007514608558267355,0.0005244525382295251,2.855667844285691e-07,-0.0006035031983628869,0.0014803807716816664,0.0037085828371345997,0.013899644836783409,0.030750783160328865,0.0,547,2.735,0.05126762390136719,0.0006035031983628869
0.0061462027952075005,0.0,168.13424682617188,0.0,7.790334701538086,2.0748138427734375,0.1359599381685257,2.057765007019043,0.19299177825450897,80.927734375,4.283509770175442e-05,0.006103367544710636,0.002618845086544752,-1.4551915228366852e-11,7.901633944129571e-05,0.9884854555130005,6.819491386413574,0.03549608588218689,0.0014004673575982451,-4.816699981689453,-5.28348445892334,0.4638842046260834,14,0.019054898992180824,0.14310187101364136,14,1.0,0.008060875348746777,0.005061883945018053,1.5924655199050903,0.10804884135723114,37.04964065551758,-0.0006027519702911506,0.001705285394564271,0.0075226458720862865,0.0005240063765086234,2.707238308956349e-07,-0.0006030226941220462,0.0014783693477511406,0.0037064561620354652,0.013877827674150467,0.030722642317414284,0.0,548,2.74,0.051267944276332855,0.0006030226941220462
0.006143190432339907,0.0,168.13424682617188,0.0,7.790334701538086,2.0748138427734375,0.1359599381685257,2.057765245437622,0.19299177825450897,80.927734375,4.2883079004241154e-05,0.00610030721873045,0.002618841826915741,1.8189894035458565e-12,7.898030162323266e-05,0.98859703540802,6.819402694702148,0.03549700975418091,0.0013949876883998513,-4.817164421081543,-5.284106731414795,0.46409252285957336,14,0.019050907343626022,0.14300714433193207,14,1.0,0.00805714726448059,0.00505874352529645,1.5927170515060425,0.10799100995063782,37.04298782348633,-0.0006023794412613043,0.0017045607091858983,0.007530663162469864,0.0005235394928604364,1.4033867044957633e-07,-0.0006025197799317539,0.0014769586268812418,0.003705067792907357,0.013848851434886456,0.03069249540567398,0.0,549,2.745,0.0512683242559433,0.0006025197799317539
0.0061401790007948875,0.0,168.13424682617188,0.0,7.790334701538086,2.0748140811920166,0.1359599381685257,2.057765245437622,0.19299177825450897,80.927734375,4.292990342946723e-05,0.0060972492210567,0.002618844620883465,-9.094947017729282e-12,7.89364567026496e-05,0.9887081384658813,6.819314956665039,0.03549811989068985,0.0013924173545092344,-4.817629337310791,-5.28472900390625,0.46414801478385925,14,0.01904585212469101,0.14291127026081085,14,1.0,0.008053417317569256,0.005055604502558708,1.592968225479126,0.10793318599462509,37.036102294921875,-0.000601820647716535,0.0017037569778040051,0.007538695819675922,0.0005230364040471613,1.5221303327592368e-07,-0.0006019728607498109,0.0014755239244550467,0.0037006668280810118,0.013818697072565556,0.030652854591608047,0.0,550,2.75,0.05126870051026344,0.0006019728607498109
0.0061371722258627415,0.0,168.13427734375,0.0,7.790335178375244,2.0748140811920166,0.1359599381685257,2.057765483856201,0.19299177825450897,80.927734375,4.297693521948531e-05,0.006094195414334536,0.0026188574265688658,2.000888343900442e-11,7.889877451816574e-05,0.988819420337677,6.819226264953613,0.03549935668706894,0.0013871947303414345,-4.818094253540039,-5.285351276397705,0.4643819034099579,14,0.019041726365685463,0.14281654357910156,14,1.0,0.00804968923330307,0.005052467342466116,1.5932193994522095,0.10787538439035416,37.02936935424805,-0.0006012618541717657,0.0017029978334903717,0.00754664558917284,0.0005225506611168385,1.8760329111131187e-07,-0.000601449457462877,0.0014784836675971746,0.003700138069689274,0.013774656690657139,0.030610524117946625,0.0,551,2.755,0.051269128918647766,0.000601449457462877
0.00613416638225317,0.0,168.13427734375,0.0,7.790335178375244,2.0748140811920166,0.1359599381685257,2.057765483856201,0.19299177825450897,80.927734375,4.3022238969570026e-05,0.006091143935918808,0.0026188790798187256,-7.275957614183426e-12,7.885070954216644e-05,0.9889301061630249,6.819139003753662,0.03550073504447937,0.0013876956654712558,-4.818559169769287,-5.28597354888916,0.464138001203537,14,0.019036317244172096,0.14272058010101318,14,1.0,0.008045963011682034,0.005049332045018673,1.593470811843872,0.10781758278608322,37.022640228271484,-0.0006008893251419195,0.0017021067906171083,0.007554654497653246,0.0005220095627009869,-2.9045622808613822e-08,-0.0006008602795191109,0.0014773216098546982,0.0036967764608561993,0.013765892013907433,0.03057710826396942,0.0,552,2.7600000000000002,0.05126963555812836,0.0006008602795191109
0.006131163332611322,0.0,168.13427734375,0.0,7.790335655212402,2.0748140811920166,0.1359599381685257,2.057765483856201,0.19299177825450897,80.92774200439453,4.306805567466654e-05,0.006088095251470804,0.0026189107447862625,-1.4551915228366852e-11,7.88079050835222e-05,0.9890404939651489,6.819051265716553,0.03550226241350174,0.001389320008456707,-4.819024085998535,-5.286595344543457,0.463731586933136,14,0.019031601026654243,0.14262567460536957,14,1.0,0.008042237721383572,0.005046201404184103,1.5937211513519287,0.10775985568761826,37.01579284667969,-0.0006002373993396887,0.0017012686002999544,0.007562603335827589,0.0005215035052970052,7.404014466913696e-08,-0.0006003114394843578,0.001475745695643127,0.0036942053120583296,0.013775359839200974,0.03057022951543331,0.0,553,2.765,0.05127018317580223,0.0006003114394843578
0.006128164008259773,0.0,168.13427734375,0.0,7.790335655212402,2.0748140811920166,0.1359599381685257,2.057765245437622,0.19299177825450897,80.92774200439453,4.3114618165418506e-05,0.006085049360990524,0.00261891377158463,1.6370904631912708e-11,7.876755262259394e-05,0.9891509413719177,6.818964004516602,0.03550384193658829,0.0013850629329681396,-4.819488525390625,-5.287217140197754,0.46377333998680115,14,0.019027085974812508,0.14253143966197968,14,1.0,0.008038518019020557,0.005043072625994682,1.5939723253250122,0.10770218819379807,37.0089225769043,-0.0005996320396661886,0.001700489898212254,0.007570507470518351,0.0005210101953707635,1.4569377525361533e-07,-0.0005997777334414423,0.0014728577807545662,0.0036922020372003317,0.013766419142484665,0.030553366988897324,0.0,554,2.77,0.05127016454935074,0.0005997777334414423
0.006125167012214661,0.0,168.13429260253906,0.0,7.790335655212402,2.0748143196105957,0.1359599381685257,2.057765483856201,0.19299177825450897,80.92774200439453,4.316075501265004e-05,0.006082006264477968,0.0026189240161329508,-1.8189894035458565e-11,7.872570131439716e-05,0.989261269569397,6.818876266479492,0.03550567850470543,0.0013826972572132945,-4.819952964782715,-5.287838459014893,0.46378177404403687,14,0.019022412598133087,0.1424350142478943,14,1.0,0.008034801110625267,0.005039948038756847,1.5942230224609375,0.10764457285404205,37.0020637512207,-0.0005995854735374579,0.0016996825579553843,0.00757841020822525,0.0005205084453336895,-3.5134144128648286e-07,-0.0005992341320961714,0.0014719085302203894,0.003689970588311553,0.01374371163547039,0.03053198754787445,0.0,555,2.775,0.05127018690109253,0.0005992341320961714
0.006122168153524399,0.0,168.13429260253906,0.0,7.7903361320495605,2.0748143196105957,0.1359599381685257,2.057765483856201,0.19299177825450897,80.92774963378906,4.320651714806445e-05,0.00607896177098155,0.0026189489290118217,1.8189894035458565e-12,7.868393004173413e-05,0.9893714189529419,6.818787574768066,0.03550752252340317,0.0013897065073251724,-4.820417404174805,-5.288459777832031,0.46311625838279724,14,0.0190177820622921,0.14234137535095215,14,1.0,0.008031085133552551,0.005036825779825449,1.5944734811782837,0.10758695751428604,36.9950065612793,-0.000598933547735227,0.0016988549614325166,0.007586300373077393,0.0005200304440222681,-2.1915184335199837e-07,-0.000598714395891875,0.0014666427159681916,0.0036853780038654804,0.013782906346023083,0.03054697811603546,0.0,556,2.7800000000000002,0.051270317286252975,0.000598714395891875
0.0061191776767373085,0.0,168.13429260253906,0.0,7.790336608886719,2.074814558029175,0.1359599381685257,2.0577657222747803,0.19299177825450897,80.92774963378906,4.325597546994686e-05,0.006075921468436718,0.002618981758132577,2.546585164964199e-11,7.866234227549285e-05,0.9894818067550659,6.818700790405273,0.03550945967435837,0.0013860053149983287,-4.820881366729736,-5.289080619812012,0.4633229076862335,14,0.019015509635210037,0.14224708080291748,14,1.0,0.008027374744415283,0.005033707711845636,1.5947240591049194,0.10752946138381958,36.98805618286133,-0.0005978625267744192,0.0016983083914965391,0.007594039663672447,0.0005196839920245111,4.838220774999475e-07,-0.0005983463488519192,0.0014666813658550382,0.0036842948757112026,0.013748077675700188,0.030514048412442207,0.0,557,2.785,0.051270514726638794,0.0005983463488519192
0.006116189528256655,0.0,168.13430786132812,0.0,7.790336608886719,2.074814558029175,0.1359599381685257,2.057765483856201,0.19299177825450897,80.92774963378906,4.3303982238285244e-05,0.0060728853568434715,0.002619026927277446,-7.275957614183426e-12,7.863123755669221e-05,0.989591658115387,6.818612575531006,0.035511620342731476,0.0013824126217514277,-4.821345329284668,-5.289701461791992,0.46347373723983765,14,0.01901206374168396,0.1421528309583664,14,1.0,0.008023666217923164,0.005030591040849686,1.5949748754501343,0.10747198760509491,36.981048583984375,-0.0005980022251606115,0.0016976504120975733,0.0076018283143639565,0.0005192683893255889,-1.0262010620323662e-07,-0.0005978996050544083,0.001467637368477881,0.0036821216344833374,0.013721205294132233,0.030477171763777733,0.0,558,2.79,0.051270805299282074,0.0005978996050544083
0.0061131976544857025,0.0,168.13430786132812,0.0,7.790336608886719,2.074814558029175,0.1359599381685257,2.0577657222747803,0.19299177825450897,80.92774963378906,4.335188714321703e-05,0.006069845985621214,0.0026190788485109806,1.2732925824820995e-11,7.860165351303294e-05,0.989701509475708,6.8185248374938965,0.03551381081342697,0.0013908580876886845,-4.8218092918396,-5.290322303771973,0.4629126489162445,14,0.019008753821253777,0.14205729961395264,14,1.0,0.00801995862275362,0.0050274766981601715,1.59522545337677,0.10741452127695084,36.97406768798828,-0.0005976762622594961,0.001697000116109848,0.007609578315168619,0.0005189114017412066,-1.632142812141562e-07,-0.000597513047978282,0.001464835018850863,0.003675820305943489,0.013734479434788227,0.030446993187069893,0.0,559,2.795,0.05127112194895744,0.000597513047978282
0.00611021276563406,0.0,168.13430786132812,0.0,7.790336608886719,2.074814558029175,0.1359599381685257,2.0577657222747803,0.19299177825450897,80.92774963378906,4.340343730291352e-05,0.00606680940836668,0.0026191463693976402,2.3646862246096134e-11,7.859431207180023e-05,0.9898108243942261,6.818436622619629,0.0355161614716053,0.0013852755073457956,-4.822272777557373,-5.290943145751953,0.4633936285972595,14,0.019008100032806396,0.14196369051933289,14,1.0,0.008016257546842098,0.005024364218115807,1.5954769849777222,0.10735714435577393,36.9669303894043,-0.0005969777703285344,0.0016966555267572403,0.0076171173714101315,0.0005186798516660929,2.9639340935869087e-07,-0.0005972741637378931,0.0014638996217399836,0.003674835665151477,0.013688713312149048,0.030413558706641197,0.0,560,2.8000000000000003,0.05127153918147087,0.0005972741637378931
0.006107227876782417,0.0,168.13430786132812,0.0,7.790336608886719,2.074814558029175,0.1359599381685257,2.0577657222747803,0.19299177825450897,80.92774963378906,4.345309207565151e-05,0.006063774693757296,0.0026192248333245516,-1.6370904631912708e-11,7.857472519390285e-05,0.9899199604988098,6.818348407745361,0.035518579185009,0.0013833525590598583,-4.822736740112305,-5.291563987731934,0.4634774923324585,14,0.01900590769946575,0.14186975359916687,14,1.0,0.008012553676962852,0.005021253600716591,1.595727801322937,0.10729973763227463,36.9598503112793,-0.0005968846380710729,0.001696169376373291,0.0076247151009738445,0.0005183733883313835,6.344635038299431e-08,-0.0005969480844214559,0.0014560103882104158,0.0036709047853946686,0.013685233891010284,0.03040078654885292,0.0,561,2.805,0.05127204209566116,0.0005969480844214559
0.006104243919253349,0.0,168.13430786132812,0.0,7.790337085723877,2.074814558029175,0.1359599381685257,2.0577659606933594,0.19299177825450897,80.9277572631836,4.3504638597369194e-05,0.006060739513486624,0.002619316102936864,-1.6370904631912708e-11,7.857047603465617e-05,0.9900285005569458,6.818260192871094,0.03552117198705673,0.0013821120373904705,-4.8232011795043945,-5.292184829711914,0.4636658728122711,14,0.019005650654435158,0.1417752206325531,14,1.0,0.008008848875761032,0.005018144845962524,1.595978021621704,0.10724236816167831,36.95288848876953,-0.0005965586751699574,0.001695854589343071,0.007632172200828791,0.0005181785672903061,1.9033905117435326e-07,-0.0005967490142211318,0.0014543344732373953,0.0036690838169306517,0.013665524311363697,0.03037569485604763,0.0,562,2.81,0.051272615790367126,0.0005967490142211318
0.006101262290030718,0.0,168.1343231201172,0.0,7.790337562561035,2.074815034866333,0.1359599381685257,2.0577659606933594,0.19299177825450897,80.92776489257812,4.3555697629926726e-05,0.0060577066615223885,0.002619419014081359,-2.546585164964199e-11,7.856212323531508e-05,0.9901369214057922,6.818172454833984,0.03552374243736267,0.0013768032658845186,-4.823665618896484,-5.292806148529053,0.4641430079936981,14,0.01900487020611763,0.14168311655521393,14,1.0,0.008005145005881786,0.005015036091208458,1.596228837966919,0.10718496888875961,36.94558334350586,-0.0005961861461401113,0.0016955002211034298,0.007639645598828793,0.0005179404397495091,3.1641684471292366e-07,-0.0005965025629848242,0.0014524213038384914,0.003667867509648204,0.01362343318760395,0.030352655798196793,0.0,563,2.815,0.05127327889204025,0.0005965025629848242
0.006098282057791948,0.0,168.13433837890625,0.0,7.790338039398193,2.074814796447754,0.1359599381685257,2.0577659606933594,0.19299177825450897,80.92776489257812,4.3605487007880583e-05,0.006054676603525877,0.0026195310056209564,-1.8189894035458565e-11,7.854652358219028e-05,0.9902454614639282,6.818084716796875,0.03552663326263428,0.0013710013590753078,-4.824130535125732,-5.293427467346191,0.46456781029701233,14,0.0190032459795475,0.1415877342224121,14,1.0,0.008001438342034817,0.005011928733438253,1.596478819847107,0.10712757706642151,36.93846130371094,-0.0005958601832389958,0.001695049344561994,0.00764715950936079,0.0005176422419026494,3.2858224584383835e-07,-0.0005961887654848397,0.0014515218790620565,0.003666807198897004,0.013584524393081665,0.030327429994940758,0.0,564,2.82,0.051273997873067856,0.0005961887654848397
0.006095303688198328,0.0,168.13433837890625,0.0,7.790338039398193,2.074814558029175,0.1359599381685257,2.0577661991119385,0.19299177825450897,80.92776489257812,4.365322820376605e-05,0.006051650270819664,0.0026196548715233803,1.0913936421275139e-11,7.851784903323278e-05,0.9903532862663269,6.817997455596924,0.03552946075797081,0.001366776297800243,-4.824595928192139,-5.294049263000488,0.46481406688690186,14,0.019000045955181122,0.14149515330791473,14,1.0,0.007997730746865273,0.005008821375668049,1.596729040145874,0.10707014054059982,36.93134307861328,-0.0005954876542091496,0.0016944351373240352,0.007654760032892227,0.0005172493401914835,2.795131876937853e-07,-0.0005957671673968434,0.0014478081138804555,0.0036643189378082752,0.013560852967202663,0.030303269624710083,0.0,565,2.825,0.05127481743693352,0.0005957671673968434
0.006092327181249857,0.0,168.13433837890625,0.0,7.790338039398193,2.074814796447754,0.1359599381685257,2.0577661991119385,0.19299177825450897,80.92776489257812,4.370095848571509e-05,0.0060486262664198875,0.002619788981974125,1.2732925824820995e-11,7.849239045754075e-05,0.9904611706733704,6.817911148071289,0.03553246706724167,0.0013616615906357765,-4.825061798095703,-5.294671058654785,0.46514177322387695,14,0.01899733394384384,0.14140085875988007,14,1.0,0.007994020357728004,0.005005715414881706,1.5969785451889038,0.10701270401477814,36.924049377441406,-0.000595208257436765,0.0016938401386141777,0.00766230933368206,0.0005168661009520292,1.502339728049742e-07,-0.00059535849140957,0.0014503718120977283,0.0036639005411416292,0.013519984669983387,0.030270330607891083,0.0,566,2.83,0.051275692880153656,0.00059535849140957
0.0060893516056239605,0.0,168.1343536376953,0.0,7.790338516235352,2.074815034866333,0.1359599381685257,2.0577661991119385,0.19299177825450897,80.92776489257812,4.374695708975196e-05,0.006045604590326548,0.002619934268295765,-3.637978807091713e-12,7.84583535278216e-05,0.9905686974525452,6.817824363708496,0.03553558886051178,0.0013618411030620337,-4.825527667999268,-5.295292854309082,0.46491554379463196,14,0.01899370364844799,0.14130738377571106,14,1.0,0.007990311831235886,0.0050026117824018,1.5972280502319336,0.10695526003837585,36.91675567626953,-0.0005948357284069188,0.0016931041609495878,0.0076699345372617245,0.0005164186004549265,4.121102391404976e-08,-0.0005948769394308329,0.001451408606953919,0.003663070732727647,0.013512901961803436,0.030254032462835312,0.0,567,2.835,0.051276661455631256,0.0005948769394308329
0.006086378823965788,0.0,168.13436889648438,0.0,7.79033899307251,2.074815034866333,0.1359599381685257,2.0577664375305176,0.19299177825450897,80.92777252197266,4.3791769712697715e-05,0.0060425871051847935,0.002620088402181864,-1.4551915228366852e-11,7.84122894401662e-05,0.9906762838363647,6.8177385330200195,0.035538796335458755,0.0013644291320815682,-4.825993537902832,-5.295914649963379,0.4646044373512268,14,0.018988406285643578,0.1412144899368286,14,1.0,0.007986605167388916,0.004999509546905756,1.597477674484253,0.10689786821603775,36.90953826904297,-0.0005945097655058034,0.001692255144007504,0.0076776472851634026,0.0005159142892807722,-1.831795089073671e-07,-0.000594326585996896,0.0014501882251352072,0.003657713532447815,0.013500841334462166,0.030214298516511917,0.0,568,2.84,0.05127768963575363,0.000594326585996896
0.006083406507968903,0.0,168.13436889648438,0.0,7.79033899307251,2.074815034866333,0.1359599381685257,2.0577666759490967,0.19299177825450897,80.92777252197266,4.383817213238217e-05,0.006039568223059177,0.0026202138978987932,-2.9103830456733704e-11,7.838055171305314e-05,0.9907834529876709,6.817652702331543,0.03554128482937813,0.0013672902714461088,-4.826458930969238,-5.296535968780518,0.46439129114151,14,0.01898500695824623,0.14111994206905365,14,1.0,0.007982904091477394,0.004996411968022585,1.5977272987365723,0.10684055835008621,36.90211868286133,-0.0005943700671196111,0.0016915524611249566,0.0076852357015013695,0.000515502120833844,-4.873145371802343e-07,-0.0005938827525824308,0.0014519665855914354,0.0036555675324052572,0.013476653955876827,0.030170990154147148,0.0,569,2.845,0.05127876624464989,0.0005938826943747699
0.006080435123294592,0.0,168.1343536376953,0.0,7.79033899307251,2.074815034866333,0.1359599381685257,2.0577661991119385,0.19299177825450897,80.92777252197266,4.388521483633667e-05,0.006036549806594849,0.0026203335728496313,-1.2732925824820995e-11,7.835433643776923e-05,0.990890622138977,6.817567348480225,0.035543352365493774,0.001372107188217342,-4.8269243240356445,-5.297157287597656,0.46405482292175293,14,0.018982309848070145,0.14102761447429657,14,1.0,0.007979204878211021,0.00499331671744585,1.5979769229888916,0.10678330063819885,36.89472198486328,-0.0005940906703472264,0.0016909049591049552,0.007692777551710606,0.0005151261575520039,-6.10190909368564e-07,-0.0005934804794378579,0.001452296506613493,0.0036538538988679647,0.013477805070579052,0.030184144154191017,0.0,570,2.85,0.0512799434363842,0.0005934804794378579
0.0060774656012654305,0.0,168.13436889648438,0.0,7.790338516235352,2.074815034866333,0.1359599381685257,2.0577664375305176,0.19299177825450897,80.92778015136719,4.393279232317582e-05,0.006033532787114382,0.0026204539462924004,-1.0913936421275139e-11,7.832467963453382e-05,0.9909980893135071,6.8174824714660645,0.03554548695683479,0.0013721296563744545,-4.827389717102051,-5.297778129577637,0.4638163447380066,14,0.01897907257080078,0.14093369245529175,14,1.0,0.007975506596267223,0.004990225192159414,1.5982258319854736,0.10672610998153687,36.88724136352539,-0.0005935784429311879,0.0016902496572583914,0.007700399029999971,0.0005147304036654532,-5.233450792856706e-07,-0.0005930550978519022,0.0014491566689684987,0.003651292761787772,0.013492022641003132,0.030180633068084717,0.0,571,2.855,0.0512811504304409,0.0005930550978519022
0.00607449933886528,0.0,168.13438415527344,0.0,7.790339469909668,2.074815034866333,0.1359599381685257,2.0577666759490967,0.19299177825450897,80.92778015136719,4.398098826641217e-05,0.006030518561601639,0.00262048258446157,7.275957614183426e-12,7.830131653463468e-05,0.9911051988601685,6.817397594451904,0.035547059029340744,0.0013805392663925886,-4.827854633331299,-5.298398971557617,0.4632352590560913,14,0.018976697698235512,0.14084212481975555,14,1.0,0.007971813902258873,0.0049871355295181274,1.598475456237793,0.10666898638010025,36.87977600097656,-0.0005932059139013417,0.001689634402282536,0.007708004210144281,0.000514396873768419,-5.077454261608614e-07,-0.0005926981684751809,0.0014485198771581054,0.0036482105497270823,0.013501103036105633,0.030173594132065773,0.0,572,2.86,0.05128172039985657,0.0005926981684751809
0.006071533542126417,0.0,168.13438415527344,0.0,7.79033899307251,2.074815273284912,0.1359599381685257,2.0577666759490967,0.19299177825450897,80.92778015136719,4.4030464778188616e-05,0.006027502939105034,0.0026204518508166075,1.2732925824820995e-11,7.828042726032436e-05,0.9912124872207642,6.817313194274902,0.035548217594623566,0.0013938196934759617,-4.828319072723389,-5.2990193367004395,0.4624314606189728,14,0.018974388018250465,0.14074842631816864,14,1.0,0.007968127727508545,0.004984050523489714,1.5987253189086914,0.10661198198795319,36.87230682373047,-0.000593159347772611,0.0016890906263142824,0.007715611252933741,0.0005141263827681541,-7.525086403019918e-07,-0.000592406839132309,0.0014427484711632133,0.0036402284167706966,0.013540091924369335,0.03016398847103119,0.0,573,2.865,0.05128195136785507,0.000592406839132309
0.006068567745387554,0.0,168.1343994140625,0.0,7.790339946746826,2.074815273284912,0.1359599381685257,2.057766914367676,0.19299177825450897,80.92778015136719,4.4085918489145115e-05,0.006024481728672981,0.002620429266244173,2.1827872842550278e-11,7.830106187611818e-05,0.9913196563720703,6.817227363586426,0.03554937615990639,0.001402340130880475,-4.82878303527832,-5.2996392250061035,0.4622679650783539,14,0.018977278843522072,0.1406557559967041,14,1.0,0.007964445278048515,0.004980969242751598,1.5989749431610107,0.10655510425567627,36.8647575378418,-0.000592740252614034,0.0016890353290364146,0.007722916547209024,0.0005141299916431308,-3.0919909478502403e-07,-0.000592431053519249,0.0014406584668904543,0.0036391005851328373,0.013540346175432205,0.030171945691108704,0.0,574,2.87,0.051282282918691635,0.000592431053519249
0.006065606139600277,0.0,168.1343994140625,0.0,7.790340423583984,2.074815273284912,0.1359599381685257,2.057766914367676,0.19299177825450897,80.92778778076172,4.414292561705224e-05,0.0060214633122086525,0.0026204106397926807,3.637978807091713e-12,7.83214854891412e-05,0.9914268255233765,6.817142486572266,0.03555050492286682,0.0014000908704474568,-4.829246997833252,-5.300259590148926,0.46275633573532104,14,0.018979763612151146,0.14056305587291718,14,1.0,0.007960766553878784,0.004977887962013483,1.5992257595062256,0.10649827122688293,36.8570556640625,-0.0005921348929405338,0.0016890692058950663,0.007730219978839159,0.0005141448928043246,3.3149262888962014e-07,-0.0005924663855694234,0.0014383202651515603,0.0036358425859361887,0.013499846681952477,0.030138680711388588,0.0,575,2.875,0.051282644271850586,0.0005924663855694234
0.006062646396458149,0.0,168.1343994140625,0.0,7.790339946746826,2.074815273284912,0.1359599381685257,2.057766914367676,0.19299177825450897,80.92778015136719,4.419939068611711e-05,0.00601844722405076,0.0026204041205346584,1.0913936421275139e-11,7.833891140762717e-05,0.9915337562561035,6.8170576095581055,0.035551801323890686,0.0013960585929453373,-4.829711437225342,-5.300880432128906,0.4633861482143402,14,0.01898188702762127,0.14047019183635712,14,1.0,0.00795708503574133,0.00497480621561408,1.5994763374328613,0.1064414232969284,36.84947967529297,-0.00059190206229688,0.0016890678089112043,0.007737523876130581,0.0005141299916431308,5.668262019627689e-07,-0.0005924688884988427,0.0014373220037668943,0.003633004380390048,0.013439648784697056,0.030098656192421913,0.0,576,2.88,0.0512830913066864,0.0005924688884988427
0.006059687118977308,0.0,168.1343994140625,0.0,7.790339946746826,2.074815511703491,0.1359599381685257,2.057766914367676,0.19299177825450897,80.92778778076172,4.4254589738557115e-05,0.00601543253287673,0.0026203978341072798,-3.456079866737127e-11,7.834996358724311e-05,0.9916401505470276,6.816973686218262,0.03555316478013992,0.0013920218916609883,-4.830176830291748,-5.301501750946045,0.46396997570991516,14,0.01898326724767685,0.1403784602880478,14,1.0,0.007953396998345852,0.0049717240035533905,1.5997262001037598,0.1063845157623291,36.841922760009766,-0.0005919951945543415,0.0016889823600649834,0.007744841277599335,0.0005140639841556549,4.1880412025982125e-07,-0.0005924139986746013,0.0014364483067765832,0.0036301498766988516,0.013380232267081738,0.030059361830353737,0.0,577,2.8850000000000002,0.051283277571201324,0.0005924139404669404
0.006056726444512606,0.0,168.1343994140625,0.0,7.790339946746826,2.074815273284912,0.1359599381685257,2.057766914367676,0.19299177825450897,80.92779541015625,4.430834815138951e-05,0.006012418307363987,0.0026203375309705734,-2.000888343900442e-11,7.835394353605807e-05,0.9917463660240173,6.816890716552734,0.03555414825677872,0.0013866872759535909,-4.8306427001953125,-5.302123546600342,0.46454381942749023,14,0.018983861431479454,0.14028584957122803,14,1.0,0.007949707098305225,0.004968640860170126,1.5999761819839478,0.10632755607366562,36.83412170410156,-0.00059190206229688,0.0016887987731024623,0.00775217916816473,0.0005139317945577204,3.837049007290004e-07,-0.000592285767197609,0.0014353240840137005,0.003628176636993885,0.013328873552381992,0.030030470341444016,0.0,578,2.89,0.05128294602036476,0.000592285767197609
0.00605376809835434,0.0,168.13441467285156,0.0,7.790340423583984,2.074815273284912,0.1359599381685257,2.057766914367676,0.19299177825450897,80.92779541015625,4.4360702304402366e-05,0.006009407341480255,0.0026202225126326084,1.2732925824820995e-11,7.83510840847157e-05,0.9918521642684937,6.816808700561523,0.03555447980761528,0.0013828276423737407,-4.831109046936035,-5.302745819091797,0.4649117588996887,14,0.018983718007802963,0.14019428193569183,14,1.0,0.00794601533561945,0.004965557716786861,1.6002261638641357,0.10627056658267975,36.82631301879883,-0.0005917157977819569,0.0016885120421648026,0.007759553845971823,0.0005137441912665963,3.794557414823173e-07,-0.0005920952535234392,0.0014339634217321873,0.0036264853551983833,0.013294274918735027,0.030005907639861107,0.0,579,2.895,0.05128270760178566,0.0005920952535234392
0.006050809286534786,0.0,168.13441467285156,0.0,7.790340423583984,2.0748157501220703,0.1359599381685257,2.057767152786255,0.19299177825450897,80.92779541015625,4.44121724285651e-05,0.006006397306919098,0.0026201161090284586,-4.18367562815547e-11,7.834592543076724e-05,0.9919576644897461,6.816725730895996,0.03555496037006378,0.0013817272847518325,-4.831575870513916,-5.30336856842041,0.4649869501590729,14,0.018983429297804832,0.1401013880968094,14,1.0,0.007942321710288525,0.00496247410774231,1.6004761457443237,0.10621355473995209,36.81865692138672,-0.0005915295332670338,0.0016881633782759309,0.007766942959278822,0.0005135284154675901,3.4488039089971764e-07,-0.0005918744136579335,0.0014331297716125846,0.0036258099135011435,0.013276087120175362,0.030007371678948402,0.0,580,2.9,0.05128253996372223,0.0005918743554502726
0.006047852803021669,0.0,168.13442993164062,0.0,7.790340900421143,2.074815511703491,0.1359599381685257,2.057766914367676,0.19299177825450897,80.92779541015625,4.446256934897974e-05,0.0060033900663256645,0.002620019018650055,0.0,7.833036943338811e-05,0.9920632243156433,6.816643714904785,0.03555552661418915,0.0013795907143503428,-4.832042694091797,-5.303991317749023,0.4651629328727722,14,0.018981805071234703,0.14000868797302246,14,1.0,0.007938629947602749,0.004959392361342907,1.6007263660430908,0.10615656524896622,36.81090545654297,-0.0005911570042371876,0.0016877037705853581,0.007774426136165857,0.0005132399965077639,4.133908077948688e-07,-0.0005915703950449824,0.001429042313247919,0.003623476019129157,0.013258468359708786,0.02999502792954445,0.0,581,2.9050000000000002,0.05128243938088417,0.0005915703950449824
0.0060448977164924145,0.0,168.13442993164062,0.0,7.790340900421143,2.0748157501220703,0.1359599381685257,2.057766914367676,0.19299177825450897,80.92779541015625,4.451337008504197e-05,0.006000384222716093,0.0026199347339570522,9.094947017729282e-12,7.831724360585213e-05,0.9921684861183167,6.816561222076416,0.035556286573410034,0.0013731649378314614,-4.832509517669678,-5.304614067077637,0.46561121940612793,14,0.0189804807305336,0.13991615176200867,14,1.0,0.007934939116239548,0.0049563124775886536,1.6009763479232788,0.10609959065914154,36.80300521850586,-0.0005909707397222645,0.0016872796695679426,0.007781877648085356,0.0005129579221829772,3.044260665648578e-07,-0.0005912751657888293,0.001428238465450704,0.0036227446980774403,0.01321508176624775,0.02996434085071087,0.0,582,2.91,0.05128241702914238,0.0005912751657888293
0.006041943095624447,0.0,168.1344451904297,0.0,7.790341854095459,2.0748157501220703,0.1359599381685257,2.057767391204834,0.19299177825450897,80.92779541015625,4.4562086259247735e-05,0.0059973811730742455,0.002619856968522072,1.0913936421275139e-11,7.829508103895932e-05,0.9922733902931213,6.816479682922363,0.035557132214307785,0.0013721379218623042,-4.832976818084717,-5.305237293243408,0.4656342566013336,14,0.018978236243128777,0.13982224464416504,14,1.0,0.007931246422231197,0.0049532325938344,1.6012263298034668,0.10604259371757507,36.79523468017578,-0.0005906913429498798,0.0016866986406967044,0.007789392955601215,0.0005126033793203533,2.071028575175403e-07,-0.0005908984458073974,0.0014274845598265529,0.003622262505814433,0.013192880898714066,0.029946057125926018,0.0,583,2.915,0.051282450556755066,0.0005908984458073974
0.006038990803062916,0.0,168.13446044921875,0.0,7.790341854095459,2.0748162269592285,0.1359599381685257,2.057767152786255,0.19299177825450897,80.92780303955078,4.460978016140871e-05,0.005994380917400122,0.002619790844619274,1.6370904631912708e-11,7.826265937183052e-05,0.9923785328865051,6.816398620605469,0.035558003932237625,0.001368106808513403,-4.833444118499756,-5.3058600425720215,0.46572592854499817,14,0.018974604085087776,0.1397300660610199,14,1.0,0.007927555590867996,0.004950156435370445,1.601475715637207,0.1059856042265892,36.78731918334961,-0.0005901791155338413,0.0016860265750437975,0.00779696786776185,0.0005121809663251042,2.6449561117821915e-07,-0.0005904436111450195,0.001424084068275988,0.0036197551526129246,0.013181153684854507,0.029922127723693848,0.0,584,2.92,0.051282547414302826,0.0005904436111450195
0.006036041304469109,0.0,168.1344451904297,0.0,7.790341854095459,2.0748157501220703,0.1359599381685257,2.057767391204834,0.19299177825450897,80.92780303955078,4.465767051442526e-05,0.005991383455693722,0.0026197386905550957,9.094947017729282e-12,7.823413034202531e-05,0.9924830198287964,6.816317558288574,0.03555891290307045,0.0013634954812005162,-4.833911895751953,-5.306482791900635,0.46580901741981506,14,0.018971512094140053,0.13964016735553741,14,1.0,0.007923862896859646,0.0049470821395516396,1.6017245054244995,0.10592862963676453,36.779476165771484,-0.0005908310413360721,0.001685388502664864,0.0078044855035841465,0.0005117772961966693,-8.196220733351113e-07,-0.000590011419262737,0.0014232886023819447,0.0036187933292239904,0.01316770538687706,0.029909823089838028,0.0,585,2.9250000000000003,0.05128272995352745,0.000590011419262737
0.006033082492649555,0.0,168.13446044921875,0.0,7.790341854095459,2.0748157501220703,0.1359599381685257,2.057767391204834,0.19299177825450897,80.92779541015625,4.470376006793231e-05,0.005988378543406725,0.0026196842081844807,-7.275957614183426e-12,7.81958588049747e-05,0.9925874471664429,6.8162360191345215,0.03555971011519432,0.0013806568458676338,-4.83437967300415,-5.307105541229248,0.464733362197876,14,0.018967213109135628,0.13954666256904602,14,1.0,0.00792017113417387,0.004944009706377983,1.6019731760025024,0.10587169975042343,36.77144241333008,-0.0005903188139200336,0.0016845976933836937,0.007812094874680042,0.0005113715888001025,-7.51344487083614e-07,-0.00058956746943295,0.0014183755265548825,0.0036101476289331913,0.013222787529230118,0.029903672635555267,0.0,586,2.93,0.05128297209739685,0.00058956746943295
0.006030138116329908,0.0,168.13446044921875,0.0,7.790341854095459,2.0748159885406494,0.1359599381685257,2.057767152786255,0.19299177825450897,80.92781066894531,4.475698005990125e-05,0.005985381081700325,0.0026196232065558434,-1.8189894035458565e-11,7.819773600203916e-05,0.9926918745040894,6.8161540031433105,0.03555988520383835,0.0013741638977080584,-4.8348469734191895,-5.307727813720703,0.46531611680984497,14,0.018967628479003906,0.13945598900318146,14,1.0,0.007916485890746117,0.0049409419298172,1.602221965789795,0.10581491887569427,36.76347732543945,-0.0005891546607017643,0.001684376155026257,0.007819381542503834,0.000511211808770895,2.5489134712749703e-07,-0.0005894095520488918,0.0014175684191286564,0.003609373001381755,0.013171868398785591,0.029872341081500053,0.0,587,2.935,0.05128329619765282,0.0005894095520488918
0.006027190946042538,0.0,168.13446044921875,0.0,7.790342807769775,2.0748162269592285,0.1359599381685257,2.057767629623413,0.19299177825450897,80.92781066894531,4.480793359107338e-05,0.005982383154332638,0.0026195719838142395,1.8189894035458565e-11,7.818907761247829e-05,0.9927958250045776,6.816072463989258,0.03556013107299805,0.0013763398164883256,-4.835314750671387,-5.308350086212158,0.4653606414794922,14,0.018966885283589363,0.1393653303384781,14,1.0,0.00791279785335064,0.004937875550240278,1.60247004032135,0.10575809329748154,36.755435943603516,-0.0005892943590879566,0.0016839827876538038,0.00782674178481102,0.0005109842168167233,-1.2107193471258895e-07,-0.000589173287153244,0.001417693798430264,0.0036070444621145725,0.013141201809048653,0.02984694018959999,0.0,588,2.94,0.05128367245197296,0.000589173287153244
0.006024245172739029,0.0,168.13446044921875,0.0,7.790342807769775,2.0748162269592285,0.1359599381685257,2.057767629623413,0.19299177825450897,80.92781066894531,4.485853060032241e-05,0.0059793866239488125,0.002619525883346796,-3.637978807091713e-12,7.817096047801897e-05,0.9928999543190002,6.815991401672363,0.035560492426157,0.0013803498586639762,-4.835782527923584,-5.3089728355407715,0.4651421010494232,14,0.018964633345603943,0.13927379250526428,14,1.0,0.007909112609922886,0.004934809170663357,1.6027190685272217,0.10570130497217178,36.74736404418945,-0.0005890615284443027,0.0016835469286888838,0.00783414114266634,0.0005107354954816401,-1.5506520868605392e-07,-0.0005889064632356167,0.0014063818380236626,0.003597947768867016,0.013159123249351978,0.029835766181349754,0.0,589,2.945,0.051284100860357285,0.0005889064632356167
0.006021300330758095,0.0,168.13446044921875,0.0,7.790342807769775,2.0748162269592285,0.1359599381685257,2.057767629623413,0.19299177825450897,80.92781066894531,4.491451909416355e-05,0.005976385902613401,0.002619498409330845,-3.637978807091713e-12,7.819459278834984e-05,0.9930033087730408,6.815909385681152,0.0355609692633152,0.001382177579216659,-4.836250305175781,-5.309595584869385,0.4653288424015045,14,0.018967678770422935,0.13918261229991913,14,1.0,0.007905428297817707,0.0049317446537315845,1.6029678583145142,0.10564456880092621,36.73924255371094,-0.0005886424332857258,0.001683585811406374,0.007841200567781925,0.00051077053649351,3.2270327209168656e-07,-0.0005889651365578175,0.0014053659979254007,0.003596095135435462,0.013129128143191338,0.02980872057378292,0.0,590,2.95,0.05128462612628937,0.0005889651365578175
0.006018358748406172,0.0,168.1344757080078,0.0,7.790343761444092,2.0748164653778076,0.1359599381685257,2.057767868041992,0.19299177825450897,80.92782592773438,4.4970456656301394e-05,0.0059733884409070015,0.0026194772217422724,1.2732925824820995e-11,7.821512554073706e-05,0.9931066036224365,6.815827369689941,0.03556153178215027,0.001375537714920938,-4.8367180824279785,-5.310218334197998,0.46608996391296387,14,0.018970254808664322,0.13909102976322174,14,1.0,0.007901745848357677,0.0049286819994449615,1.6032167673110962,0.10558784753084183,36.731231689453125,-0.0005883630365133411,0.0016836184076964855,0.00784826185554266,0.0005107643664814532,6.164773367219566e-07,-0.0005889795138500631,0.001404579496011138,0.0035952937323600054,0.013068171218037605,0.029776616021990776,0.0,591,2.955,0.05128519982099533,0.0005889795138500631
0.0060154167003929615,0.0,168.1344757080078,0.0,7.790343761444092,2.0748162269592285,0.1359599381685257,2.057767629623413,0.19299177825450897,80.92781829833984,4.502390947891399e-05,0.005970392841845751,0.0026194704696536064,-1.8189894035458565e-12,7.822378393029794e-05,0.9932094216346741,6.815746307373047,0.03556220605969429,0.001376660424284637,-4.837186813354492,-5.310842037200928,0.4662914574146271,14,0.01897154189646244,0.13900095224380493,14,1.0,0.0078980578109622,0.004925616085529327,1.6034660339355469,0.10553104430437088,36.7230224609375,-0.0005883164703846104,0.0016834588022902608,0.007855411618947983,0.0005106760654598475,5.833571776621936e-07,-0.0005888998275622725,0.0014038021909072995,0.0035935156047344208,0.013029185123741627,0.029739364981651306,0.0,592,2.96,0.05128587782382965,0.0005888998275622725
0.006012475583702326,0.0,168.13449096679688,0.0,7.790343761444092,2.0748164653778076,0.1359599381685257,2.0577681064605713,0.19299177825450897,80.92781829833984,4.507638732320629e-05,0.005967399105429649,0.002619468607008457,-2.000888343900442e-11,7.822459156159312e-05,0.9933120012283325,6.815666675567627,0.035562995821237564,0.001370157697238028,-4.837655544281006,-5.311465740203857,0.46686190366744995,14,0.018971838057041168,0.1389094889163971,14,1.0,0.007894370704889297,0.004922552965581417,1.6037147045135498,0.10547426342964172,36.714900970458984,-0.0005886889994144565,0.0016832235269248486,0.007862592115998268,0.000510508194565773,4.3772160994350745e-08,-0.0005887327715754509,0.0014030507300049067,0.003592883702367544,0.012979118153452873,0.02971012517809868,0.0,593,2.965,0.05128660053014755,0.0005887327715754509
0.006009529810398817,0.0,168.13449096679688,0.0,7.790343761444092,2.0748167037963867,0.1359599381685257,2.0577681064605713,0.19299177825450897,80.92782592773438,4.5126616896595806e-05,0.005964403040707111,0.0026194786187261343,9.094947017729282e-12,7.821423059795052e-05,0.9934145212173462,6.815587043762207,0.035563934594392776,0.0013772300444543362,-4.838124752044678,-5.312089920043945,0.46664273738861084,14,0.018970822915434837,0.1388181746006012,14,1.0,0.00789068266749382,0.004919488448649645,1.60396409034729,0.10541744530200958,36.706661224365234,-0.0005887355655431873,0.0016828161897137761,0.007869848981499672,0.0005102943978272378,-2.2695166991418617e-07,-0.0005885086138732731,0.0014015933265909553,0.0035880079958587885,0.012960567139089108,0.02967866137623787,0.0,594,2.97,0.05128741264343262,0.0005885086138732731
0.006006588228046894,0.0,168.13450622558594,0.0,7.79034423828125,2.0748162269592285,0.1359599381685257,2.057767868041992,0.19299177825450897,80.92782592773438,4.5178981963545084e-05,0.00596140930429101,0.0026194993406534195,5.4569682106375694e-12,7.821807230357081e-05,0.9935164451599121,6.815507411956787,0.03556489944458008,0.001374380779452622,-4.83859395980835,-5.312714099884033,0.46699923276901245,14,0.018971601501107216,0.13872700929641724,14,1.0,0.007886995561420918,0.0049164267256855965,1.604212999343872,0.10536066442728043,36.69844055175781,-0.0005880836397409565,0.0016825908096507192,0.007876981981098652,0.0005101491115055978,2.83529516296923e-07,-0.0005883671692572534,0.0014009943697601557,0.003588122082874179,0.012923188507556915,0.029658040031790733,0.0,595,2.975,0.05128828436136246,0.0005883671692572534
0.006003648974001408,0.0,168.13449096679688,0.0,7.790343761444092,2.0748164653778076,0.1359599381685257,2.0577681064605713,0.19299177825450897,80.92782592773438,4.5229815441416577e-05,0.005958419293165207,0.0026195296086370945,1.2732925824820995e-11,7.821059261914343e-05,0.9936180114746094,6.815428733825684,0.03556600958108902,0.0013705652672797441,-4.83906364440918,-5.313338756561279,0.4674522280693054,14,0.01897096075117588,0.13863617181777954,14,1.0,0.007883305661380291,0.0049133640713989735,1.604461908340454,0.10530388355255127,36.690162658691406,-0.0005880370736122257,0.0016822320176288486,0.007884198799729347,0.0005099179688841105,9.150244294339402e-08,-0.0005881285760551691,0.0014056647196412086,0.0035871772561222315,0.012857560999691486,0.029612114652991295,0.0,596,2.98,0.05128922685980797,0.0005881285760551691
0.006000707857310772,0.0,168.13450622558594,0.0,7.79034423828125,2.0748167037963867,0.1359599381685257,2.0577681064605713,0.19299177825450897,80.92782592773438,4.527917189989239e-05,0.005955428816378117,0.00261956756003201,-2.546585164964199e-11,7.819716120138764e-05,0.9937193989753723,6.815349578857422,0.035567209124565125,0.0013756586704403162,-4.839533805847168,-5.313963890075684,0.46721896529197693,14,0.01896963082253933,0.13854458928108215,14,1.0,0.007879615761339664,0.004910300951451063,1.6047114133834839,0.10524707287549973,36.68202590942383,-0.0005877576768398411,0.0016817789291962981,0.00789142120629549,0.0005096686072647572,1.0809162630373223e-07,-0.0005878657684661448,0.001404572045430541,0.0035835534799844027,0.012852774932980537,0.029597526416182518,0.0,597,2.985,0.05129023641347885,0.0005878657684661448
0.005997771397233009,0.0,168.13450622558594,0.0,7.790343761444092,2.0748162269592285,0.1359599381685257,2.057767868041992,0.19299177825450897,80.92782592773438,4.532930688583292e-05,0.005952442064881325,0.002619614824652672,-3.092281986027956e-11,7.818648737156764e-05,0.9938207864761353,6.815272331237793,0.035568442195653915,0.0013721041614189744,-4.840003490447998,-5.314589023590088,0.46753165125846863,14,0.0189686082303524,0.1384539008140564,14,1.0,0.007875929586589336,0.004907239694148302,1.6049612760543823,0.10519032180309296,36.673583984375,-0.000587338581681264,0.001681381487287581,0.007898619398474693,0.0005094168591313064,2.648448571438084e-07,-0.0005876034265384078,0.0014037145301699638,0.0035823057405650616,0.012816332280635834,0.029571080580353737,0.0,598,2.99,0.05129130929708481,0.0005876033683307469
0.005994834471493959,0.0,168.134521484375,0.0,7.790344715118408,2.0748167037963867,0.1359599381685257,2.0577683448791504,0.19299177825450897,80.92782592773438,4.537840868579224e-05,0.0059494562447071075,0.002619671169668436,3.637978807091713e-12,7.816847937647253e-05,0.9939217567443848,6.815194606781006,0.03556987643241882,0.0013699197443202138,-4.840473175048828,-5.315214157104492,0.4677352011203766,14,0.01896660402417183,0.13836118578910828,14,1.0,0.007872245274484158,0.0049041807651519775,1.6052110195159912,0.10513357818126678,36.66530990600586,-0.0005875248461961872,0.0016809109365567565,0.007905833423137665,0.0005091224447824061,-2.3393658922380225e-07,-0.0005872909096069634,0.0013959743082523346,0.0035786861553788185,0.012805107049643993,0.029563797637820244,0.0,599,2.995,0.05129244923591614,0.0005872909096069634
0.005991896148771048,0.0,168.134521484375,0.0,7.790345191955566,2.0748167037963867,0.1359599381685257,2.0577683448791504,0.19299177825450897,80.9278335571289,4.5428496378008276e-05,0.0059464676305651665,0.002619741018861532,2.7284841053187847e-11,7.815901335561648e-05,0.9940226674079895,6.815116882324219,0.03557131066918373,0.0013724389718845487,-4.840943336486816,-5.3158392906188965,0.4676767587661743,14,0.018965698778629303,0.1382708102464676,14,1.0,0.007868560031056404,0.004901123233139515,1.605460524559021,0.10507681965827942,36.65687942504883,-0.0005871988832950717,0.0016805237391963601,0.007912988774478436,0.0005088994512334466,-1.403968781357517e-07,-0.0005870584864169359,0.0013942642835900187,0.003575293580070138,0.012798567302525043,0.029563600197434425,0.0,600,3.0,0.051293663680553436,0.0005870584864169359
0.005988962482661009,0.0,168.134521484375,0.0,7.790344715118408,2.0748167037963867,0.1359599381685257,2.0577683448791504,0.19299177825450897,80.92782592773438,4.547953722067177e-05,0.005943482741713524,0.0026198194827884436,-3.637978807091713e-12,7.81536364229396e-05,0.9941233992576599,6.81503963470459,0.03557286038994789,0.0013697250979021192,-4.841413497924805,-5.316464424133301,0.4680013656616211,14,0.018965307623147964,0.13818097114562988,14,1.0,0.007864875718951225,0.004898068029433489,1.6057097911834717,0.10502009838819504,36.64840316772461,-0.0005865469574928408,0.001680193468928337,0.007920137606561184,0.0005086910678073764,2.9773218555991746e-07,-0.0005868446896784008,0.0013933920999988914,0.0035739601589739323,0.01276035699993372,0.029535464942455292,0.0,601,3.005,0.05129493772983551,0.0005868446896784008
0.005986030679196119,0.0,168.13453674316406,0.0,7.790345191955566,2.074816942214966,0.1359599381685257,2.0577685832977295,0.19299177825450897,80.92784118652344,4.5529646740760654e-05,0.005940501112490892,0.002619907259941101,-3.637978807091713e-12,7.814227865310386e-05,0.9942240715026855,6.8149614334106445,0.03557465225458145,0.0013639159733429551,-4.841883659362793,-5.317090034484863,0.46844014525413513,14,0.01896415278315544,0.13808673620224,14,1.0,0.007861193269491196,0.004895011894404888,1.6059600114822388,0.10496339946985245,36.640140533447266,-0.0005861278623342639,0.0016798011492937803,0.007927292957901955,0.0005084322765469551,4.4668558983748056e-07,-0.0005865745479241014,0.0013924652012065053,0.0035726192872971296,0.012717541307210922,0.02950655110180378,0.0,602,3.0100000000000002,0.05129630118608475,0.0005865745479241014
0.005983101204037666,0.0,168.13453674316406,0.0,7.790345191955566,2.074816942214966,0.1359599381685257,2.0577685832977295,0.19299177825450897,80.92784118652344,4.557827196549624e-05,0.005937522742897272,0.002620006911456585,-2.3646862246096134e-11,7.812299736542627e-05,0.9943241477012634,6.814885139465332,0.0355764701962471,0.001359680318273604,-4.8423542976379395,-5.317715644836426,0.46869200468063354,14,0.018962077796459198,0.13799606263637543,14,1.0,0.007857508957386017,0.004891958087682724,1.606209397315979,0.10490665584802628,36.63164520263672,-0.0005859881639480716,0.0016793019603937864,0.007934481836855412,0.0005081120762042701,2.469168975824604e-07,-0.000586235080845654,0.0013875564327463508,0.0035707405768334866,0.012698073871433735,0.02949516475200653,0.0,603,3.015,0.05129772052168846,0.000586235080845654
0.005980170797556639,0.0,168.13453674316406,0.0,7.790345668792725,2.074817180633545,0.1359599381685257,2.0577688217163086,0.19299177825450897,80.92784118652344,4.562710091704503e-05,0.0059345439076423645,0.002620119135826826,0.0,7.810761599102989e-05,0.9944242238998413,6.814807415008545,0.035578399896621704,0.0013591768220067024,-4.842825412750244,-5.3183417320251465,0.46881139278411865,14,0.018960528075695038,0.1379050314426422,14,1.0,0.007853822782635689,0.0048889038152992725,1.6064589023590088,0.1048499047756195,36.623130798339844,-0.0005857087671756869,0.0016788344364613295,0.007941622287034988,0.0005078261019662023,2.249726094180832e-07,-0.000585933739785105,0.001385167590342462,0.0035688034258782864,0.012682012282311916,0.029488373547792435,0.0,604,3.02,0.05129922926425934,0.000585933739785105
0.00597724411636591,0.0,168.13455200195312,0.0,7.790346145629883,2.074816942214966,0.1359599381685257,2.0577683448791504,0.19299177825450897,80.92784118652344,4.567619907902554e-05,0.005931567866355181,0.002620240906253457,1.2732925824820995e-11,7.809158705640584e-05,0.9945241808891296,6.814730644226074,0.03558046743273735,0.0013550670119002461,-4.843296527862549,-5.318967819213867,0.4692545533180237,14,0.018958784639835358,0.13781392574310303,14,1.0,0.00785013847053051,0.004885850939899683,1.6067085266113281,0.10479317605495453,36.61465072631836,-0.0005853362381458407,0.0016783846076577902,0.00794875156134367,0.0005075375083833933,2.928427420431862e-07,-0.0005856290808878839,0.0013844919158145785,0.00356639688834548,0.01262449286878109,0.029448024928569794,0.0,605,3.025,0.051300808787345886,0.0005856290808878839
0.0059743174351751804,0.0,168.13455200195312,0.0,7.790345668792725,2.074817180633545,0.1359599381685257,2.0577685832977295,0.19299177825450897,80.92784118652344,4.572439138428308e-05,0.005928593222051859,0.002620370127260685,2.9103830456733704e-11,7.807384099578485e-05,0.9946237802505493,6.814654350280762,0.03558255732059479,0.001348632387816906,-4.843768119812012,-5.319594383239746,0.469614714384079,14,0.018956994637846947,0.13772296905517578,14,1.0,0.007846451364457607,0.0048827980645000935,1.606958031654358,0.10473640263080597,36.60613250732422,-0.0005852896720171099,0.0016778877470642328,0.00795586034655571,0.0005072118947282434,-3.958120954584109e-09,-0.0005852857138961554,0.0013863753993064165,0.00356685440056026,0.012585318647325039,0.029427696019411087,0.0,606,3.0300000000000002,0.051302433013916016,0.0005852857138961554
0.005971391219645739,0.0,168.13455200195312,0.0,7.790346145629883,2.074817180633545,0.1359599381685257,2.0577685832977295,0.19299177825450897,80.92784118652344,4.5770582801196724e-05,0.005925620440393686,0.0026205130852758884,-9.094947017729282e-12,7.804376218700781e-05,0.9947230219841003,6.814579010009766,0.03558482229709625,0.0013522050576284528,-4.844240188598633,-5.320220947265625,0.46933770179748535,14,0.018953699618577957,0.13763199746608734,14,1.0,0.007842762395739555,0.004879747051745653,1.6072067022323608,0.10467962920665741,36.59761047363281,-0.0005848240107298022,0.001677218941040337,0.007963072508573532,0.0005068251048214734,4.4878106551815046e-08,-0.000584868888836354,0.0013849553652107716,0.003563344245776534,0.012578820809721947,0.02941124513745308,0.0,607,3.035,0.0513041727244854,0.000584868888836354
0.0059684691950678825,0.0,168.1345672607422,0.0,7.790346622467041,2.074817180633545,0.1359599381685257,2.0577688217163086,0.19299177825450897,80.92784118652344,4.581734901876189e-05,0.0059226518496870995,0.002620658604428172,-3.2741809263825417e-11,7.80150294303894e-05,0.9948225021362305,6.8145036697387695,0.03558719903230667,0.0013478490291163325,-4.844711780548096,-5.320847511291504,0.4696565866470337,14,0.018950536847114563,0.13753865659236908,14,1.0,0.007839079014956951,0.004876698367297649,1.6074562072753906,0.10462293773889542,36.58890914916992,-0.0005842186510563021,0.0016765885520726442,0.00797026976943016,0.0005064273136667907,2.237502485389004e-07,-0.000584442401304841,0.0013838282320648432,0.003561740042641759,0.012536076828837395,0.029376167804002762,0.0,608,3.04,0.051305919885635376,0.0005844423430971801
0.005965549033135176,0.0,168.13455200195312,0.0,7.790346145629883,2.074817180633545,0.1359599381685257,2.0577685832977295,0.19299177825450897,80.92784118652344,4.5863736886531115e-05,0.005919685121625662,0.0026208222843706608,5.638867150992155e-11,7.798789738444611e-05,0.9949213862419128,6.81442928314209,0.035589635372161865,0.0013449802063405514,-4.845183849334717,-5.321474075317383,0.4697508215904236,14,0.018947675824165344,0.1374484747648239,14,1.0,0.007835393771529198,0.0048736510798335075,1.6077051162719727,0.10456621646881104,36.58030319213867,-0.0005838926881551867,0.0016759526915848255,0.007977424189448357,0.0005060334224253893,1.2858072294538118e-07,-0.0005840212688781321,0.0013883865904062986,0.003561520017683506,0.012501035816967487,0.029347941279411316,0.0,609,3.045,0.0513077937066555,0.000584021327085793
0.005962630268186331,0.0,168.13458251953125,0.0,7.790347099304199,2.074817180633545,0.1359599381685257,2.0577690601348877,0.19299177825450897,80.9278564453125,4.590893513523042e-05,0.005916721187531948,0.0026209899224340916,1.2732925824820995e-11,7.795197598170489e-05,0.9950200319290161,6.814353942871094,0.03559207543730736,0.0013419513124972582,-4.845655918121338,-5.322100639343262,0.469814270734787,14,0.01894373632967472,0.1373583823442459,14,1.0,0.007831711322069168,0.004870605655014515,1.6079542636871338,0.10450950264930725,36.57173538208008,-0.0005834735929966098,0.0016752098454162478,0.007984647527337074,0.0005055752699263394,5.3667463349748624e-08,-0.0005835272604599595,0.0013877504970878363,0.0035604648292064667,0.012473846785724163,0.029314661398530006,0.0,610,3.0500000000000003,0.051309678703546524,0.0005835272604599595
0.00595971429720521,0.0,168.1345672607422,0.0,7.790346622467041,2.074817419052124,0.1359599381685257,2.0577688217163086,0.19299177825450897,80.92784118652344,4.595300924847834e-05,0.00591376144438982,0.002621169202029705,-5.4569682106375694e-12,7.790922245476395e-05,0.9951185584068298,6.814279556274414,0.03559470176696777,0.0013404876226559281,-4.846128463745117,-5.322727203369141,0.4697582721710205,14,0.018938936293125153,0.13726669549942017,14,1.0,0.00782802514731884,0.004867562558501959,1.6082022190093994,0.10445284098386765,36.56289291381836,-0.0005830544978380328,0.001674385741353035,0.007991892285645008,0.0005050738109275699,-7.14790076142063e-08,-0.0005829830188304186,0.001386334770359099,0.0035579896066337824,0.012459668330848217,0.02929140441119671,0.0,611,3.055,0.0513116680085659,0.0005829830188304186
0.005956799723207951,0.0,168.13458251953125,0.0,7.790347576141357,2.074817180633545,0.1359599381685257,2.0577690601348877,0.19299177825450897,80.92784881591797,4.599749809131026e-05,0.005910802166908979,0.0026213601231575012,-7.275957614183426e-12,7.787064532749355e-05,0.9952168464660645,6.814205646514893,0.035597436130046844,0.0013420175528153777,-4.846600532531738,-5.323353290557861,0.4694691598415375,14,0.018934639170765877,0.1371755748987198,14,1.0,0.007824345491826534,0.004864523187279701,1.6084506511688232,0.10439620912075043,36.554256439208984,-0.0005837529897689944,0.0016736098332330585,0.007999081164598465,0.0005046104197390378,-1.2719538062935581e-06,-0.0005824810359627008,0.0013833425473421812,0.00355488620698452,0.012470299378037453,0.02928837202489376,0.0,612,3.06,0.05131371691823006,0.0005824810359627008
0.00595387676730752,0.0,168.13458251953125,0.0,7.790347099304199,2.074817419052124,0.1359599381685257,2.0577690601348877,0.19299177825450897,80.9278564453125,4.6043904148973525e-05,0.005907832644879818,0.0026215617544949055,-1.4551915228366852e-11,7.784623448969796e-05,0.9953153133392334,6.814131259918213,0.03560023009777069,0.0013597082579508424,-4.847072601318359,-5.323979377746582,0.4682444930076599,14,0.018932096660137177,0.1370861977338791,14,1.0,0.007820666767656803,0.00486148614436388,1.6086987257003784,0.10433962196111679,36.545440673828125,-0.0005831010639667636,0.001672973856329918,0.008006210438907146,0.000504298834130168,-9.56002622855257e-07,-0.0005821450613439083,0.001380193280056119,0.0035485182888805866,0.012540159747004509,0.029317965731024742,0.0,613,3.065,0.051315829157829285,0.0005821450613439083
0.005950968712568283,0.0,168.13458251953125,0.0,7.790347576141357,2.074817419052124,0.1359599381685257,2.0577690601348877,0.19299177825450897,80.9278564453125,4.6096567530184984e-05,0.005904871970415115,0.002621766645461321,1.2732925824820995e-11,7.785103662172332e-05,0.9954137802124023,6.814055919647217,0.035603027790784836,0.0013571553863584995,-4.847543716430664,-5.324604511260986,0.4686606824398041,14,0.018932843580842018,0.13699647784233093,14,1.0,0.007816997356712818,0.004858455620706081,1.6089469194412231,0.10428323596715927,36.53669357299805,-0.0005819834768772249,0.0016727886395528913,0.008013171143829823,0.0005041801487095654,4.773028193668337e-08,-0.0005820312071591616,0.0013801647583022714,0.0035464917309582233,0.012493690475821495,0.029286952689290047,0.0,614,3.0700000000000003,0.05131798982620239,0.0005820312071591616
0.005948056932538748,0.0,168.13458251953125,0.0,7.790347576141357,2.074817419052124,0.1359599381685257,2.0577690601348877,0.19299177825450897,80.9278564453125,4.6148317778715864e-05,0.005901908501982689,0.0026219801511615515,1.4551915228366852e-11,7.785241905367002e-05,0.9955121278762817,6.813982009887695,0.03560594469308853,0.0013570396695286036,-4.848015308380127,-5.325230121612549,0.4687640070915222,14,0.018933288753032684,0.13690483570098877,14,1.0,0.007813327014446259,0.004855424165725708,1.609195590019226,0.10422682762145996,36.52782440185547,-0.0005820766091346864,0.0016725402092561126,0.008020144887268543,0.0005040298565290868,-1.9435537980242758e-07,-0.000581882253754884,0.0013727521291002631,0.003544866805896163,0.012501761317253113,0.029294032603502274,0.0,615,3.075,0.051320213824510574,0.000581882253754884
0.005945147946476936,0.0,168.13458251953125,0.0,7.790347099304199,2.074817419052124,0.1359599381685257,2.0577690601348877,0.19299177825450897,80.9278564453125,4.620126128429547e-05,0.005898946896195412,0.0026222083251923323,-1.0913936421275139e-11,7.786144851706922e-05,0.9956104755401611,6.813907146453857,0.035608936101198196,0.0013591684401035309,-4.848487377166748,-5.325855731964111,0.4690016806125641,14,0.018934596329927444,0.1368161290884018,14,1.0,0.007809653412550688,0.004852395039051771,1.6094430685043335,0.10417042672634125,36.5189323425293,-0.0005815643817186479,0.0016723927110433578,0.008027050644159317,0.0005039535462856293,2.5064218788103075e-07,-0.000581815023906529,0.0013712651561945677,0.003542355727404356,0.012462679296731949,0.029260866343975067,0.0,616,3.08,0.051322512328624725,0.000581815023906529
0.005942241288721561,0.0,168.13458251953125,0.0,7.790348052978516,2.074817419052124,0.1359599381685257,2.0577690601348877,0.19299177825450897,80.9278564453125,4.6254281187430024e-05,0.005895987153053284,0.0026224448811262846,-2.3646862246096134e-11,7.786907372064888e-05,0.9957083463668823,6.813833236694336,0.035611942410469055,0.0013543416280299425,-4.848959922790527,-5.326481819152832,0.4694664776325226,14,0.018935658037662506,0.13672740757465363,14,1.0,0.0078059774823486805,0.004849365446716547,1.609690546989441,0.10411402583122253,36.51004409790039,-0.0005812849849462633,0.0016722568543627858,0.00803393591195345,0.000503853487316519,4.3760519473508806e-07,-0.0005817225901409984,0.0013645183062180877,0.0035406837705522776,0.012445489875972271,0.029259057715535164,0.0,617,3.085,0.05132487043738365,0.0005817225901409984
0.005939335096627474,0.0,168.13461303710938,0.0,7.790348052978516,2.074817657470703,0.1359599381685257,2.057769298553467,0.19299177825450897,80.92786407470703,4.6306453441502526e-05,0.005893028806895018,0.0026226923801004887,1.2732925824820995e-11,7.787147478666157e-05,0.995806097984314,6.8137593269348145,0.03561515361070633,0.0013501056237146258,-4.849432945251465,-5.327108383178711,0.46986302733421326,14,0.018936114385724068,0.13663670420646667,14,1.0,0.007802300620824099,0.004846334923058748,1.609938383102417,0.10405761003494263,36.501060485839844,-0.0005814246833324556,0.0016720457933843136,0.008040866814553738,0.0005037083756178617,1.551816239829442e-07,-0.0005815798649564385,0.0013616741634905338,0.0035389841068536043,0.01241482887417078,0.029247568920254707,0.0,618,3.09,0.051327310502529144,0.0005815798649564385
0.005936427041888237,0.0,168.13458251953125,0.0,7.790348052978516,2.074817419052124,0.1359599381685257,2.057769298553467,0.19299177825450897,80.9278564453125,4.635776349459775e-05,0.00589006906375289,0.0026229508221149445,-3.637978807091713e-12,7.786961941746995e-05,0.995903730392456,6.813685417175293,0.03561843931674957,0.0013538416242226958,-4.849905967712402,-5.32773494720459,0.469872385263443,14,0.01893605850636959,0.13654811680316925,14,1.0,0.007798625156283379,0.004843306727707386,1.6101861000061035,0.10400117188692093,36.49197769165039,-0.0005815643817186479,0.0016717672115191817,0.00804782472550869,0.0005035586655139923,-1.360895112280467e-07,-0.0005814282922074199,0.001359697780571878,0.0035346064250916243,0.012401022017002106,0.02922218292951584,0.0,619,3.095,0.05132981389760971,0.0005814282922074199
0.0059335194528102875,0.0,168.13461303710938,0.0,7.790348529815674,2.0748178958892822,0.1359599381685257,2.057769298553467,0.19299177825450897,80.92787170410156,4.641073974198662e-05,0.005887108854949474,0.0026232204400002956,-1.0913936421275139e-11,7.788099173922092e-05,0.9960009455680847,6.81361198425293,0.03562180697917938,0.0013510477729141712,-4.850379467010498,-5.328361988067627,0.4701650142669678,14,0.01893777772784233,0.13645870983600616,14,1.0,0.007794947363436222,0.0048402780666947365,1.61043381690979,0.10394476354122162,36.483070373535156,-0.0005812384188175325,0.0016716296086087823,0.00805468950420618,0.0005034629139117897,1.0547228156284304e-07,-0.0005813438910990953,0.0013629564782604575,0.003535747993737459,0.012364097870886326,0.029219117015600204,0.0,620,3.1,0.05133240669965744,0.0005813438910990953
0.005930614657700062,0.0,168.13461303710938,0.0,7.790348529815674,2.074817657470703,0.1359599381685257,2.057769536972046,0.19299177825450897,80.92787170410156,4.646186425816268e-05,0.005884152837097645,0.002623495878651738,-3.637978807091713e-12,7.78777539380826e-05,0.9960982203483582,6.813539505004883,0.03562529757618904,0.0013490918790921569,-4.850853443145752,-5.328989028930664,0.4705192744731903,14,0.018937712535262108,0.13636834919452667,14,1.0,0.007791268639266491,0.004837251268327236,1.6106809377670288,0.1038883626461029,36.473915100097656,-0.0005808193236589555,0.0016713079530745745,0.00806170143187046,0.0005032640765421093,3.22528649109163e-07,-0.0005811418523080647,0.0013662917772307992,0.003535369411110878,0.012309436686336994,0.029182132333517075,0.0,621,3.105,0.05133505538105965,0.0005811418523080647
0.005927711259573698,0.0,168.13462829589844,0.0,7.790348529815674,2.0748178958892822,0.1359599381685257,2.057769536972046,0.19299177825450897,80.92787170410156,4.651115523301996e-05,0.005881200078874826,0.0026237794663757086,2.546585164964199e-11,7.786181959090754e-05,0.9961949586868286,6.813466548919678,0.0356287956237793,0.0013463683426380157,-4.851327896118164,-5.329616546630859,0.4706769585609436,14,0.018936078995466232,0.13627982139587402,14,1.0,0.007787587121129036,0.0048342240042984486,1.6109280586242676,0.10383192449808121,36.4649543762207,-0.0005805864930153017,0.0016708370530977845,0.00806878786534071,0.0005029721069149673,2.4744076653079004e-07,-0.0005808339337818325,0.0013624426210299134,0.0035337498411536217,0.012292487546801567,0.02916446514427662,0.0,622,3.11,0.05133774131536484,0.0005808339337818325
0.005924808792769909,0.0,168.13462829589844,0.0,7.790349006652832,2.0748178958892822,0.1359599381685257,2.057769536972046,0.19299177825450897,80.92787170410156,4.656011878978461e-05,0.00587824871763587,0.002624061657115817,1.4551915228366852e-11,7.784581248415634e-05,0.9962916374206543,6.8133955001831055,0.035632457584142685,0.0013406351208686829,-4.851802349090576,-5.330244064331055,0.4709187150001526,14,0.018934516236186028,0.13619065284729004,14,1.0,0.00778390746563673,0.0048311990685760975,1.6111750602722168,0.1037755161523819,36.45568084716797,-0.0005801673978567247,0.0016703514847904444,0.008075859397649765,0.0005026564467698336,3.348686732228181e-07,-0.0005805022665299475,0.001362656825222075,0.0035343582276254892,0.012262445874512196,0.02915215864777565,0.0,623,3.115,0.05134028568863869,0.0005805022665299475
0.005921909585595131,0.0,168.1346435546875,0.0,7.79034948348999,2.0748178958892822,0.1359599381685257,2.057770013809204,0.19299177825450897,80.92787170410156,4.6606521209469065e-05,0.005875302944332361,0.0026243184693157673,-1.4551915228366852e-11,7.781277963658795e-05,0.99638831615448,6.813323020935059,0.03563624247908592,0.0013343323953449726,-4.852276802062988,-5.33087158203125,0.4711812734603882,14,0.018930906429886818,0.1361011266708374,14,1.0,0.007780229207128286,0.004828175064176321,1.6114223003387451,0.10371910035610199,36.44655990600586,-0.0005797948688268785,0.0016696493839845061,0.008083052933216095,0.0005022105178795755,2.284068614120862e-07,-0.0005800232756882906,0.001362142967991531,0.003534129820764065,0.012227986007928848,0.029124703258275986,0.0,624,3.12,0.05134234577417374,0.0005800232756882906
0.00591901084408164,0.0,168.13462829589844,0.0,7.790349006652832,2.074817657470703,0.1359599381685257,2.057769536972046,0.19299177825450897,80.92787170410156,4.665098094847053e-05,0.005872359964996576,0.0026245862245559692,-5.4569682106375694e-12,7.777053542668e-05,0.9964845776557922,6.813251495361328,0.035640064626932144,0.0013330711517482996,-4.852751731872559,-5.331499099731445,0.4709239900112152,14,0.018926266580820084,0.13601265847682953,14,1.0,0.007776549551635981,0.004825153853744268,1.6116687059402466,0.10366267710924149,36.437416076660156,-0.0005795154720544939,0.0016688044415786862,0.008090294897556305,0.000501696951687336,-4.796311260505705e-08,-0.0005794675089418888,0.0013609364395961165,0.003533098381012678,0.012231302447617054,0.02912517823278904,0.0,625,3.125,0.05134449154138565,0.0005794675089418888
0.005916114430874586,0.0,168.1346435546875,0.0,7.79034948348999,2.0748178958892822,0.1359599381685257,2.057770013809204,0.19299177825450897,80.92787170410156,4.669552799896337e-05,0.005869418848305941,0.002624863525852561,1.0913936421275139e-11,7.772827666485682e-05,0.9965808391571045,6.813179969787598,0.0356440544128418,0.001333374995738268,-4.853226184844971,-5.332126617431641,0.4706685245037079,14,0.018921637907624245,0.13592316210269928,14,1.0,0.0077728754840791225,0.004822134040296078,1.6119160652160645,0.10360631346702576,36.428199768066406,-0.0005797948688268785,0.0016679541440680623,0.008097551763057709,0.0005011906614527106,-8.759088814382174e-07,-0.0005789189599454403,0.001360214315354824,0.003531721420586109,0.012224780395627022,0.02909780852496624,0.0,626,3.13,0.051346708089113235,0.0005789189599454403
0.005913212895393372,0.0,168.13465881347656,0.0,7.790349960327148,2.0748181343078613,0.1359599381685257,2.057769775390625,0.19299177825450897,80.92788696289062,4.6740206016693264e-05,0.0058664726093411446,0.0026251496747136116,3.637978807091713e-12,7.768700015731156e-05,0.9966771006584167,6.813108921051025,0.03564813733100891,0.0013447040691971779,-4.853700160980225,-5.332753658294678,0.46971961855888367,14,0.018917029723525047,0.1358339786529541,14,1.0,0.0077692060731351376,0.004819118417799473,1.6121633052825928,0.1035500317811966,36.4188232421875,-0.0005796086043119554,0.0016671179328113794,0.008104788139462471,0.0005007341969758272,-1.187436282647095e-06,-0.0005784211680293083,0.001356099033728242,0.0035256152041256428,0.012278513051569462,0.02911168895661831,0.0,627,3.1350000000000002,0.0513489693403244,0.0005784211680293083
0.005910318344831467,0.0,168.1346435546875,0.0,7.790349960327148,2.0748181343078613,0.1359599381685257,2.057769536972046,0.19299177825450897,80.92787170410156,4.679063567891717e-05,0.00586352776736021,0.002625447465106845,1.8189894035458565e-11,7.768169598421082e-05,0.9967732429504395,6.8130364418029785,0.03565235435962677,0.0013520837528631091,-4.854173183441162,-5.333380222320557,0.4693363606929779,14,0.01891680434346199,0.13574422895908356,14,1.0,0.007765545975416899,0.004816107917577028,1.6124111413955688,0.10349389165639877,36.40956497192383,-0.0005783047527074937,0.0016667351592332125,0.008111794479191303,0.0005005383281968534,-8.475035430236845e-08,-0.0005782200023531914,0.0013554211473092437,0.003523564198985696,0.012279198504984379,0.029107842594385147,0.0,628,3.14,0.05135130509734154,0.0005782200023531914
0.005907429847866297,0.0,168.13465881347656,0.0,7.790349960327148,2.0748181343078613,0.1359599381685257,2.057770013809204,0.19299177825450897,80.92788696289062,4.684194573201239e-05,0.005860588047653437,0.002625752240419388,5.4569682106375694e-12,7.767530041746795e-05,0.9968694448471069,6.81296443939209,0.03565658628940582,0.0013478961773216724,-4.8546462059021,-5.334006309509277,0.4696483016014099,14,0.018916236236691475,0.13565558195114136,14,1.0,0.0077618882060050964,0.004813100676983595,1.6126586198806763,0.10343782603740692,36.4002799987793,-0.0005777925252914552,0.0016664001159369946,0.008118805475533009,0.0005003237747587264,2.0652078090862246e-07,-0.0005779990460723639,0.0013536589685827494,0.0035218275152146816,0.012251557782292366,0.029088696464896202,0.0,629,3.145,0.05135370045900345,0.0005779990460723639
0.005904540419578552,0.0,168.1346435546875,0.0,7.790349960327148,2.0748181343078613,0.1359599381685257,2.057769775390625,0.19299177825450897,80.92788696289062,4.6892477257642895e-05,0.005857647862285376,0.0026260684244334698,0.0,7.766849739709869e-05,0.9969653487205505,6.812891960144043,0.03566092997789383,0.0013510565040633082,-4.855119228363037,-5.334632873535156,0.4695492088794708,14,0.018915800377726555,0.1355678141117096,14,1.0,0.007758231833577156,0.004810092970728874,1.612906813621521,0.10338174551725388,36.39099884033203,-0.0005776062607765321,0.0016660090768709779,0.008125828579068184,0.0005001063691452146,1.6862759365395517e-07,-0.0005777748883701861,0.0013530895812436938,0.0035205709282308817,0.012236093170940876,0.029071927070617676,0.0,630,3.15,0.05135617405176163,0.0005777748883701861
0.005901653785258532,0.0,168.13467407226562,0.0,7.790350437164307,2.0748183727264404,0.1359599381685257,2.057770013809204,0.19299177825450897,80.92788696289062,4.694225572166033e-05,0.005854711402207613,0.002626387868076563,1.6370904631912708e-11,7.765225018374622e-05,0.9970614314079285,6.812821388244629,0.035665325820446014,0.0013444070937111974,-4.855592727661133,-5.335259437561035,0.46994778513908386,14,0.018914122134447098,0.13547804951667786,14,1.0,0.007754573132842779,0.004807087127119303,1.6131542921066284,0.10332571715116501,36.38157272338867,-0.0005775131285190706,0.0016655346844345331,0.00813292432576418,0.0004997979267500341,-6.298068912073164e-08,-0.0005774501478299499,0.001352539868094027,0.003520168364048004,0.012194850482046604,0.02904456853866577,0.0,631,3.1550000000000002,0.051358677446842194,0.0005774501478299499
0.005898765288293362,0.0,168.13467407226562,0.0,7.790350437164307,2.0748183727264404,0.1359599381685257,2.057770013809204,0.19299177825450897,80.92788696289062,4.6989898692118004e-05,0.005851775407791138,0.0026267205830663443,-1.0913936421275139e-11,7.762527820887044e-05,0.9971569776535034,6.812750816345215,0.03566986694931984,0.0013451362028717995,-4.8560662269592285,-5.335886001586914,0.4699069857597351,14,0.018911195918917656,0.13538867235183716,14,1.0,0.0077509162947535515,0.0048040831461548805,1.6134017705917358,0.10326967388391495,36.3720588684082,-0.0005770940333604935,0.0016649003373458982,0.0081400778144598,0.0004994202172383666,-4.85451892140833e-08,-0.0005770454881712794,0.0013512274017557502,0.0035176288802176714,0.012174611911177635,0.029034771025180817,0.0,632,3.16,0.05136128515005112,0.0005770454881712794
0.005895882844924927,0.0,168.13467407226562,0.0,7.790349960327148,2.0748183727264404,0.1359599381685257,2.057770013809204,0.19299177825450897,80.92788696289062,4.7038080083439127e-05,0.005848844535648823,0.002627062378451228,1.2732925824820995e-11,7.760051084915176e-05,0.9972525835037231,6.812680244445801,0.035674478858709335,0.001340671326033771,-4.856539726257324,-5.336512565612793,0.4700670838356018,14,0.01890857331454754,0.13530157506465912,14,1.0,0.007747261319309473,0.004801081493496895,1.6136492490768433,0.10321365296840668,36.36259460449219,-0.0005762558430433396,0.0016642953269183636,0.008147230371832848,0.0004990420420654118,3.8673169909682597e-07,-0.0005766425747424364,0.001350689446553588,0.003517312463372946,0.012151084840297699,0.02902325801551342,0.0,633,3.165,0.05136394128203392,0.0005766425747424364
0.005893002729862928,0.0,168.1346893310547,0.0,7.790350914001465,2.0748183727264404,0.1359599381685257,2.057770252227783,0.19299177825450897,80.92788696289062,4.7084377001738176e-05,0.005845918320119381,0.002627410925924778,-1.8189894035458565e-11,7.756317791063339e-05,0.9973482489585876,6.812610626220703,0.035679176449775696,0.001334208995103836,-4.857013702392578,-5.337139129638672,0.4702681303024292,14,0.01890445128083229,0.13521263003349304,14,1.0,0.007743604481220245,0.004798081237822771,1.613896131515503,0.1031576469540596,36.35307693481445,-0.0005757901817560318,0.0016635304782539606,0.008154473267495632,0.0004985604900866747,3.334716893610033e-07,-0.0005761236534453928,0.0013501612702384591,0.0035170118790119886,0.012120738625526428,0.028996089473366737,0.0,634,3.17,0.05136667937040329,0.0005761236534453928
0.0058901249431073666,0.0,168.13467407226562,0.0,7.790350914001465,2.0748183727264404,0.1359599381685257,2.057770252227783,0.19299177825450897,80.92788696289062,4.7128796722972766e-05,0.005842996295541525,0.002627768088132143,3.456079866737127e-11,7.751587691018358e-05,0.9974437355995178,6.812540531158447,0.03568395972251892,0.001327885314822197,-4.857487678527832,-5.337765693664551,0.47038111090660095,14,0.01889917068183422,0.135124072432518,14,1.0,0.00773994904011488,0.004795083310455084,1.6141427755355835,0.10310164839029312,36.343563079833984,-0.0005752779543399933,0.0016626291908323765,0.008161754347383976,0.0004979978548362851,2.3574102668729151e-07,-0.0005755136953666806,0.0013496383326128125,0.0035167585592716932,0.012095100246369839,0.02896875888109207,0.0,635,3.1750000000000003,0.05136946588754654,0.0005755137535743415
0.005887249950319529,0.0,168.1346893310547,0.0,7.790350914001465,2.0748183727264404,0.1359599381685257,2.057770013809204,0.19299177825450897,80.92788696289062,4.7171492042252794e-05,0.005840078461915255,0.0026281385216861963,-1.2732925824820995e-11,7.746026676613837e-05,0.9975388050079346,6.812471389770508,0.03568882495164871,0.001323522999882698,-4.857961654663086,-5.33839225769043,0.47030892968177795,14,0.018892955034971237,0.13503678143024445,14,1.0,0.007736295461654663,0.0047920867800712585,1.6143896579742432,0.10304565727710724,36.333984375,-0.0005748588591814164,0.0016616041539236903,0.008169068954885006,0.0004973697941750288,-2.881279216441785e-08,-0.000574830046389252,0.0013491208665072918,0.0035164684522897005,0.012076578103005886,0.028938133269548416,0.0,636,3.18,0.051372330635786057,0.000574830046389252
0.0058843763545155525,0.0,168.1346893310547,0.0,7.790351390838623,2.0748183727264404,0.1359599381685257,2.0577704906463623,0.19299177825450897,80.92788696289062,4.721282311948016e-05,0.005837163422256708,0.0026284761261194944,5.4569682106375694e-12,7.739767170278355e-05,0.9976338744163513,6.812402248382568,0.035692617297172546,0.0013246112503111362,-4.85843563079834,-5.33901834487915,0.46987077593803406,14,0.018885895609855652,0.13494755327701569,14,1.0,0.007732643745839596,0.004789094906300306,1.614635705947876,0.10298971831798553,36.32441711425781,-0.0005744397640228394,0.0016604845877736807,0.008176403120160103,0.0004967064596712589,-3.3562537283930455e-07,-0.0005741041386500001,0.0013457549503073096,0.003513973904773593,0.012093537487089634,0.028933195397257805,0.0,637,3.185,0.05137526988983154,0.0005741041386500001
0.0058815055526793,0.0,168.1346893310547,0.0,7.790350914001465,2.0748183727264404,0.1359599381685257,2.057770013809204,0.19299177825450897,80.92788696289062,4.725635517388582e-05,0.005834249313920736,0.0026288023218512535,5.4569682106375694e-12,7.735086546745151e-05,0.9977285265922546,6.8123321533203125,0.035695772618055344,0.0013249783078208566,-4.8589091300964355,-5.339643955230713,0.46961960196495056,14,0.018880758434534073,0.13485895097255707,14,1.0,0.007728997617959976,0.00478610722348094,1.6148818731307983,0.1029338464140892,36.31479263305664,-0.0005735084414482239,0.0016595590859651566,0.008183603174984455,0.0004961583181284368,7.566995796235917e-10,-0.0005735091981478035,0.001348197110928595,0.003513180650770664,0.012072581797838211,0.02890445850789547,0.0,638,3.19,0.0513782724738121,0.0005735091981478035
0.00587864127010107,0.0,168.13470458984375,0.0,7.7903523445129395,2.0748183727264404,0.1359599381685257,2.0577704906463623,0.19299177825450897,80.92790222167969,4.729946158477105e-05,0.005831341724842787,0.0026291392277926207,-5.4569682106375694e-12,7.729906064923853e-05,0.9978232383728027,6.812262058258057,0.035699084401130676,0.0013187966542318463,-4.859382152557373,-5.340269088745117,0.46970272064208984,14,0.018874946981668472,0.13477067649364471,14,1.0,0.007725356612354517,0.0047831228002905846,1.6151282787322998,0.10287804901599884,36.3051643371582,-0.0005728565156459931,0.0016585951671004295,0.008190820924937725,0.0004955602344125509,2.793967711594951e-09,-0.0005728593096137047,0.0013476802268996835,0.003512982279062271,0.012048221193253994,0.0288768969476223,0.0,639,3.1950000000000003,0.05138134956359863,0.0005728593096137047
0.0058757769875228405,0.0,168.13470458984375,0.0,7.790351390838623,2.0748186111450195,0.1359599381685257,2.0577707290649414,0.19299177825450897,80.92790222167969,4.734094545710832e-05,0.0058284359984099865,0.0026294863782823086,1.8189894035458565e-11,7.723832823103294e-05,0.997917652130127,6.812192916870117,0.035702455788850784,0.0013228260213509202,-4.8598551750183105,-5.3408942222595215,0.46916478872299194,14,0.018867962062358856,0.13468259572982788,14,1.0,0.00772171700373292,0.004780140705406666,1.6153744459152222,0.10282225906848907,36.295494079589844,-0.0005723442882299546,0.0016575161134824157,0.008198066614568233,0.0004949364229105413,-1.6955891625318204e-07,-0.0005721747293137014,0.0013468050165101886,0.0035079733934253454,0.012052660807967186,0.028845859691500664,0.0,640,3.2,0.051384493708610535,0.0005721747293137014
0.005872917827218771,0.0,168.1347198486328,0.0,7.7903523445129395,2.0748188495635986,0.1359599381685257,2.0577704906463623,0.19299177825450897,80.92790222167969,4.7384008212247863e-05,0.005825533997267485,0.002629842609167099,1.8189894035458565e-12,7.718896813457832e-05,0.9980119466781616,6.812122821807861,0.03570591285824776,0.00132053904235363,-4.860328197479248,-5.341518878936768,0.4691846966743469,14,0.01886240765452385,0.13459539413452148,14,1.0,0.007718079723417759,0.00477716326713562,1.6156197786331177,0.10276656597852707,36.28579330444336,-0.0005716923624277236,0.0016565814148634672,0.008205205202102661,0.0004943729727528989,-1.3044336811922352e-07,-0.0005715619190596044,0.0013495325110852718,0.0035064208786934614,0.012012675404548645,0.028805909678339958,0.0,641,3.205,0.05138769745826721,0.0005715619190596044
0.005870060063898563,0.0,168.13470458984375,0.0,7.790351867675781,2.0748188495635986,0.1359599381685257,2.0577707290649414,0.19299177825450897,80.92790222167969,4.7426059609279037e-05,0.005822633858770132,0.002630209783092141,-9.094947017729282e-12,7.71322229411453e-05,0.9981060028076172,6.812053680419922,0.03570949286222458,0.0013196091167628765,-4.8608012199401855,-5.342143535614014,0.4689348340034485,14,0.018855875357985497,0.1345071792602539,14,1.0,0.007714443374425173,0.004774186760187149,1.6158654689788818,0.10271090269088745,36.27601623535156,-0.000570993870496762,0.0016555722104385495,0.008212363347411156,0.0004937703488394618,-9.126961232445996e-08,-0.0005709026008844376,0.0013467115350067616,0.0035025430843234062,0.012017013505101204,0.028787020593881607,0.0,642,3.21,0.051390983164310455,0.0005709026008844376
0.0058672078885138035,0.0,168.1347198486328,0.0,7.790351867675781,2.0748188495635986,0.1359599381685257,2.0577707290649414,0.19299177825450897,80.92790222167969,4.746983540826477e-05,0.005819737911224365,0.0026305869687348604,-2.7284841053187847e-11,7.709223427809775e-05,0.9981996417045593,6.811983108520508,0.035713136196136475,0.0013183025876060128,-4.861273765563965,-5.342767715454102,0.4688519537448883,14,0.018851591274142265,0.13441917300224304,14,1.0,0.007710813079029322,0.004771214909851551,1.6161110401153564,0.10265529900789261,36.26629638671875,-0.0005701556801796081,0.00165473239030689,0.008219384588301182,0.0004932647570967674,2.0128209142662723e-07,-0.0005703569622710347,0.0013465473894029856,0.0035031905863434076,0.012006898410618305,0.028785262256860733,0.0,643,3.215,0.05139431357383728,0.0005703569622710347
0.005864358507096767,0.0,168.1347198486328,0.0,7.7903523445129395,2.0748188495635986,0.1359599381685257,2.0577707290649414,0.19299177825450897,80.92790222167969,4.7512512537650764e-05,0.005816846154630184,0.0026309762615710497,-1.2732925824820995e-11,7.704185554757714e-05,0.9982934594154358,6.811913967132568,0.035716865211725235,0.0013128126738592982,-4.861746311187744,-5.343391418457031,0.4688854515552521,14,0.01884593814611435,0.13447576761245728,14,1.0,0.0077071841806173325,0.004768247250467539,1.6163557767868042,0.10259973257780075,36.256492614746094,-0.0005695968866348388,0.0016537863994017243,0.008226477541029453,0.0004926808178424835,1.2578675522186e-07,-0.0005697226733900607,0.0013460364425554872,0.003502859268337488,0.011989708058536053,0.028768695890903473,0.0,644,3.22,0.05139773711562157,0.0005697226733900607
0.005861511919647455,0.0,168.13473510742188,0.0,7.790352821350098,2.0748190879821777,0.1359599381685257,2.0577709674835205,0.19299177825450897,80.92790985107422,4.755358531838283e-05,0.005813958123326302,0.0026313720736652613,2.7284841053187847e-11,7.698211265960708e-05,0.9983872175216675,6.811844825744629,0.03572063893079758,0.0013073341688141227,-4.862218856811523,-5.344015121459961,0.4688589572906494,14,0.018839187920093536,0.13458697497844696,14,1.0,0.0077035571448504925,0.004765281453728676,1.6166006326675415,0.10254418849945068,36.24660873413086,-0.000568944960832608,0.0016527125844731927,0.008233625441789627,0.0004920217907056212,5.896436049319942e-08,-0.0005690039251931012,0.0013455251464620233,0.003502483945339918,0.011971782892942429,0.028741464018821716,0.0,645,3.225,0.051401205360889435,0.0005690039251931012
0.0058586690574884415,0.0,168.13473510742188,0.0,7.790352821350098,2.0748188495635986,0.1359599381685257,2.0577707290649414,0.19299177825450897,80.92790222167969,4.759315197588876e-05,0.005811075679957867,0.0026317788287997246,-3.637978807091713e-12,7.691648352192715e-05,0.9984806776046753,6.811775207519531,0.03572457283735275,0.0013094843598082662,-4.862691402435303,-5.344638347625732,0.4683690369129181,14,0.01883181557059288,0.1346978396177292,14,1.0,0.007699931506067514,0.004762319382280111,1.616844892501831,0.1024886891245842,36.2368278503418,-0.0005684327334165695,0.0016515310853719711,0.008240798488259315,0.000491330458316952,-1.8579885364793103e-07,-0.0005682469345629215,0.0013448423705995083,0.0035008955746889114,0.011974158696830273,0.028721218928694725,0.0,646,3.23,0.051404744386672974,0.0005682469345629215
0.00585582759231329,0.0,168.13475036621094,0.0,7.790353298187256,2.0748188495635986,0.1359599381685257,2.0577707290649414,0.19299177825450897,80.92790985107422,4.763350079883821e-05,0.005808194167912006,0.002632195595651865,-3.637978807091713e-12,7.685236778343096e-05,0.9985742568969727,6.811706066131592,0.035728611052036285,0.0013092630542814732,-4.863163471221924,-5.345261096954346,0.46781662106513977,14,0.01882443018257618,0.13480882346630096,14,1.0,0.007696311455219984,0.0047593615017831326,1.617089033126831,0.10243327170610428,36.226837158203125,-0.0005676876753568771,0.001650417223572731,0.00824792217463255,0.0004906664253212512,-1.68860424322112e-07,-0.000567518814932555,0.001333586173132062,0.003497009864076972,0.012019306421279907,0.028729913756251335,0.0,647,3.235,0.05140836536884308,0.000567518814932555
0.005852992180734873,0.0,168.13475036621094,0.0,7.790352821350098,2.0748188495635986,0.1359599381685257,2.0577707290649414,0.19299177825450897,80.92790222167969,4.767745122080669e-05,0.005805314518511295,0.0026326258666813374,-1.8189894035458565e-11,7.681082934141159e-05,0.9986677169799805,6.811635494232178,0.03573272377252579,0.001305027981288731,-4.863635063171387,-5.345883369445801,0.46762707829475403,14,0.018819743767380714,0.1349199116230011,14,1.0,0.007692696526646614,0.004756408277899027,1.6173330545425415,0.10237794369459152,36.21699523925781,-0.0005668960511684538,0.00164960662368685,0.008254870772361755,0.000490168749820441,8.352799339879109e-08,-0.0005669795791618526,0.001327391481027007,0.0034952114801853895,0.012030811980366707,0.028728587552905083,0.0,648,3.24,0.051412031054496765,0.0005669795791618526
0.005850158631801605,0.0,168.134765625,0.0,7.790353298187256,2.0748190879821777,0.1359599381685257,2.0577707290649414,0.19299177825450897,80.92791748046875,4.7720761358505115e-05,0.005802437663078308,0.0026330696418881416,-1.4551915228366852e-11,7.676838868064806e-05,0.9987607002258301,6.811563968658447,0.035736989229917526,0.001302002347074449,-4.864106178283691,-5.346505165100098,0.4675363302230835,14,0.018815020099282265,0.13503053784370422,14,1.0,0.007689087186008692,0.004753458313643932,1.6175775527954102,0.10232266783714294,36.2070426940918,-0.0005663372576236845,0.0016487627290189266,0.008261799812316895,0.0004896547761745751,8.591450749624325e-08,-0.0005664231721311808,0.0013265189481899142,0.003494368400424719,0.012020821683108807,0.02871950902044773,0.0,649,3.245,0.05141580104827881,0.0005664231721311808
0.005847328808158636,0.0,168.13475036621094,0.0,7.790353298187256,2.0748188495635986,0.1359599381685257,2.0577709674835205,0.19299177825450897,80.92791748046875,4.776369678438641e-05,0.005799564998596907,0.0026334456633776426,5.4569682106375694e-12,7.672076753806323e-05,0.9988536238670349,6.811492919921875,0.035740114748477936,0.001302358228713274,-4.864577293395996,-5.3471269607543945,0.4671548902988434,14,0.01880951039493084,0.13514146208763123,14,1.0,0.007685479708015919,0.004750510677695274,1.6178218126296997,0.10226742923259735,36.19709396362305,-0.0005660578608512999,0.0016478829784318805,0.008268749341368675,0.0004891337011940777,-2.0337756724368976e-07,-0.0005658544832840562,0.0013190180761739612,0.0034896288998425007,0.012058369815349579,0.028727801516652107,0.0,650,3.25,0.051419615745544434,0.0005658544832840562
0.005844498053193092,0.0,168.134765625,0.0,7.790353775024414,2.0748190879821777,0.1359599381685257,2.0577709674835205,0.19299177825450897,80.92791748046875,4.780998278874904e-05,0.0057966881431639194,0.0026338063180446625,-4.001776687800884e-11,7.669544720556587e-05,0.9989469051361084,6.8114213943481445,0.03574296087026596,0.0013021816266700625,-4.865047931671143,-5.347748279571533,0.46710634231567383,14,0.018806692212820053,0.13525201380252838,14,1.0,0.007681877352297306,0.004747566767036915,1.6180661916732788,0.10221228003501892,36.18701171875,-0.0005655456334352614,0.0016472885617986321,0.008275528438389301,0.0004887826507911086,-6.746267901074337e-08,-0.0005654781707562506,0.0013181966496631503,0.0034864959307014942,0.012041314505040646,0.028705717995762825,0.0,651,3.255,0.05142351612448692,0.0005654781125485897
0.005841673351824284,0.0,168.134765625,0.0,7.790354251861572,2.0748190879821777,0.1359599381685257,2.0577712059020996,0.19299177825450897,80.92791748046875,4.7856210585450754e-05,0.005793817341327667,0.002634173957630992,9.094947017729282e-12,7.667102909181267e-05,0.9990396499633789,6.811349391937256,0.035745859146118164,0.001297134906053543,-4.865518569946289,-5.348369598388672,0.4673977494239807,14,0.018804077059030533,0.135362446308136,14,1.0,0.007678276393562555,0.004744625184684992,1.6183104515075684,0.10215716063976288,36.17704772949219,-0.0005649868398904921,0.0016466971719637513,0.008282288908958435,0.0004884134978055954,9.767245500076367e-08,-0.0005650845123454928,0.0013176543870940804,0.0034861648455262184,0.012005618773400784,0.02868342585861683,0.0,652,3.2600000000000002,0.051427461206912994,0.0005650845123454928
0.0058388481847941875,0.0,168.134765625,0.0,7.790353775024414,2.0748190879821777,0.1359599381685257,2.0577709674835205,0.19299177825450897,80.92791748046875,4.7900863137329e-05,0.00579094747081399,0.002634552540257573,-3.637978807091713e-12,7.663742871955037e-05,0.9991323351860046,6.811277866363525,0.03574880212545395,0.0013004099018871784,-4.8659892082214355,-5.3489909172058105,0.4670725166797638,14,0.018800269812345505,0.13547340035438538,14,1.0,0.007674677763134241,0.004741684999316931,1.618554949760437,0.10210201889276505,36.16691207885742,-0.000564800575375569,0.0016459858743473887,0.008289091289043427,0.0004880066844634712,-1.5646219254743503e-07,-0.0005646441131830215,0.0013163115363568068,0.0034818227868527174,0.012009503319859505,0.028677551075816154,0.0,653,3.265,0.051431477069854736,0.0005646441131830215
0.005836025346070528,0.0,168.134765625,0.0,7.790354251861572,2.074819326400757,0.1359599381685257,2.0577709674835205,0.19299177825450897,80.92791748046875,4.7946698032319546e-05,0.005788078531622887,0.002634939970448613,-1.2732925824820995e-11,7.661206473130733e-05,0.9992252588272095,6.811206817626953,0.035751841962337494,0.0013008243404328823,-4.866459846496582,-5.349611759185791,0.46691423654556274,14,0.018797600641846657,0.1355840116739273,14,1.0,0.0076710800640285015,0.0047387490049004555,1.6187986135482788,0.10204695165157318,36.15691375732422,-0.0005642883479595305,0.0016453599091619253,0.008295861072838306,0.000487636832986027,-3.9464794111365546e-08,-0.0005642488831654191,0.0013134959153831005,0.0034807147458195686,0.012017089873552322,0.02868274599313736,0.0,654,3.27,0.05143556371331215,0.0005642488831654191
0.005833205301314592,0.0,168.134765625,0.0,7.790353775024414,2.0748190879821777,0.1359599381685257,2.0577712059020996,0.19299177825450897,80.92791748046875,4.799272574018687e-05,0.0057852123863995075,0.0026353325229138136,-5.4569682106375694e-12,7.658525282749906e-05,0.9993181824684143,6.811136245727539,0.03575500100851059,0.0013043759390711784,-4.86693000793457,-5.3502326011657715,0.466500461101532,14,0.018794771283864975,0.13569454848766327,14,1.0,0.007667488418519497,0.004735814873129129,1.6190431118011475,0.10199195146560669,36.146785736083984,-0.0005640089511871458,0.0016447047237306833,0.008302705362439156,0.0004872663412243128,-1.5733530746113705e-07,-0.0005638516158796847,0.0013120045186951756,0.003478763625025749,0.012036905623972416,0.028685729950666428,0.0,655,3.275,0.05143969506025314,0.0005638516158796847
0.005830385256558657,0.0,168.13478088378906,0.0,7.790354251861572,2.074819326400757,0.1359599381685257,2.0577712059020996,0.19299177825450897,80.92792510986328,4.804009586223401e-05,0.005782345309853554,0.0026357341557741165,3.637978807091713e-12,7.656501838937402e-05,0.9994110465049744,6.811064720153809,0.03575822338461876,0.0013093475718051195,-4.8673996925354,-5.350852966308594,0.4662322700023651,14,0.018792686983942986,0.1358051300048828,14,1.0,0.007663901429623365,0.004732884932309389,1.6192874908447266,0.10193703323602676,36.13657760620117,-0.0005638692528009535,0.0016441401094198227,0.00830952636897564,0.0004869577242061496,-3.465102054299061e-07,-0.0005635227425955236,0.0013113936875015497,0.0034760304260998964,0.01202381495386362,0.028656795620918274,0.0,656,3.2800000000000002,0.05144389346241951,0.0005635227425955236
0.005827566608786583,0.0,168.134765625,0.0,7.790353775024414,2.0748190879821777,0.1359599381685257,2.0577712059020996,0.19299177825450897,80.92791748046875,4.8088062612805516e-05,0.005779478698968887,0.002636146731674671,3.637978807091713e-12,7.654707587789744e-05,0.9995038509368896,6.8109941482543945,0.03576159104704857,0.0013086306862533092,-4.867868900299072,-5.351473331451416,0.4663082957267761,15,0.018790792673826218,0.1359158158302307,15,1.0,0.007660320028662682,0.004729956854134798,1.6195327043533325,0.10188218206167221,36.12641906738281,-0.0005632638931274534,0.0016436324222013354,0.008316299878060818,0.00048665772192180157,-5.908077583920406e-08,-0.0005632048123516142,0.001310447114519775,0.003473872784525156,0.012002917937934399,0.028639426454901695,0.0,657,3.285,0.051448166370391846,0.0005632048123516142
0.005824752617627382,0.0,168.13479614257812,0.0,7.7903547286987305,2.074819564819336,0.1359599381685257,2.0577714443206787,0.19299177825450897,80.92793273925781,4.8135385441128165e-05,0.005776617210358381,0.0026365662924945354,-5.4569682106375694e-12,7.65254590078257e-05,0.9995965361595154,6.810924530029297,0.03576495870947838,0.0013031710404902697,-4.868338108062744,-5.352093696594238,0.46656638383865356,15,0.018788499757647514,0.13602636754512787,15,1.0,0.007656740490347147,0.004727030172944069,1.6197781562805176,0.10182733088731766,36.11602783203125,-0.0005626119673252226,0.0016430754913017154,0.00832308828830719,0.00048630847595632076,2.2194581105101658e-07,-0.0005628339131362736,0.0013099501375108957,0.0034735985100269318,0.011972382664680481,0.028627268970012665,0.0,658,3.29,0.05145248770713806,0.0005628339131362736
0.005821940489113331,0.0,168.13479614257812,0.0,7.790354251861572,2.074819326400757,0.1359599381685257,2.0577714443206787,0.19299177825450897,80.92792510986328,4.8180929297814146e-05,0.005773759447038174,0.002636995865032077,-2.1827872842550278e-11,7.64930882724002e-05,0.9996889233589172,6.810853958129883,0.035768501460552216,0.0012999412138015032,-4.868807792663574,-5.3527140617370605,0.46665382385253906,15,0.018784938380122185,0.13613678514957428,15,1.0,0.007653158623725176,0.004724105354398489,1.6200228929519653,0.1017724946141243,36.10582733154297,-0.0005621928721666456,0.0016423672204837203,0.008329955860972404,0.00048588006757199764,1.8026912583697392e-07,-0.0005623731412924826,0.0013094271998852491,0.0034725863952189684,0.011949487961828709,0.028605209663510323,0.0,659,3.295,0.05145688354969025,0.0005623731412924826
0.005819130688905716,0.0,168.1348114013672,0.0,7.790355205535889,2.074819564819336,0.1359599381685257,2.0577712059020996,0.19299177825450897,80.92793273925781,4.8224923375528306e-05,0.005770905874669552,0.002637434983626008,2.9103830456733704e-11,7.645094592589885e-05,0.9997811317443848,6.810784339904785,0.03577211871743202,0.0012976668076589704,-4.869277477264404,-5.353334426879883,0.4664415121078491,15,0.01878018118441105,0.13624711334705353,15,1.0,0.007649578619748354,0.004721182864159346,1.620267391204834,0.10171766579151154,36.095516204833984,-0.0005617272108793378,0.0016415368299931288,0.008336870931088924,0.00048538140254095197,1.0512303559779591e-07,-0.0005618323339149356,0.001299226307310164,0.0034703786950558424,0.011980390176177025,0.028630465269088745,0.0,660,3.3000000000000003,0.051461346447467804,0.0005618323339149356
0.005816323217004538,0.0,168.13479614257812,0.0,7.7903547286987305,2.074819326400757,0.1359599381685257,2.0577714443206787,0.19299177825450897,80.92793273925781,4.8269579565385357e-05,0.005768053699284792,0.002637872938066721,-1.8189894035458565e-12,7.641367119504139e-05,0.9998737573623657,6.810714244842529,0.03577585518360138,0.0013004675274714828,-4.869746685028076,-5.353954792022705,0.4661343991756439,15,0.01877608150243759,0.13635723292827606,15,1.0,0.0076460037380456924,0.004718261770904064,1.620512843132019,0.10166289657354355,36.08530044555664,-0.0005612149834632993,0.0016407459042966366,0.008343782275915146,0.0004849271790590137,1.258449628829903e-07,-0.0005613408284261823,0.001293912180699408,0.003467944683507085,0.011986352503299713,0.028621714562177658,0.0,661,3.305,0.05146560072898865,0.0005613408284261823
0.005813518539071083,0.0,168.1348114013672,0.0,7.790355682373047,2.074819564819336,0.1359599381685257,2.057771682739258,0.19299177825450897,80.92793273925781,4.831481055589393e-05,0.005765203852206469,0.0026383097283542156,-3.637978807091713e-12,7.638019451405853e-05,0.999966025352478,6.810644149780273,0.035779692232608795,0.0012956465361639857,-4.87021541595459,-5.354574680328369,0.4663064777851105,15,0.018772395327687263,0.13646765053272247,15,1.0,0.007642434444278479,0.004715344402939081,1.6207585334777832,0.10160818696022034,36.07484436035156,-0.000561075285077107,0.0016400241293013096,0.008350618183612823,0.0004844852664973587,-2.0983861760497623e-07,-0.000560865446459502,0.0012933912221342325,0.003467468312010169,0.011954185552895069,0.028592871502041817,0.0,662,3.31,0.051469624042510986,0.000560865446459502
0.005810712464153767,0.0,168.13482666015625,0.0,7.790355205535889,2.074819564819336,0.1359599381685257,2.057771921157837,0.19299177825450897,80.92793273925781,4.835864820051938e-05,0.005762354005128145,0.002638754900544882,1.2732925824820995e-11,7.633819041075185e-05,1.0000581741333008,6.810574054718018,0.03578364849090576,0.0012953955447301269,-4.870684623718262,-5.355194568634033,0.4659973978996277,15,0.018767578527331352,0.13657747209072113,15,1.0,0.007638863287866116,0.004712429363280535,1.621003270149231,0.10155349224805832,36.0644416809082,-0.0005607493221759915,0.0016392043326050043,0.008357474580407143,0.00048400257946923375,-4.0855957196355396e-07,-0.000560340762604028,0.0012903452152386308,0.0034637455828487873,0.011963683180510998,0.028577269986271858,0.0,663,3.315,0.05147369205951691,0.000560340762604028
0.005807911045849323,0.0,168.1348114013672,0.0,7.790355205535889,2.074819564819336,0.1359599381685257,2.0577714443206787,0.19299177825450897,80.92793273925781,4.840421388507821e-05,0.005759506952017546,0.0026392105501145124,-1.2732925824820995e-11,7.630806067027152e-05,1.0001499652862549,6.8105034828186035,0.035787660628557205,0.0012970366515219212,-4.871153354644775,-5.355813980102539,0.46581023931503296,15,0.018764205276966095,0.13668757677078247,15,1.0,0.007635297253727913,0.004709518048912287,1.6212481260299683,0.10149885714054108,36.05410385131836,-0.0005605630576610684,0.0016385343624278903,0.008364237844944,0.00048361753579229116,-6.374903023362213e-07,-0.0005599255673587322,0.0012887930497527122,0.0034602254163473845,0.01194806583225727,0.0285459253937006,0.0,664,3.3200000000000003,0.0514778196811676,0.0005599255673587322
0.005805106833577156,0.0,168.1348114013672,0.0,7.790355205535889,2.074819564819336,0.1359599381685257,2.057771682739258,0.19299177825450897,80.92793273925781,4.845122748520225e-05,0.00575665570795536,0.0026396787725389004,-2.000888343900442e-11,7.628899766132236e-05,1.0002415180206299,6.810432434082031,0.03579180687665939,0.0013056836323812604,-4.871622085571289,-5.356433391571045,0.4651225507259369,15,0.018762176856398582,0.13679814338684082,15,1.0,0.007631732616573572,0.004706609062850475,1.6214927434921265,0.1014442890882492,36.04365158081055,-0.0005600042641162992,0.0016380002489313483,0.008370902389287949,0.0004833380808122456,-3.77185642731195e-07,-0.000559627078473568,0.001284067751839757,0.0034551352728158236,0.01199211273342371,0.02855571359395981,0.0,665,3.325,0.05148204043507576,0.000559627078473568
0.00580231100320816,0.0,168.13482666015625,0.0,7.790355205535889,2.074820041656494,0.1359599381685257,2.057771682739258,0.19299177825450897,80.92793273925781,4.8502712161280215e-05,0.005753808189183474,0.0026401570066809654,1.8189894035458565e-12,7.629382889717817e-05,1.0003330707550049,6.810361862182617,0.035795971751213074,0.0013001802144572139,-4.872090816497803,-5.357052326202393,0.46566057205200195,15,0.01876296103000641,0.1369083821773529,15,1.0,0.007628169842064381,0.004703703336417675,1.621737003326416,0.1013898104429245,36.03319549560547,-0.0005594454705715299,0.0016378151485696435,0.008377413265407085,0.00048320836503989995,5.669426171779103e-08,-0.0005595021648332477,0.0012835313100367785,0.0034544742666184902,0.011946148239076138,0.02854202687740326,0.0,666,3.33,0.051486313343048096,0.0005595021648332477
0.005799512378871441,0.0,168.13482666015625,0.0,7.790356159210205,2.074819564819336,0.1359599381685257,2.057771682739258,0.19299177825450897,80.92793273925781,4.85521559312474e-05,0.0057509602047502995,0.002640643622726202,2.1827872842550278e-11,7.62907657190226e-05,1.0004245042800903,6.810291290283203,0.03580019623041153,0.001305123558267951,-4.872560024261475,-5.357671737670898,0.46538811922073364,15,0.018763020634651184,0.1370188146829605,15,1.0,0.007624604739248753,0.004700797609984875,1.6219810247421265,0.1013353019952774,36.022621154785156,-0.0005594454705715299,0.0016374611295759678,0.008384003303945065,0.00048301677452400327,-1.3795215637684398e-07,-0.000559307518415153,0.0012817722745239735,0.0034537252504378557,0.01195646170526743,0.028561986982822418,0.0,667,3.335,0.051490649580955505,0.000559307518415153
0.005796716548502445,0.0,168.13482666015625,0.0,7.790356159210205,2.074819803237915,0.1359599381685257,2.057771682739258,0.19299177825450897,80.92793273925781,4.860216722590849e-05,0.005748114548623562,0.0026411341968923807,3.637978807091713e-12,7.628340972587466e-05,1.0005162954330444,6.8102216720581055,0.03580450639128685,0.001306693535298109,-4.8730292320251465,-5.358291149139404,0.46540001034736633,15,0.01876230165362358,0.1371292620897293,15,1.0,0.007621041964739561,0.004697893746197224,1.622225284576416,0.10128086805343628,36.012054443359375,-0.0005590263754129529,0.0016371080419048667,0.008390656672418118,0.000482818839373067,7.590278981923528e-08,-0.0005591022782027721,0.0012800857657566667,0.0034498111344873905,0.011936687864363194,0.028540244325995445,0.0,668,3.34,0.051495034247636795,0.0005591022782027721
0.0057939221151173115,0.0,168.13482666015625,0.0,7.790355682373047,2.074819564819336,0.1359599381685257,2.057771682739258,0.19299177825450897,80.92793273925781,4.865306618739851e-05,0.005745268892496824,0.0026416343171149492,5.4569682106375694e-12,7.627929880982265e-05,1.0006078481674194,6.81015157699585,0.035808876156806946,0.001307129394263029,-4.873498439788818,-5.35891056060791,0.46564945578575134,15,0.01876179501414299,0.13723966479301453,15,1.0,0.0076174805872142315,0.0046949912793934345,1.6224695444107056,0.10122644901275635,36.001426696777344,-0.0005588401108980298,0.0016368429642170668,0.00839723739773035,0.00048266019439324737,9.936047716736264e-08,-0.0005589394713751972,0.0012645297683775425,0.003443449269980192,0.011939072981476784,0.02855229191482067,0.0,669,3.345,0.05149947106838226,0.0005589394713751972
0.005791128147393465,0.0,168.1348419189453,0.0,7.790356159210205,2.074819564819336,0.1359599381685257,2.057771921157837,0.19299177825450897,80.92794036865234,4.8708134272601455e-05,0.0057424199767410755,0.0026421479415148497,9.094947017729282e-12,7.630638720002025e-05,1.0006990432739258,6.810080528259277,0.03581339120864868,0.0013042616192251444,-4.87396764755249,-5.359529972076416,0.46618226170539856,15,0.018765317276120186,0.1373497098684311,15,1.0,0.007613920606672764,0.004692091140896082,1.6227136850357056,0.10117202997207642,35.99080276489258,-0.0005587004125118375,0.0016369357472285628,0.008403611369431019,0.0004827040829695761,3.1007220967411465e-07,-0.0005590104847215116,0.0012649920536205173,0.003443762892857194,0.011919595301151276,0.02853681892156601,0.0,670,3.35,0.051503986120224,0.0005590104847215116
0.005788335110992193,0.0,168.13485717773438,0.0,7.790356636047363,2.074819803237915,0.1359599381685257,2.057772159576416,0.19299177825450897,80.92794799804688,4.876121602137573e-05,0.005739573854953051,0.002642668318003416,-2.3646862246096134e-11,7.631766493432224e-05,1.0007901191711426,6.81001091003418,0.03581799566745758,0.0013015690492466092,-4.87443733215332,-5.360150337219238,0.4667115807533264,15,0.01876678504049778,0.1374596655368805,15,1.0,0.007610358763486147,0.004689187742769718,1.6229588985443115,0.1011175811290741,35.98020935058594,-0.0005585141479969144,0.0016368472715839744,0.008410098031163216,0.00048264182987622917,4.453468136370129e-07,-0.0005589594948105514,0.0012643237132579088,0.0034411547239869833,0.011923045851290226,0.028507353737950325,0.0,671,3.355,0.05150856822729111,0.0005589594948105514
0.005785543005913496,0.0,168.13485717773438,0.0,7.790356636047363,2.074819803237915,0.1359599381685257,2.057772159576416,0.19299177825450897,80.92794799804688,4.881351560470648e-05,0.005736729595810175,0.0026431987062096596,1.4551915228366852e-11,7.63263160479255e-05,1.0008809566497803,6.809942245483398,0.03582267463207245,0.001295433845371008,-4.874907970428467,-5.360771179199219,0.4673464000225067,16,0.018768034875392914,0.13756993412971497,16,1.0,0.00760679179802537,0.004686284344643354,1.623203158378601,0.10106310248374939,35.96951675415039,-0.0005583744496107221,0.001636713044717908,0.008416575379669666,0.0004825399664696306,4.918547347068734e-07,-0.0005588663043454289,0.001263833255507052,0.0034408248029649258,0.011931673623621464,0.028480032458901405,0.0,672,3.36,0.051513224840164185,0.0005588663043454289
0.005782751366496086,0.0,168.13485717773438,0.0,7.790356159210205,2.074820041656494,0.1359599381685257,2.057771921157837,0.19299177825450897,80.92794799804688,4.886348688160069e-05,0.005733887664973736,0.0026437384076416492,2.7284841053187847e-11,7.632222695974633e-05,1.0009713172912598,6.809873580932617,0.03582751378417015,0.0012896556872874498,-4.8753790855407715,-5.361392498016357,0.46785038709640503,16,0.01876779831945896,0.13767988979816437,16,1.0,0.007603222504258156,0.004683380480855703,1.6234475374221802,0.10100856423377991,35.95881271362305,-0.0005582813173532605,0.0016364004695788026,0.00842311792075634,0.0004823344061151147,3.753229975581116e-07,-0.0005586566403508186,0.0012633588630706072,0.00344056636095047,0.011937934905290604,0.02845248393714428,0.0,673,3.365,0.05151792988181114,0.0005586566403508186
0.0057799601927399635,0.0,168.13487243652344,0.0,7.7903571128845215,2.074820041656494,0.1359599381685257,2.057772159576416,0.19299177825450897,80.92794799804688,4.891134085482918e-05,0.005731048993766308,0.0026442883536219597,1.4551915228366852e-11,7.630646723555401e-05,1.0010614395141602,6.809805870056152,0.03583244979381561,0.001284570898860693,-4.875850677490234,-5.362013816833496,0.4682174324989319,16,0.018766185268759727,0.13778971135616302,16,1.0,0.007599651347845793,0.0046804784797132015,1.6236910820007324,0.10095401108264923,35.9481315612793,-0.0005586072802543759,0.0016359274741262197,0.008429715409874916,0.0004820371395908296,-2.636807039499336e-07,-0.000558343599550426,0.0012626780662685633,0.003440007334575057,0.01194088812917471,0.0284268781542778,0.0,674,3.37,0.05152272433042526,0.000558343599550426
0.0057771652936935425,0.0,168.13485717773438,0.0,7.790356636047363,2.074819803237915,0.1359599381685257,2.057772159576416,0.19299177825450897,80.92794799804688,4.895773599855602e-05,0.005728207528591156,0.0026448476128280163,1.0913936421275139e-11,7.628354069311172e-05,1.0011513233184814,6.809738636016846,0.035837456583976746,0.0012912752572447062,-4.8763227462768555,-5.362635612487793,0.4677203893661499,16,0.018763648346066475,0.13789956271648407,16,1.0,0.007596077863126993,0.004677575547248125,1.6239348649978638,0.10089942812919617,35.93748474121094,-0.0005583278834819913,0.001635352149605751,0.008436332456767559,0.00048172607785090804,-3.18279489886766e-07,-0.0005580096039921045,0.00125985371414572,0.003434782847762108,0.011931026354432106,0.02842189557850361,0.0,675,3.375,0.05152757465839386,0.0005580096039921045
0.005774376913905144,0.0,168.13487243652344,0.0,7.79035758972168,2.0748205184936523,0.1359599381685257,2.057772397994995,0.19299177825450897,80.9279556274414,4.900718340650201e-05,0.005725369788706303,0.0026454152539372444,-2.546585164964199e-11,7.627854938618839e-05,1.0012410879135132,6.809670925140381,0.03584250062704086,0.0012882864102721214,-4.876794338226318,-5.363256931304932,0.4679286777973175,16,0.018763316795229912,0.13800983130931854,16,1.0,0.007592510432004929,0.004674676805734634,1.6241786479949951,0.10084493458271027,35.92656707763672,-0.0005574896931648374,0.0016350226942449808,0.008442829363048077,0.0004815197899006307,3.0861701815127797e-07,-0.0005577983101829886,0.0012581151677295566,0.003433812176808715,0.011932125315070152,0.028414634987711906,0.0,676,3.38,0.051532451063394547,0.0005577983101829886
0.005771590396761894,0.0,168.13485717773438,0.0,7.790356636047363,2.074820041656494,0.1359599381685257,2.057772159576416,0.19299177825450897,80.92794799804688,4.905605601379648e-05,0.005722534377127886,0.002645957050845027,-1.6370904631912708e-11,7.627093145856634e-05,1.0013307332992554,6.809603214263916,0.03584769368171692,0.0012829708866775036,-4.8772664070129395,-5.36387825012207,0.4683137834072113,16,0.01876269280910492,0.13811999559402466,16,1.0,0.0075889406725764275,0.004671779926866293,1.6244217157363892,0.10079044848680496,35.91567611694336,-0.0005571171641349912,0.0016346571501344442,0.008449324406683445,0.0004812840197701007,4.3777981771826215e-07,-0.0005575549439527094,0.0012576640583574772,0.0034338245168328285,0.01193735096603632,0.02839135006070137,0.0,677,3.3850000000000002,0.05153679475188255,0.0005575549439527094
0.005768805742263794,0.0,168.13485717773438,0.0,7.7903571128845215,2.074820041656494,0.1359599381685257,2.057772159576416,0.19299177825450897,80.92794799804688,4.910277129965834e-05,0.005719703156501055,0.00264650397002697,1.2732925824820995e-11,7.625137368449941e-05,1.001420021057129,6.809535980224609,0.035852864384651184,0.0012772848131135106,-4.877738952636719,-5.364500045776367,0.4686811566352844,16,0.018760638311505318,0.13822992146015167,16,1.0,0.007585369050502777,0.004668883513659239,1.6246644258499146,0.10073594003915787,35.90501403808594,-0.000557163730263722,0.0016341323498636484,0.00845586508512497,0.0004809540114365518,4.167668520211644e-08,-0.0005572054069489241,0.0012572183040902019,0.003433601465076208,0.011941640637814999,0.02836558409035206,0.0,678,3.39,0.05154114589095116,0.0005572054069489241
0.005766018759459257,0.0,168.13487243652344,0.0,7.790358066558838,2.0748205184936523,0.1359599381685257,2.057772636413574,0.19299177825450897,80.92796325683594,4.914751843898557e-05,0.005716871470212936,0.002647038549184799,5.4569682106375694e-12,7.622149132657796e-05,1.0015090703964233,6.809469223022461,0.03585829585790634,0.0012827119790017605,-4.878211498260498,-5.365121841430664,0.46815457940101624,16,0.018757320940494537,0.13833977282047272,16,1.0,0.007581798825412989,0.004665988031774759,1.6249074935913086,0.10068143159151077,35.89418029785156,-0.0005568377673626064,0.001633460633456707,0.008462452329695225,0.0004805787466466427,-3.754394130100428e-08,-0.0005568002234213054,0.0012489882064983249,0.003429182805120945,0.011935818009078503,0.0283843744546175,0.0,679,3.395,0.051545076072216034,0.0005568002234213054
0.005763237364590168,0.0,168.13487243652344,0.0,7.79035758972168,2.0748202800750732,0.1359599381685257,2.057772636413574,0.19299177825450897,80.92796325683594,4.919581988360733e-05,0.005714041646569967,0.0026475556660443544,1.0913936421275139e-11,7.621246913913637e-05,1.0015982389450073,6.8094024658203125,0.035863664001226425,0.0012791304616257548,-4.878684043884277,-5.365743160247803,0.46848368644714355,16,0.01875651814043522,0.13844998180866241,16,1.0,0.0075782304629683495,0.004663096275180578,1.6251498460769653,0.10062699764966965,35.883277893066406,-0.0005561392754316448,0.0016330763464793563,0.008468899875879288,0.00048034038627520204,4.135654307783681e-07,-0.0005565528408624232,0.0012485112529248,0.0034285089932382107,0.011939125135540962,0.02835724875330925,0.0,680,3.4,0.051548562943935394,0.0005565528408624232
0.005760457366704941,0.0,168.13487243652344,0.0,7.790358066558838,2.0748202800750732,0.1359599381685257,2.057772397994995,0.19299177825450897,80.92796325683594,4.924290260532871e-05,0.005711214616894722,0.0026480876840651035,1.4551915228366852e-11,7.619684765813872e-05,1.0016870498657227,6.809335231781006,0.035869210958480835,0.001273585599847138,-4.879156589508057,-5.3663649559021,0.46890002489089966,16,0.018754921853542328,0.13856004178524017,16,1.0,0.0075746639631688595,0.004660204518586397,1.625393033027649,0.10057257115840912,35.87232208251953,-0.0005561392754316448,0.0016326073091477156,0.008475360460579395,0.0004800438182428479,1.0139774529944242e-07,-0.0005562406731769443,0.001248422428034246,0.003428216790780425,0.011943862773478031,0.02833002246916294,0.0,681,3.4050000000000002,0.051552169024944305,0.0005562406731769443
0.005757675971835852,0.0,168.1348876953125,0.0,7.790358066558838,2.0748202800750732,0.1359599381685257,2.057772636413574,0.19299177825450897,80.92796325683594,4.9287900765193626e-05,0.005708388052880764,0.0026485449634492397,-5.4569682106375694e-12,7.61722621973604e-05,1.0017756223678589,6.809268951416016,0.035872191190719604,0.0012783268466591835,-4.879629611968994,-5.3669867515563965,0.4683196246623993,16,0.018752381205558777,0.1386702060699463,16,1.0,0.007571095135062933,0.004657314624637365,1.6256352663040161,0.10051809996366501,35.86135482788086,-0.0005562324076891064,0.0016319792484864593,0.00848187692463398,0.00047969550359994173,-3.6461278797377764e-07,-0.0005558677949011326,0.0012429073685780168,0.0034263422712683678,0.011940826661884785,0.028327567502856255,0.0,682,3.41,0.051555801182985306,0.0005558677949011326
0.00575489504262805,0.0,168.13487243652344,0.0,7.790358066558838,2.0748205184936523,0.1359599381685257,2.057772636413574,0.19299177825450897,80.92796325683594,4.933457603328861e-05,0.005705560557544231,0.0026490148156881332,9.094947017729282e-12,7.615740469191223e-05,1.001863956451416,6.809201240539551,0.03587523102760315,0.001290818676352501,-4.880102157592773,-5.367608070373535,0.4677053391933441,16,0.018750818446278572,0.1387801617383957,16,1.0,0.007567531894892454,0.004654428455978632,1.625877857208252,0.10046374797821045,35.85047912597656,-0.0005558133125305294,0.0016315014800056815,0.008488297462463379,0.00047946785343810916,-1.88068952423231e-07,-0.0005556252435781062,0.001242891070432961,0.003419961780309677,0.0119307367131114,0.028306929394602776,0.0,683,3.415,0.05155953764915466,0.0005556252435781062
0.0057521178387105465,0.0,168.1348876953125,0.0,7.790358066558838,2.0748205184936523,0.1359599381685257,2.057772636413574,0.19299177825450897,80.92796325683594,4.938505662721582e-05,0.0057027325965464115,0.002649493981152773,9.094947017729282e-12,7.616455695824698e-05,1.0019519329071045,6.809134006500244,0.03587837889790535,0.0012900307774543762,-4.880573749542236,-5.368229389190674,0.46800753474235535,16,0.018751859664916992,0.13889020681381226,16,1.0,0.007563977502286434,0.004651544149965048,1.6261218786239624,0.10040949285030365,35.83940124511719,-0.0005552079528570293,0.0016313499072566628,0.00849453266710043,0.00047937524504959583,3.318418748558599e-07,-0.0005555397947318852,0.0012412989744916558,0.003417701693251729,0.011932987719774246,0.028286144137382507,0.0,684,3.42,0.0515633299946785,0.0005555397947318852
0.00574934296309948,0.0,168.1348876953125,0.0,7.790358543395996,2.0748202800750732,0.1359599381685257,2.057772636413574,0.19299177825450897,80.92796325683594,4.94362429890316e-05,0.005699906498193741,0.002649979665875435,1.4551915228366852e-11,7.617572555318475e-05,1.002039909362793,6.809067726135254,0.03588162362575531,0.0012845458695665002,-4.881045818328857,-5.368851184844971,0.46863362193107605,16,0.018753355368971825,0.1389995515346527,16,1.0,0.007560420781373978,0.004648659378290176,1.6263657808303833,0.10035523772239685,35.82841873168945,-0.0005550216883421062,0.0016312658553943038,0.008500717580318451,0.0004793055704794824,4.5960769056092084e-07,-0.0005554812960326672,0.0012397381942719221,0.003416607389226556,0.011942262761294842,0.028262043371796608,0.0,685,3.4250000000000003,0.05156717821955681,0.0005554812960326672
0.0057465676218271255,0.0,168.13490295410156,0.0,7.790358543395996,2.0748205184936523,0.1359599381685257,2.057772636413574,0.19299177825450897,80.92796325683594,4.948582500219345e-05,0.005697081796824932,0.002650474663823843,2.1827872842550278e-11,7.617603114340454e-05,1.0021275281906128,6.809001445770264,0.03588486090302467,0.0012831352651119232,-4.881518840789795,-5.369473457336426,0.46904170513153076,16,0.018753377720713615,0.139109805226326,16,1.0,0.007556858938187361,0.004645774140954018,1.626609206199646,0.10030091553926468,35.81733703613281,-0.000555068254470837,0.001631063874810934,0.008506936021149158,0.0004791823448613286,2.9010698198090375e-07,-0.0005553583614528179,0.0012369793839752674,0.0034114348236471415,0.01194367092102766,0.028228318318724632,0.0,686,3.43,0.0515710711479187,0.0005553583614528179
0.005743792280554771,0.0,168.13490295410156,0.0,7.790358543395996,2.0748205184936523,0.1359599381685257,2.0577728748321533,0.19299177825450897,80.92796325683594,4.9536167352925986e-05,0.005694256164133549,0.0026509847957640886,1.0913936421275139e-11,7.618715608259663e-05,1.0022146701812744,6.808935165405273,0.03588833659887314,0.0012796666705980897,-4.881992340087891,-5.370095729827881,0.4695837199687958,16,0.018754951655864716,0.13921962678432465,16,1.0,0.007553295232355595,0.004642890766263008,1.6268517971038818,0.1002466008067131,35.80622482299805,-0.0005555804818868755,0.0016309622442349792,0.00851304642856121,0.00047911074943840504,-2.8259819374670207e-07,-0.0005552978836931288,0.0012365833390504122,0.003411010606214404,0.01195158064365387,0.028200050815939903,0.0,687,3.435,0.051575079560279846,0.0005552978836931288
0.005741011817008257,0.0,168.13491821289062,0.0,7.790359020233154,2.0748205184936523,0.1359599381685257,2.0577728748321533,0.19299177825450897,80.92797088623047,4.9584727094043046e-05,0.005691427271813154,0.0026515028439462185,1.8189894035458565e-11,7.618921517860144e-05,1.0023014545440674,6.808869361877441,0.03589184582233429,0.0012918198481202126,-4.8824663162231445,-5.370718479156494,0.46912097930908203,16,0.01875537820160389,0.1393294334411621,16,1.0,0.007549729198217392,0.004640007391571999,1.6270942687988281,0.10019225627183914,35.7951545715332,-0.0005555339157581448,0.0016307263867929578,0.008519199676811695,0.00047902227379381657,-3.2241223381151377e-07,-0.0005552115035243332,0.0012316269567236304,0.003404671559110284,0.011940632946789265,0.02818092703819275,0.0,688,3.44,0.05157913267612457,0.0005552115035243332
0.00573823694139719,0.0,168.13490295410156,0.0,7.790359020233154,2.0748205184936523,0.1359599381685257,2.0577728748321533,0.19299177825450897,80.92796325683594,4.9638329073786736e-05,0.00568859837949276,0.0026520269457250834,-1.8189894035458565e-12,7.62217678129673e-05,1.0023880004882812,6.808803558349609,0.035895347595214844,0.0012968399096280336,-4.882940292358398,-5.371341228485107,0.46944719552993774,16,0.01875941827893257,0.13943950831890106,16,1.0,0.007546165492385626,0.004637125413864851,1.6273369789123535,0.10013798624277115,35.78399658203125,-0.0005549285560846447,0.0016309164930135012,0.008525126613676548,0.00047915775212459266,4.5099295674572767e-07,-0.0005553795490413904,0.0012311964528635144,0.0034010864328593016,0.01194465160369873,0.02814210206270218,0.0,689,3.4450000000000003,0.051583193242549896,0.0005553795490413904
0.005735462531447411,0.0,168.13491821289062,0.0,7.7903594970703125,2.0748207569122314,0.1359599381685257,2.057772636413574,0.19299177825450897,80.927978515625,4.969187648384832e-05,0.005685770884156227,0.0026525619905442,-7.275957614183426e-12,7.625386933796108e-05,1.0024738311767578,6.808738708496094,0.035898976027965546,0.001291009713895619,-4.8834147453308105,-5.371964931488037,0.47029396891593933,16,0.01876344531774521,0.13954956829547882,16,1.0,0.007542599458247423,0.004634240176528692,1.6275806427001953,0.10008370131254196,35.77286911010742,-0.0005549751222133755,0.001631112420000136,0.008531030267477036,0.0004792514373548329,5.301553755880433e-07,-0.0005555052775889635,0.0012349061435088515,0.0034013099502772093,0.011954931542277336,0.028109068050980568,0.0,690,3.45,0.05158734321594238,0.0005555052775889635
0.0057326871901750565,0.0,168.13491821289062,0.0,7.790359020233154,2.0748207569122314,0.1359599381685257,2.0577728748321533,0.19299177825450897,80.92796325683594,4.97429100505542e-05,0.005682944320142269,0.0026530814357101917,9.094947017729282e-12,7.627180457348004e-05,1.0025591850280762,6.8086748123168945,0.035902708768844604,0.0012908177450299263,-4.883890151977539,-5.372589111328125,0.4705886244773865,16,0.018765809014439583,0.1396595537662506,16,1.0,0.007539027836173773,0.004631355404853821,1.6278232336044312,0.100029356777668,35.76153564453125,-0.0005551613867282986,0.0016311046201735735,0.008537025190889835,0.00047924628597684205,3.5669654606591047e-07,-0.0005555180832743645,0.0012330932077020407,0.003399765118956566,0.011955474503338337,0.028107784688472748,0.0,691,3.455,0.05159115791320801,0.0005555180832743645
0.005729910917580128,0.0,168.1349334716797,0.0,7.7903594970703125,2.0748207569122314,0.1359599381685257,2.0577731132507324,0.19299177825450897,80.927978515625,4.9794129154179245e-05,0.0056801168248057365,0.002653595060110092,-2.1827872842550278e-11,7.628910680068657e-05,1.0026447772979736,6.808610916137695,0.03590649366378784,0.0012858863919973373,-4.884366035461426,-5.373213768005371,0.4712992310523987,16,0.01876801624894142,0.1397695690393448,16,1.0,0.007535454351454973,0.004628470167517662,1.628065824508667,0.09997498989105225,35.750328063964844,-0.000555068254470837,0.001631110324524343,0.008543011732399464,0.0004792315303348005,4.523899406076509e-07,-0.0005555206444114447,0.001232737209647894,0.0033984931651502848,0.011964751407504082,0.028080375865101814,0.0,692,3.46,0.0515948161482811,0.0005555206444114447
0.005727136507630348,0.0,168.1349334716797,0.0,7.790359020233154,2.0748207569122314,0.1359599381685257,2.0577728748321533,0.19299177825450897,80.927978515625,4.984328188584186e-05,0.005677293054759502,0.002654122654348612,1.4551915228366852e-11,7.629576430190355e-05,1.0027295351028442,6.808547496795654,0.03591048717498779,0.0012797494418919086,-4.884842395782471,-5.373838901519775,0.4719368517398834,16,0.018769027665257454,0.139879047870636,16,1.0,0.007531879004091024,0.004625584464520216,1.628308653831482,0.09992058575153351,35.73917007446289,-0.0005553476512432217,0.0016309601487591863,0.00854905042797327,0.00047912023728713393,6.833579390059293e-08,-0.0005554159870371222,0.001232413575053215,0.0033984226174652576,0.011974651366472244,0.028054961934685707,0.0,693,3.465,0.051598574966192245,0.0005554159870371222
0.005724357441067696,0.0,168.1349334716797,0.0,7.7903594970703125,2.0748207569122314,0.1359599381685257,2.0577731132507324,0.19299177825450897,80.927978515625,4.9890099035110325e-05,0.005674467422068119,0.002654655836522579,-5.4569682106375694e-12,7.629387982888147e-05,1.0028142929077148,6.8084845542907715,0.03591446951031685,0.001287217135541141,-4.885319709777832,-5.374464511871338,0.4716116487979889,16,0.01876920834183693,0.1399890035390854,16,1.0,0.007528298534452915,0.004622697830200195,1.6285508871078491,0.09986612945795059,35.72785568237305,-0.0005553476512432217,0.001630630693398416,0.008555152453482151,0.0004789563245140016,-9.743962438096224e-08,-0.0005552502116188407,0.0012326940195634961,0.0033970526419579983,0.01197772566229105,0.028056686744093895,0.0,694,3.47,0.051602382212877274,0.0005552502116188407
0.005721583031117916,0.0,168.1349334716797,0.0,7.790359973907471,2.0748207569122314,0.1359599381685257,2.0577731132507324,0.19299177825450897,80.927978515625,4.993667971575633e-05,0.005671646445989609,0.0026551904156804085,1.0913936421275139e-11,7.62852214393206e-05,1.0028996467590332,6.80842399597168,0.03591842204332352,0.0012833166401833296,-4.885797023773193,-5.3750901222229,0.47173696756362915,16,0.01876862905919552,0.14009912312030792,16,1.0,0.007524719461798668,0.004619813524186611,1.6287928819656372,0.09981173276901245,35.71650314331055,-0.0005549285560846447,0.0016302198637276888,0.008561378344893456,0.00047870122944004834,5.7916622597082267e-08,-0.0005549864727072418,0.0012349928729236126,0.0033993555698543787,0.011980582028627396,0.028054317459464073,0.0,695,3.475,0.05160621553659439,0.0005549864727072418
0.005718808155506849,0.0,168.13494873046875,0.0,7.790360450744629,2.0748207569122314,0.1359599381685257,2.0577733516693115,0.19299177825450897,80.927978515625,4.998056829208508e-05,0.005668827798217535,0.0026557338424026966,-1.0913936421275139e-11,7.625517901033163e-05,1.002984642982483,6.80836296081543,0.03592247888445854,0.001285781036131084,-4.886274337768555,-5.375715732574463,0.47148874402046204,16,0.018765199929475784,0.14020948112010956,16,1.0,0.0075211417861282825,0.004616931080818176,1.6290348768234253,0.0997573584318161,35.70514678955078,-0.0005546957254409908,0.0016295694513246417,0.008567740209400654,0.00047832942800596356,-1.1111842469562708e-07,-0.0005545846070162952,0.0012310381280258298,0.003394659608602524,0.011970266699790955,0.028047384694218636,0.0,696,3.48,0.05161012336611748,0.0005545846070162952
0.005716036073863506,0.0,168.13494873046875,0.0,7.790359973907471,2.0748209953308105,0.1359599381685257,2.0577733516693115,0.19299177825450897,80.927978515625,5.0027108954964206e-05,0.005666009150445461,0.0026562889106571674,0.0,7.624104182468727e-05,1.0030694007873535,6.808300971984863,0.03592664748430252,0.0012854711385443807,-4.886751651763916,-5.376340866088867,0.4717535972595215,16,0.01876361109316349,0.14031939208507538,16,1.0,0.007517566438764334,0.00461405236274004,1.6292763948440552,0.09970302879810333,35.69374084472656,-0.00055464915931226,0.0016291509382426739,0.008573966100811958,0.00047808184172026813,-3.262539394318026e-07,-0.0005543229053728282,0.0012251193402335048,0.0033903541043400764,0.011976401321589947,0.028030959889292717,0.0,697,3.485,0.05161409080028534,0.0005543229053728282
0.005713261663913727,0.0,168.1349334716797,0.0,7.790360450744629,2.0748209953308105,0.1359599381685257,2.0577728748321533,0.19299177825450897,80.927978515625,5.0074329919880256e-05,0.005663187243044376,0.0026568537577986717,-7.275957614183426e-12,7.623388955835253e-05,1.0031540393829346,6.808239936828613,0.03593093156814575,0.0012876748805865645,-4.8872294425964355,-5.37696647644043,0.4715941548347473,16,0.018762823194265366,0.14042916893959045,16,1.0,0.007513988763093948,0.004611173179000616,1.6295177936553955,0.09964871406555176,35.68218994140625,-0.0005545094609260677,0.0016288278857246041,0.008580084890127182,0.0004779019218403846,-3.736349754153651e-07,-0.0005541358259506524,0.0012234466848894954,0.0033851992338895798,0.011975087225437164,0.028021015226840973,0.0,698,3.49,0.05161814019083977,0.0005541358259506524
0.005710490979254246,0.0,168.13494873046875,0.0,7.790360450744629,2.0748209953308105,0.1359599381685257,2.0577733516693115,0.19299177825450897,80.927978515625,5.012357360101305e-05,0.005660367198288441,0.0026573825161904097,1.2732925824820995e-11,7.624083082191646e-05,1.0032384395599365,6.808178901672363,0.03593519330024719,0.0012869315687566996,-4.887706756591797,-5.377592086791992,0.4718708097934723,16,0.018763840198516846,0.1405392289161682,16,1.0,0.007510416675359011,0.004608296323567629,1.6297599077224731,0.09959442913532257,35.67082977294922,-0.0005539972335100292,0.0016286749159917235,0.008586112409830093,0.0004778121365234256,5.576293914328397e-08,-0.0005540529964491725,0.0012231229338794947,0.0033831880427896976,0.011986006051301956,0.028000282123684883,0.0,699,3.495,0.05162160098552704,0.0005540529964491725
0.005707721691578627,0.0,168.13494873046875,0.0,7.790359973907471,2.0748209953308105,0.1359599381685257,2.0577731132507324,0.19299177825450897,80.927978515625,5.017106741433963e-05,0.005657550413161516,0.002657855860888958,3.637978807091713e-12,7.623653800692409e-05,1.0033230781555176,6.80811882019043,0.03593902289867401,0.0012834869557991624,-4.888184547424316,-5.378218173980713,0.47215282917022705,16,0.018763530999422073,0.1406489759683609,16,1.0,0.007506842724978924,0.004605418536812067,1.6300022602081299,0.09954016655683517,35.659297943115234,-0.0005536712706089138,0.0016283746808767319,0.00859221164137125,0.00047762360190972686,1.8888385965238393e-07,-0.0005538601544685662,0.0012222685618326068,0.0033817426301538944,0.011989859864115715,0.027982236817479134,0.0,700,3.5,0.051624998450279236,0.0005538601544685662
0.005704954266548157,0.0,168.13494873046875,0.0,7.790360450744629,2.0748209953308105,0.1359599381685257,2.0577728748321533,0.19299177825450897,80.927978515625,5.021775359637104e-05,0.0056547364220023155,0.002658289857208729,2.3646862246096134e-11,7.622897101100534e-05,1.0034070014953613,6.808058738708496,0.03594231233000755,0.0012809241889044642,-4.888662338256836,-5.378844261169434,0.47243860363960266,16,0.01876286417245865,0.1407589167356491,16,1.0,0.007503270171582699,0.0046025426127016544,1.6302446126937866,0.09948588162660599,35.64771270751953,-0.0005535781383514522,0.0016280235722661018,0.008598309010267258,0.0004774103872478008,6.123445926914991e-08,-0.0005536393728107214,0.0012175438459962606,0.003380431793630123,0.011994426138699055,0.027965256944298744,0.0,701,3.505,0.0516284704208374,0.0005536393728107214
0.005702185910195112,0.0,168.13494873046875,0.0,7.790360927581787,2.0748209953308105,0.1359599381685257,2.0577733516693115,0.19299177825450897,80.92798614501953,5.02636466990225e-05,0.005651922430843115,0.002658734330907464,9.094947017729282e-12,7.621772238053381e-05,1.003490924835205,6.807999134063721,0.03594572842121124,0.0012809548061341047,-4.889140605926514,-5.379470348358154,0.47252506017684937,16,0.01876175031065941,0.14086848497390747,16,1.0,0.007499696221202612,0.004599668551236391,1.630486249923706,0.0994316041469574,35.636199951171875,-0.0005532521754503368,0.0016276207752525806,0.00860440544784069,0.0004771767125930637,1.4225952326069654e-07,-0.0005533944349735975,0.00121462217066437,0.0033781216479837894,0.011993697844445705,0.02795027755200863,0.0,702,3.5100000000000002,0.051632001996040344,0.0005533944349735975
0.0056994217447936535,0.0,168.13494873046875,0.0,7.790360927581787,2.0748209953308105,0.1359599381685257,2.0577735900878906,0.19299177825450897,80.92799377441406,5.031065666116774e-05,0.005649111233651638,0.002659190446138382,1.8189894035458565e-11,7.621293480042368e-05,1.0035746097564697,6.807939529418945,0.03594924509525299,0.0012814851943403482,-4.889618873596191,-5.380096912384033,0.4727227985858917,16,0.018761303275823593,0.140978142619133,16,1.0,0.0074961232021451,0.004596793558448553,1.6307287216186523,0.09937734156847,35.624629974365234,-0.0005528330802917599,0.0016273242654278874,0.008610428310930729,0.0004770064842887223,3.863242454708654e-07,-0.0005532194045372307,0.0012130532413721085,0.003374375170096755,0.011993804015219212,0.027927376329898834,0.0,703,3.515,0.051635608077049255,0.0005532194045372307
0.005696657579392195,0.0,168.1349639892578,0.0,7.790361404418945,2.0748212337493896,0.1359599381685257,2.0577733516693115,0.19299177825450897,80.92798614501953,5.035826325183734e-05,0.005646299105137587,0.002659637713804841,-1.0913936421275139e-11,7.621503755217418e-05,1.003657579421997,6.807880401611328,0.03595279902219772,0.0012773151975125074,-4.890097618103027,-5.380723476409912,0.4731421172618866,16,0.018761832267045975,0.14108796417713165,16,1.0,0.007492548786103725,0.004593921359628439,1.6309702396392822,0.0993230864405632,35.61295700073242,-0.0005527865141630291,0.0016270980704575777,0.008616382256150246,0.00047685965546406806,2.8818612917075933e-07,-0.0005530747002921999,0.001214523334056139,0.0033746014814823866,0.011999493464827538,0.0279082003980875,0.0,704,3.52,0.05163899436593056,0.0005530747002921999
0.005693893879652023,0.0,168.13497924804688,0.0,7.790361404418945,2.0748209953308105,0.1359599381685257,2.0577733516693115,0.19299177825450897,80.92799377441406,5.040402902523056e-05,0.005643489770591259,0.0026600805576890707,5.4569682106375694e-12,7.620564429089427e-05,1.0037407875061035,6.8078203201293945,0.03595645725727081,0.001276779337786138,-4.890576362609863,-5.381350517272949,0.47319623827934265,16,0.018760928884148598,0.14119777083396912,16,1.0,0.0074889762327075005,0.00459104822948575,1.6312127113342285,0.09926880896091461,35.6014404296875,-0.0005524605512619137,0.0016267200699076056,0.008622405119240284,0.0004766359052155167,3.8102734832773984e-07,-0.0005528415786102414,0.001215746277011931,0.003372634295374155,0.012004366144537926,0.027900980785489082,0.0,705,3.525,0.0516422763466835,0.0005528415786102414
0.005691132973879576,0.0,168.13497924804688,0.0,7.7903618812561035,2.0748212337493896,0.1359599381685257,2.0577733516693115,0.19299177825450897,80.92799377441406,5.044918361818418e-05,0.0056406836956739426,0.002660534344613552,1.4551915228366852e-11,7.619101234013215e-05,1.00382399559021,6.807762145996094,0.035960257053375244,0.0012707373825833201,-4.891055107116699,-5.381977558135986,0.4736131727695465,16,0.01875944621860981,0.14130721986293793,16,1.0,0.007485405076295137,0.004588176961988211,1.6314551830291748,0.09921456128358841,35.589786529541016,-0.0005521345883607983,0.0016262729186564684,0.0086284838616848,0.00047635234659537673,4.087924025834638e-07,-0.0005525433807633817,0.0012155125150457025,0.003372682724148035,0.012010520324110985,0.027878835797309875,0.0,706,3.5300000000000002,0.0516456663608551,0.0005525433807633817
0.0056883725337684155,0.0,168.13497924804688,0.0,7.7903618812561035,2.0748212337493896,0.1359599381685257,2.0577738285064697,0.19299177825450897,80.92799377441406,5.04922354593873e-05,0.00563788041472435,0.0026609955821186304,1.2732925824820995e-11,7.616530638188124e-05,1.0039067268371582,6.807703971862793,0.035964109003543854,0.0012652936857193708,-4.891534328460693,-5.382604598999023,0.473908007144928,16,0.018756693229079247,0.14141696691513062,16,1.0,0.007481832057237625,0.00458530755713582,1.6316969394683838,0.09916028380393982,35.578102111816406,-0.0005517154932022212,0.0016256653470918536,0.008634616620838642,0.0004759766161441803,4.2642932384035284e-07,-0.0005521419225260615,0.0012156689772382379,0.003373008919879794,0.012015565298497677,0.02785641700029373,0.0,707,3.535,0.05164908990263939,0.0005521419225260615
0.005685615818947554,0.0,168.13497924804688,0.0,7.790361404418945,2.0748214721679688,0.1359599381685257,2.0577735900878906,0.19299177825450897,80.92799377441406,5.053334098192863e-05,0.005635082256048918,0.002661467529833317,-2.9103830456733704e-11,7.612856279592961e-05,1.0039892196655273,6.807646751403809,0.03596809506416321,0.0012594178551808,-4.892014026641846,-5.3832316398620605,0.4741300046443939,16,0.01875261962413788,0.14152629673480988,16,1.0,0.007478257641196251,0.004582439549267292,1.631938099861145,0.09910602122545242,35.56638717651367,-0.0005515292286872981,0.0016249087639153004,0.00864079874008894,0.00047551264287903905,1.1199153958580191e-07,-0.0005516412202268839,0.001215461757965386,0.003373189829289913,0.012017610482871532,0.027832286432385445,0.0,708,3.54,0.051652614027261734,0.0005516412202268839
0.005682857241481543,0.0,168.13497924804688,0.0,7.790361404418945,2.0748209953308105,0.1359599381685257,2.0577735900878906,0.19299177825450897,80.92799377441406,5.057262387708761e-05,0.005632284563034773,0.0026619471609592438,2.7284841053187847e-11,7.608463056385517e-05,1.0040717124938965,6.807590007781982,0.03597208857536316,0.001259602140635252,-4.892493724822998,-5.383858680725098,0.47392451763153076,16,0.018747815862298012,0.14163602888584137,16,1.0,0.007474684156477451,0.0045795738697052,1.6321790218353271,0.09905173629522324,35.5545539855957,-0.0005512498319149134,0.0016240183031186461,0.008647016249597073,0.00047499200445599854,-1.732259988901884e-07,-0.0005510766059160233,0.0012172271963208914,0.003373359329998493,0.012011014856398106,0.027820132672786713,0.0,709,3.545,0.05165616050362587,0.0005510766059160233
0.005680103320628405,0.0,168.13499450683594,0.0,7.7903618812561035,2.0748214721679688,0.1359599381685257,2.057774066925049,0.19299177825450897,80.92799377441406,5.061167757958174e-05,0.005629491526633501,0.002662390237674117,1.4551915228366852e-11,7.603591802762821e-05,1.0041543245315552,6.807533264160156,0.03597621992230415,0.0012608484830707312,-4.89297342300415,-5.384485721588135,0.473642498254776,16,0.018742263317108154,0.14174552261829376,16,1.0,0.007471113000065088,0.00457670958712697,1.6324201822280884,0.09899751096963882,35.54281234741211,-0.0005508773028850673,0.001623098156414926,0.008653257973492146,0.00047446193639189005,-3.794557415066034e-07,-0.0005504978471435606,0.0012142310151830316,0.0033703153021633625,0.012000812217593193,0.027797477319836617,0.0,710,3.5500000000000003,0.05165926739573479,0.0005504978471435606
0.005677348468452692,0.0,168.13499450683594,0.0,7.7903618812561035,2.0748214721679688,0.1359599381685257,2.0577738285064697,0.19299177825450897,80.9280014038086,5.065230652689934e-05,0.005626696161925793,0.0026628305204212666,2.3646862246096134e-11,7.600119715789333e-05,1.0042363405227661,6.807476043701172,0.0359804704785347,0.0012798602692782879,-4.893453121185303,-5.385112285614014,0.472648561000824,16,0.01873842254281044,0.1418551206588745,16,1.0,0.007467543240636587,0.004573849495500326,1.6326605081558228,0.09894335269927979,35.531002044677734,-0.000550318509340298,0.0016223328420892358,0.008659386076033115,0.00047409150283783674,-2.2578751669504946e-07,-0.0005500927218236029,0.001209834823384881,0.0033628966193646193,0.011983083561062813,0.027778981253504753,0.0,711,3.555,0.05166224390268326,0.0005500927218236029
0.005674600135535002,0.0,168.13499450683594,0.0,7.7903618812561035,2.074821710586548,0.1359599381685257,2.0577738285064697,0.19299177825450897,80.92800903320312,5.069970939075574e-05,0.005623900331556797,0.0026632784865796566,1.8189894035458565e-12,7.600329990964383e-05,1.004318356513977,6.807418346405029,0.035984739661216736,0.0012751438189297915,-4.893931865692139,-5.385738372802734,0.4731045961380005,16,0.018738847225904465,0.14196501672267914,16,1.0,0.007463982328772545,0.0045709931291639805,1.632901668548584,0.09888934344053268,35.5191764831543,-0.0005500856786966441,0.0016221316764131188,0.008665235713124275,0.00047395669389516115,-1.2567033992388552e-07,-0.0005499600083567202,0.0012090690433979034,0.0033616970758885145,0.011989152990281582,0.02775799296796322,0.0,712,3.56,0.05166524648666382,0.0005499600083567202
0.005671847611665726,0.0,168.13499450683594,0.0,7.7903618812561035,2.0748214721679688,0.1359599381685257,2.0577738285064697,0.19299177825450897,80.9280014038086,5.074610817246139e-05,0.0056211017072200775,0.002663738327100873,-1.4551915228366852e-11,7.600555545650423e-05,1.0044000148773193,6.807361125946045,0.035989172756671906,0.0012809648178517818,-4.894411087036133,-5.386364936828613,0.4731380045413971,16,0.01873953640460968,0.1420745849609375,16,1.0,0.007460419554263353,0.004568136762827635,1.6331428289413452,0.09883531183004379,35.507293701171875,-0.0005499925464391825,0.0016218660166487098,0.00867108628153801,0.00047382639604620636,-1.6059493647196596e-07,-0.0005498319515027106,0.0012088286457583308,0.0033610572572797537,0.011991620063781738,0.027740517631173134,0.0,713,3.565,0.05166833847761154,0.0005498319515027106
0.00566910021007061,0.0,168.13499450683594,0.0,7.790362358093262,2.0748214721679688,0.1359599381685257,2.0577738285064697,0.19299177825450897,80.9280014038086,5.079213951830752e-05,0.005618308205157518,0.0026642007287591696,1.6370904631912708e-11,7.600085518788546e-05,1.004481554031372,6.807304382324219,0.0359935387969017,0.0012786735314875841,-4.894890785217285,-5.386991500854492,0.4733732044696808,16,0.018739204853773117,0.14218445122241974,16,1.0,0.007456854917109013,0.004565281793475151,1.6333832740783691,0.0987812951207161,35.49532699584961,-0.0005493406206369517,0.0016215579817071557,0.008676967583596706,0.00047363952035084367,2.9976945369264776e-07,-0.0005496403900906444,0.0012076542479917407,0.003359752707183361,0.011992579326033592,0.027737759053707123,0.0,714,3.5700000000000003,0.05167143791913986,0.0005496403900906444
0.005666354205459356,0.0,168.13499450683594,0.0,7.7903618812561035,2.074821710586548,0.1359599381685257,2.0577735900878906,0.19299177825450897,80.92799377441406,5.083723590360023e-05,0.005615517031401396,0.0026646768674254417,-5.4569682106375694e-12,7.598947559017688e-05,1.0045627355575562,6.807247161865234,0.03599803149700165,0.0012762857368215919,-4.895370960235596,-5.387618064880371,0.4736070930957794,16,0.018738064914941788,0.14229439198970795,16,1.0,0.00745328888297081,0.0045624286867678165,1.6336231231689453,0.098727285861969,35.4833984375,-0.0005495268851518748,0.0016211607726290822,0.008682905696332455,0.0004734001704491675,-1.3725366444566553e-07,-0.0005493896314874291,0.0012052246602252126,0.0033581394236534834,0.011996000073850155,0.027720922604203224,0.0,715,3.575,0.05167463421821594,0.0005493896314874291
0.005663604941219091,0.0,168.13499450683594,0.0,7.790362358093262,2.0748214721679688,0.1359599381685257,2.0577738285064697,0.19299177825450897,80.9280014038086,5.0881862989626825e-05,0.005612723063677549,0.0026651639491319656,-9.094947017729282e-12,7.597195508424193e-05,1.0046436786651611,6.807190895080566,0.03600267693400383,0.0012788299936801195,-4.895851135253906,-5.38824462890625,0.473289430141449,16,0.018735792487859726,0.14240407943725586,16,1.0,0.007449723780155182,0.004559577442705631,1.6338627338409424,0.09867328405380249,35.4713134765625,-0.0005492474883794902,0.0016207452863454819,0.008688819594681263,0.00047316652489826083,-1.0902294890263384e-07,-0.0005491384654305875,0.001204324304126203,0.0033492399379611015,0.011992033571004868,0.027714647352695465,0.0,716,3.58,0.05167791619896889,0.0005491384654305875
0.0056608617305755615,0.0,168.135009765625,0.0,7.790363311767578,2.074821710586548,0.1359599381685257,2.0577738285064697,0.19299177825450897,80.92800903320312,5.0929196731885895e-05,0.005609932355582714,0.0026656563859432936,-2.9103830456733704e-11,7.597316289320588e-05,1.0047249794006348,6.807133674621582,0.03600742667913437,0.0012740506790578365,-4.896330833435059,-5.388871192932129,0.4739138185977936,16,0.018736019730567932,0.14251364767551422,16,1.0,0.0074461642652750015,0.004556728061288595,1.6341032981872559,0.09861934930086136,35.459327697753906,-0.0005486886948347209,0.0016205476131290197,0.008694632910192013,0.00047303325845859945,3.176974132539957e-07,-0.0005490063922479749,0.0012041274458169937,0.0033468047622591257,0.01200124155730009,0.027698911726474762,0.0,717,3.585,0.05168123170733452,0.0005490063922479749
0.005658118054270744,0.0,168.13502502441406,0.0,7.790363311767578,2.074821710586548,0.1359599381685257,2.057774066925049,0.19299177825450897,80.92800903320312,5.097455141367391e-05,0.005607143510133028,0.0026661509182304144,-1.0913936421275139e-11,7.596483192173764e-05,1.0048060417175293,6.8070783615112305,0.03601205348968506,0.001274137757718563,-4.896811485290527,-5.389498233795166,0.474199116230011,16,0.018735170364379883,0.14262348413467407,16,1.0,0.007442599628120661,0.004553878214210272,1.634343147277832,0.09856536239385605,35.44727325439453,-0.0005485489964485286,0.0016201973194256425,0.00870050024241209,0.0004728302010335028,2.4604378266951735e-07,-0.0005487950402311981,0.0012078810250386596,0.003343740478157997,0.011999312788248062,0.027672870084643364,0.0,718,3.59,0.05168462544679642,0.0005487950402311981
0.005655376240611076,0.0,168.13502502441406,0.0,7.790363311767578,2.074821710586548,0.1359599381685257,2.057774066925049,0.19299177825450897,80.92800903320312,5.1019487727899104e-05,0.005604356527328491,0.002666598418727517,1.8189894035458565e-11,7.595345232402906e-05,1.0048867464065552,6.807023048400879,0.036016203463077545,0.0012707486748695374,-4.897292613983154,-5.390125751495361,0.474368691444397,16,0.018733959645032883,0.14273306727409363,16,1.0,0.0074390326626598835,0.004551027901470661,1.6345829963684082,0.09851136803627014,35.435237884521484,-0.0005483161658048747,0.001619818271137774,0.008706369437277317,0.00047259731218218803,2.3457687346956427e-07,-0.0005485507426783442,0.0012042679591104388,0.0033413295168429613,0.0119997663423419,0.027656780555844307,0.0,719,3.595,0.05168765038251877,0.0005485507426783442
0.005652634892612696,0.0,168.13504028320312,0.0,7.790363311767578,2.074821710586548,0.1359599381685257,2.057774305343628,0.19299177825450897,80.92800903320312,5.106502794660628e-05,0.005601570010185242,0.0026670298539102077,1.4551915228366852e-11,7.59471149649471e-05,1.004967212677002,6.806967735290527,0.03602049499750137,0.001268597785383463,-4.897773742675781,-5.390753269195557,0.4745498299598694,16,0.01873331516981125,0.1428428292274475,16,1.0,0.007435468025505543,0.0045481794513762,1.634822964668274,0.09845739603042603,35.42315673828125,-0.0005484092980623362,0.0016195111675187945,0.008712168782949448,0.00047241064021363854,-5.1571987581041506e-08,-0.0005483577260747552,0.0012026161421090364,0.0033382910769432783,0.012004319578409195,0.027643021196126938,0.0,720,3.6,0.05169019103050232,0.0005483577260747552
0.005649892147630453,0.0,168.13502502441406,0.0,7.790363311767578,2.074821710586548,0.1359599381685257,2.057774305343628,0.19299177825450897,80.92800903320312,5.111057544127107e-05,0.005598781630396843,0.002667468274012208,-5.4569682106375694e-12,7.594348426209763e-05,1.0050475597381592,6.806912422180176,0.036024853587150574,0.001274683396331966,-4.898254871368408,-5.39138126373291,0.4740990996360779,16,0.01873304694890976,0.14295227825641632,16,1.0,0.007431904785335064,0.004545331001281738,1.6350635290145874,0.09840342402458191,35.41102981567383,-0.0005485955625772593,0.001619215589016676,0.008717944845557213,0.0004722627345472574,-3.8935104386189287e-07,-0.0005482062115333974,0.0012001976137980819,0.003333735279738903,0.012000534683465958,0.027637487277388573,0.0,721,3.605,0.05169276148080826,0.0005482062115333974
0.005647148936986923,0.0,168.13504028320312,0.0,7.790363311767578,2.074821949005127,0.1359599381685257,2.057774543762207,0.19299177825450897,80.92800903320312,5.115917883813381e-05,0.005595989990979433,0.0026677653659135103,-1.8189894035458565e-12,7.59569084038958e-05,1.0051276683807373,6.806858062744141,0.03602929413318634,0.0012795979855582118,-4.898735523223877,-5.392009258270264,0.47407108545303345,16,0.018734782934188843,0.14292806386947632,16,1.0,0.0074283466674387455,0.004542483948171139,1.6353050470352173,0.09834953397512436,35.39884948730469,-0.0005481764674186824,0.001619163085706532,0.008723614737391472,0.00047224920126609504,2.9627699393245527e-08,-0.0005482060951180756,0.00119294342584908,0.0033293163869529963,0.0120050348341465,0.02764980122447014,0.0,722,3.61,0.051694341003894806,0.0005482060951180756
0.005644410382956266,0.0,168.1350555419922,0.0,7.790363311767578,2.074821949005127,0.1359599381685257,2.057774305343628,0.19299177825450897,80.92801666259766,5.121039066580124e-05,0.005593200214207172,0.002667999593541026,-2.1827872842550278e-11,7.598483352921903e-05,1.0052076578140259,6.806802749633789,0.03603385388851166,0.0012735757045447826,-4.899216175079346,-5.392637252807617,0.47486042976379395,16,0.018738288432359695,0.14283917844295502,16,1.0,0.007424790412187576,0.004539638292044401,1.6355466842651367,0.09829568862915039,35.386680603027344,-0.0005476642400026439,0.0016193166375160217,0.008729198947548866,0.0004723169840872288,6.376067176344126e-07,-0.0005483018467202783,0.0011927919695153832,0.003329244442284107,0.012018894776701927,0.02763540670275688,0.0,723,3.615,0.05169548839330673,0.0005483018467202783
0.005641672294586897,0.0,168.1350555419922,0.0,7.790363788604736,2.074821710586548,0.1359599381685257,2.057774305343628,0.19299177825450897,80.92801666259766,5.1259023166494444e-05,0.005590413231402636,0.0026682401075959206,-1.4551915228366852e-11,7.599719538120553e-05,1.0052876472473145,6.806748390197754,0.03603850305080414,0.0012676771730184555,-4.899697780609131,-5.393265724182129,0.47551798820495605,16,0.018739916384220123,0.14275021851062775,16,1.0,0.007421228569000959,0.004536792635917664,1.6357874870300293,0.09824177622795105,35.374542236328125,-0.0005477108061313746,0.0016192625043913722,0.008734868839383125,0.00047226418973878026,5.505862645687788e-07,-0.0005482613923959434,0.001191417220979929,0.0033284276723861694,0.012029651552438736,0.027616925537586212,0.0,724,3.62,0.05169667303562164,0.0005482613923959434
0.005638933274894953,0.0,168.1350555419922,0.0,7.790363788604736,2.074821949005127,0.1359599381685257,2.057774305343628,0.19299177825450897,80.92801666259766,5.130584031576291e-05,0.005587627645581961,0.002668492728844285,-1.6370904631912708e-11,7.600081153213978e-05,1.0053670406341553,6.806694507598877,0.03604324534535408,0.0012618550099432468,-4.900179862976074,-5.393894672393799,0.4760828912258148,16,0.01874057948589325,0.1426616758108139,16,1.0,0.007417664863169193,0.004533946514129639,1.6360282897949219,0.09818781912326813,35.36233139038086,-0.0005477108061313746,0.001619073678739369,0.008740576915442944,0.0004721329896710813,4.2299507184645826e-07,-0.0005481338012032211,0.001191302202641964,0.0033285710960626602,0.012040185742080212,0.027600372210144997,0.0,725,3.625,0.05169796943664551,0.0005481338012032211
0.005636195186525583,0.0,168.1350555419922,0.0,7.790363788604736,2.074822187423706,0.1359599381685257,2.057774543762207,0.19299177825450897,80.92801666259766,5.135029641678557e-05,0.00558484485372901,0.002668755128979683,3.637978807091713e-12,7.599029049742967e-05,1.005446195602417,6.806642055511475,0.03604810684919357,0.0012608509277924895,-4.900662422180176,-5.394524097442627,0.4761618971824646,16,0.018739495426416397,0.14257307350635529,16,1.0,0.007414099294692278,0.004531100392341614,1.6362690925598145,0.09813382476568222,35.35007858276367,-0.000547850504517567,0.0016186953289434314,0.008746362291276455,0.00047190883196890354,4.86033968510359e-08,-0.000547899107914418,0.0011903394479304552,0.0033260518684983253,0.012044461444020271,0.027592651546001434,0.0,726,3.63,0.05169932544231415,0.000547899107914418
0.005633454769849777,0.0,168.1350555419922,0.0,7.790363788604736,2.074821710586548,0.1359599381685257,2.057774543762207,0.19299177825450897,80.92801666259766,5.139466156833805e-05,0.005582060199230909,0.0026690231170505285,-1.8189894035458565e-12,7.598155207233503e-05,1.0055257081985474,6.806589126586914,0.03605306148529053,0.0012607130920514464,-4.901144981384277,-5.395153999328613,0.47628524899482727,16,0.01873878389596939,0.14248430728912354,16,1.0,0.007410535588860512,0.0045282538048923016,1.6365106105804443,0.09807984530925751,35.33784103393555,-0.0005477573722601054,0.001618307433091104,0.00875215046107769,0.0004716856055893004,-9.022187442758386e-08,-0.0005476671503856778,0.0011902368860319257,0.0033257498871535063,0.012046735733747482,0.0275674220174551,0.0,727,3.6350000000000002,0.05170073360204697,0.0005476671503856778
0.005630717612802982,0.0,168.1350555419922,0.0,7.790363788604736,2.074822187423706,0.1359599381685257,2.057774543762207,0.19299177825450897,80.92802429199219,5.1438099035294726e-05,0.005579279735684395,0.0026693008840084076,1.8189894035458565e-12,7.596738578286022e-05,1.0056045055389404,6.80653715133667,0.03605809062719345,0.001259920303709805,-4.901627540588379,-5.3957839012146,0.4762832522392273,16,0.018737390637397766,0.14239585399627686,16,1.0,0.007406973745673895,0.004525408148765564,1.6367526054382324,0.09802588075399399,35.325599670410156,-0.0005471520125866053,0.0016178555088117719,0.008757947012782097,0.00047142093535512686,2.363231032969683e-07,-0.0005473883356899023,0.0011881499085575342,0.003324922639876604,0.012050733901560307,0.02755771577358246,0.0,728,3.64,0.05170220881700516,0.0005473883356899023
0.005627983249723911,0.0,168.1350555419922,0.0,7.790364742279053,2.074822187423706,0.1359599381685257,2.057774543762207,0.19299177825450897,80.92802429199219,5.148099080543034e-05,0.005576502066105604,0.0026695916894823313,5.4569682106375694e-12,7.594956696266308e-05,1.005683422088623,6.806485176086426,0.036063238978385925,0.0012563570635393262,-4.9021100997924805,-5.396413803100586,0.4764955937862396,16,0.01873553730547428,0.14230738580226898,16,1.0,0.00740341329947114,0.00452256528660655,1.6369942426681519,0.09797195345163345,35.31319046020508,-0.0005467329174280283,0.0016173612093552947,0.008763755671679974,0.00047112233005464077,3.390014171484332e-07,-0.0005470719188451767,0.0011887822765856981,0.003324575489386916,0.012057580053806305,0.027533622458577156,0.0,729,3.645,0.05170378461480141,0.0005470719188451767
0.005625250283628702,0.0,168.13507080078125,0.0,7.7903642654418945,2.074822187423706,0.1359599381685257,2.057774543762207,0.19299177825450897,80.92802429199219,5.152205631020479e-05,0.005573728121817112,0.002669885754585266,-1.8189894035458565e-12,7.592143811052665e-05,1.005761981010437,6.806434154510498,0.036068424582481384,0.001251094276085496,-4.90259313583374,-5.397043704986572,0.47678858041763306,16,0.01873248629271984,0.14221882820129395,16,1.0,0.007399851456284523,0.004519723821431398,1.6372352838516235,0.09791801869869232,35.30089569091797,-0.0005464535206556436,0.0016167218564078212,0.008769619278609753,0.000470732367830351,2.0029256119164039e-07,-0.0005466538132168353,0.0011918848613277078,0.0033250015694648027,0.012059229426085949,0.027503550052642822,0.0,730,3.65,0.05170537531375885,0.0005466538132168353
0.005622518714517355,0.0,168.1350555419922,0.0,7.790363788604736,2.074821710586548,0.1359599381685257,2.057774543762207,0.19299177825450897,80.92802429199219,5.156112456461415e-05,0.005570957437157631,0.0026701907627284527,-1.2732925824820995e-11,7.588215521536767e-05,1.0058401823043823,6.80638313293457,0.03607376664876938,0.0012460206635296345,-4.903076171875,-5.397673606872559,0.4768960773944855,16,0.018728109076619148,0.14213038980960846,16,1.0,0.007396291475743055,0.0045168837532401085,1.6374765634536743,0.09786409139633179,35.288455963134766,-0.0005460344254970667,0.0016159294173121452,0.008775532245635986,0.00047025340609252453,1.0116491465600539e-07,-0.0005461355904117227,0.0011918252566829324,0.0033251706045120955,0.012061789631843567,0.02748662792146206,0.0,731,3.6550000000000002,0.05170704796910286,0.0005461355904117227
0.005619789939373732,0.0,168.13507080078125,0.0,7.790364742279053,2.074821949005127,0.1359599381685257,2.057774543762207,0.19299177825450897,80.92802429199219,5.159830834600143e-05,0.005568191409111023,0.0026704934425652027,1.0913936421275139e-11,7.582991383969784e-05,1.0059183835983276,6.806332588195801,0.03607891499996185,0.0012420627754181623,-4.90355920791626,-5.398303508758545,0.47686418890953064,16,0.018722053617239,0.14204221963882446,16,1.0,0.007392732426524162,0.004514046013355255,1.637717604637146,0.09781017154455185,35.27607345581055,-0.0005457084625959512,0.001614987850189209,0.008781501092016697,0.0004696920805145055,-1.8649734557835054e-07,-0.0005455219652503729,0.0011857707286253572,0.003322525881230831,0.01205853745341301,0.02746959775686264,0.0,732,3.66,0.051708780229091644,0.0005455219652503729
0.005617061629891396,0.0,168.13507080078125,0.0,7.790364742279053,2.074822187423706,0.1359599381685257,2.057774543762207,0.19299177825450897,80.92802429199219,5.1635994168464094e-05,0.005565425846725702,0.0026707989163696766,-5.4569682106375694e-12,7.578534859931096e-05,1.0059964656829834,6.806282043457031,0.03608392924070358,0.0012454953975975513,-4.9040422439575195,-5.398932933807373,0.4764203429222107,16,0.018716983497142792,0.14195401966571808,16,1.0,0.007389175705611706,0.0045112119987607,1.6379579305648804,0.0977562889456749,35.26366424560547,-0.0005451031029224512,0.0016141212545335293,0.008787384256720543,0.00046920374734327197,-1.1402880774108361e-07,-0.0005449890741147101,0.0011860525701195002,0.0033192362170666456,0.012055262923240662,0.02745525911450386,0.0,733,3.665,0.0517105907201767,0.0005449890741147101
0.005614338908344507,0.0,168.13507080078125,0.0,7.790364742279053,2.074821949005127,0.1359599381685257,2.057774782180786,0.19299177825450897,80.92803192138672,5.1674171118065715e-05,0.005562664940953255,0.002671096008270979,-1.8189894035458565e-12,7.574303890578449e-05,1.0060741901397705,6.806231498718262,0.03608902543783188,0.0012400689302012324,-4.904524803161621,-5.399562358856201,0.47654351592063904,16,0.018712246790528297,0.14186614751815796,16,1.0,0.00738562410697341,0.0045083798468112946,1.6381992101669312,0.09770248085260391,35.25136947631836,-0.000544311478734028,0.001613288070075214,0.008793256245553493,0.0004687006294261664,1.3218959792288352e-07,-0.0005444436683319509,0.0011859950609505177,0.0033195181749761105,0.012054534628987312,0.027436720207333565,0.0,734,3.67,0.051712263375520706,0.0005444436683319509
0.005611618515104055,0.0,168.13507080078125,0.0,7.790365219116211,2.074822187423706,0.1359599381685257,2.057774543762207,0.19299177825450897,80.92803192138672,5.171066732145846e-05,0.005559907760471106,0.002671231981366873,2.9103830456733704e-11,7.569211447844282e-05,1.0061519145965576,6.806180953979492,0.03609421104192734,0.0012377087259665132,-4.905007362365723,-5.400191307067871,0.47642987966537476,16,0.01870647817850113,0.14177846908569336,16,1.0,0.0073820739053189754,0.004505551420152187,1.638439655303955,0.09764869511127472,35.2388916015625,-0.000543706119060528,0.0016123313689604402,0.008799158968031406,0.0004681389546021819,1.249136403087001e-07,-0.0005438310327008367,0.001185926957987249,0.003318724688142538,0.012055308558046818,0.02741338685154915,0.0,735,3.6750000000000003,0.05171241611242294,0.0005438310909084976
0.005608901847153902,0.0,168.13507080078125,0.0,7.790364742279053,2.074822425842285,0.1359599381685257,2.057774543762207,0.19299177825450897,80.92802429199219,5.1745948439929634e-05,0.005557155702263117,0.0026713761035352945,-7.275957614183426e-12,7.56347508286126e-05,1.0062295198440552,6.806131362915039,0.036099545657634735,0.0012320795794948936,-4.905489921569824,-5.400820255279541,0.4764583110809326,16,0.018699971958994865,0.141691192984581,16,1.0,0.0073785255663096905,0.004502725321799517,1.6386798620224,0.0975949615240097,35.22645950317383,-0.0005431473255157587,0.001611286192201078,0.008805081248283386,0.0004675131931435317,6.402842584471782e-10,-0.0005431479658000171,0.0011858924990519881,0.0033192066475749016,0.012053309939801693,0.027389399707317352,0.0,736,3.68,0.051712628453969955,0.0005431479658000171
0.005606187041848898,0.0,168.1350860595703,0.0,7.790365695953369,2.0748226642608643,0.1359599381685257,2.0577750205993652,0.19299177825450897,80.92803192138672,5.1779636123683304e-05,0.0055544073693454266,0.002671530470252037,-1.0913936421275139e-11,7.55685250624083e-05,1.0063071250915527,6.806081771850586,0.03610488772392273,0.0012336198706179857,-4.905972480773926,-5.401448726654053,0.4759320914745331,16,0.018692299723625183,0.14160382747650146,16,1.0,0.007374979089945555,0.004499902483075857,1.638919711112976,0.09754122793674469,35.213951110839844,-0.0005424022674560663,0.001610127161256969,0.008811025880277157,0.0004668499459512532,1.6181729722342976e-08,-0.0005424184491857886,0.001185511820949614,0.003315889975056052,0.012039394117891788,0.027362018823623657,0.0,737,3.685,0.05171290785074234,0.0005424184491857886
0.0056034778244793415,0.0,168.1350860595703,0.0,7.790365219116211,2.074822187423706,0.1359599381685257,2.0577750205993652,0.19299177825450897,80.92803192138672,5.1814535254379734e-05,0.005551663227379322,0.002671699272468686,-1.0913936421275139e-11,7.55112778278999e-05,1.0063843727111816,6.806031703948975,0.03611031919717789,0.0012281195959076285,-4.906454563140869,-5.402076721191406,0.4759598672389984,16,0.018685804679989815,0.14151611924171448,16,1.0,0.007371437270194292,0.004497083835303783,1.6391594409942627,0.09748757630586624,35.20133590698242,-0.000541610643267643,0.001609083847142756,0.00881689041852951,0.000466226483695209,1.2712553142352027e-07,-0.0005417377687990665,0.001185460016131401,0.003316380549222231,0.012037384323775768,0.027338335290551186,0.0,738,3.69,0.05171329528093338,0.0005417377687990665
0.005600770935416222,0.0,168.1350860595703,0.0,7.790365695953369,2.074822425842285,0.1359599381685257,2.0577750205993652,0.19299177825450897,80.92803192138672,5.184787369216792e-05,0.005548923276364803,0.0026718750596046448,1.4551915228366852e-11,7.544575782958418e-05,1.006461262702942,6.8059821128845215,0.036115869879722595,0.0012228572741150856,-4.9069366455078125,-5.402704238891602,0.4758959114551544,16,0.018678296357393265,0.14142856001853943,16,1.0,0.007367897778749466,0.0044942693784832954,1.6393983364105225,0.09743397682905197,35.188697814941406,-0.000541843473911297,0.0016079297056421638,0.008822775445878506,0.00046553995343856514,-8.577480912324567e-07,-0.0005409857258200645,0.001185423112474382,0.003316352376714349,0.012034818530082703,0.02731815166771412,0.0,739,3.6950000000000003,0.051713719964027405,0.0005409857258200645
0.005598059389740229,0.0,168.13510131835938,0.0,7.790365219116211,2.074822425842285,0.1359599381685257,2.0577750205993652,0.19299177825450897,80.92803955078125,5.187973874853924e-05,0.005546179600059986,0.0026720587629824877,-3.092281986027956e-11,7.537421333836392e-05,1.0065382719039917,6.805932521820068,0.03612150251865387,0.0012397582177072763,-4.907418251037598,-5.403331756591797,0.474537193775177,16,0.018670039251446724,0.14134137332439423,16,1.0,0.0073643634095788,0.004491456318646669,1.6396381855010986,0.09738039970397949,35.176212310791016,-0.0005411449819803353,0.001606664271093905,0.008828691206872463,0.00046487493091262877,-8.957576938088425e-07,-0.0005402492242865264,0.0011779910419136286,0.003309167455881834,0.012009142898023129,0.02731635421514511,0.0,740,3.7,0.051714181900024414,0.0005402491660788655
0.005595359485596418,0.0,168.1350860595703,0.0,7.790365695953369,2.074822187423706,0.1359599381685257,2.0577750205993652,0.19299177825450897,80.92803192138672,5.191845411900431e-05,0.005543441046029329,0.0026722531765699387,4.3655745685100555e-11,7.534027099609375e-05,1.0066149234771729,6.805881500244141,0.03612736612558365,0.001235947827808559,-4.907898426055908,-5.403958320617676,0.4746469557285309,16,0.018666179850697517,0.14125491678714752,16,1.0,0.0073608411476016045,0.004488649312406778,1.6398788690567017,0.09732703119516373,35.16365432739258,-0.0005397945642471428,0.0016059663612395525,0.00883434433490038,0.0004644591244868934,4.773028183411784e-09,-0.0005397993372753263,0.0011774925515055656,0.003307604230940342,0.012008676305413246,0.02729208767414093,0.0,741,3.705,0.0517147034406662,0.0005397993954829872
0.005592661444097757,0.0,168.1350860595703,0.0,7.790365695953369,2.074822425842285,0.1359599381685257,2.0577750205993652,0.19299177825450897,80.92803955078125,5.195691846893169e-05,0.005540704354643822,0.0026724631898105145,1.4551915228366852e-11,7.53048516344279e-05,1.006691575050354,6.805830001831055,0.03613319993019104,0.0012371778720989823,-4.908378601074219,-5.404584884643555,0.4744112193584442,16,0.0186619870364666,0.14116832613945007,16,1.0,0.007357319816946983,0.004485843703150749,1.6401195526123047,0.09727365523576736,35.1510009765625,-0.0005396548658609505,0.0016052707796916366,0.008839961141347885,0.0004640644765459001,-2.8556678445296364e-07,-0.0005393692990764976,0.0011753221042454243,0.003302249824628234,0.012004510499536991,0.02727324515581131,0.0,742,3.71,0.05171532928943634,0.0005393692990764976
0.005589962936937809,0.0,168.13510131835938,0.0,7.790366172790527,2.074822425842285,0.1359599381685257,2.0577752590179443,0.19299177825450897,80.92803955078125,5.1996554248034954e-05,0.005537966266274452,0.002672678092494607,-1.0913936421275139e-11,7.527905836468562e-05,1.006767988204956,6.805779457092285,0.03613918647170067,0.0012361066183075309,-4.908858776092529,-5.405210971832275,0.4744299054145813,16,0.01865907944738865,0.14108166098594666,16,1.0,0.007353801280260086,0.004483042284846306,1.6403595209121704,0.09722035378217697,35.13836669921875,-0.0005396082997322197,0.0016046897508203983,0.0088454969227314,0.00046372407814487815,-6.051850505288132e-07,-0.0005390031146816909,0.0011716034496203065,0.003299621632322669,0.012002433650195599,0.027262115851044655,0.0,743,3.715,0.05171598494052887,0.0005390031146816909
0.005587265361100435,0.0,168.13510131835938,0.0,7.790366172790527,2.0748226642608643,0.1359599381685257,2.0577750205993652,0.19299177825450897,80.92803955078125,5.20380781381391e-05,0.005535227246582508,0.002672905335202813,2.7284841053187847e-11,7.526764966314659e-05,1.0068442821502686,6.805728435516357,0.03614519163966179,0.0012430065544322133,-4.90933895111084,-5.405837059020996,0.4741489589214325,16,0.01865791715681553,0.14099496603012085,16,1.0,0.007350284140557051,0.004480242729187012,1.6405994892120361,0.09716705977916718,35.1256217956543,-0.0005389563739299889,0.0016042846255004406,0.008850924670696259,0.0004635206132661551,-1.6810372472958642e-07,-0.0005387882702052593,0.0011711885454133153,0.0032956120558083057,0.012000524438917637,0.02723725512623787,0.0,744,3.72,0.05171671509742737,0.0005387882702052593
0.005584573373198509,0.0,168.13510131835938,0.0,7.790366172790527,2.074822425842285,0.1359599381685257,2.0577750205993652,0.19299177825450897,80.92803955078125,5.208084621699527e-05,0.00553249241784215,0.002673138864338398,1.0913936421275139e-11,7.526181434514001e-05,1.006920337677002,6.805677890777588,0.03615136444568634,0.0012501813471317291,-4.90981912612915,-5.406463146209717,0.4739227592945099,16,0.018657295033335686,0.14090895652770996,16,1.0,0.007346768397837877,0.004477445036172867,1.6408394575119019,0.09711386263370514,35.113059997558594,-0.0005383510142564888,0.0016039853217080235,0.008856297470629215,0.00046337838284671307,2.8917565940661354e-07,-0.0005386401899158955,0.0011661765165627003,0.0032895023468881845,0.01200167927891016,0.02721821516752243,0.0,745,3.725,0.051717497408390045,0.0005386401899158955
0.0055818818509578705,0.0,168.13510131835938,0.0,7.7903666496276855,2.0748226642608643,0.1359599381685257,2.0577750205993652,0.19299177825450897,80.92803955078125,5.2126459195278585e-05,0.005529755260795355,0.0026733821723610163,5.4569682106375694e-12,7.527561683673412e-05,1.0069961547851562,6.805627822875977,0.03615754842758179,0.001247562700882554,-4.910299301147461,-5.4070892333984375,0.47447216510772705,16,0.018659183755517006,0.14082197844982147,16,1.0,0.007343254052102566,0.004474648740142584,1.6410794258117676,0.09706069529056549,35.100189208984375,-0.0005383510142564888,0.0016039398033171892,0.008861527778208256,0.00046334537910297513,2.699671313051693e-07,-0.000538620981387794,0.0011669991072267294,0.0032893421594053507,0.01201176829636097,0.027192799374461174,0.0,746,3.73,0.051718343049287796,0.000538620981387794
0.0055791898630559444,0.0,168.13510131835938,0.0,7.790366172790527,2.0748226642608643,0.1359599381685257,2.0577752590179443,0.19299177825450897,80.92803955078125,5.217028592596762e-05,0.005527019500732422,0.002673633862286806,2.9103830456733704e-11,7.527881825808436e-05,1.007071614265442,6.805578231811523,0.03616385906934738,0.001243378035724163,-4.91077995300293,-5.407716274261475,0.4749371111392975,16,0.018659794703125954,0.14073538780212402,16,1.0,0.00733973877504468,0.004471850115805864,1.6413203477859497,0.09700749814510345,35.087379455566406,-0.000538118183612835,0.0016037537716329098,0.008866810239851475,0.00046322334674187005,3.839377313737385e-07,-0.0005385021213442087,0.0011668875813484192,0.0032892252784222364,0.012019428424537182,0.027183767408132553,0.0,747,3.735,0.05171925202012062,0.0005385021795518696
0.005576500669121742,0.0,168.13511657714844,0.0,7.7903666496276855,2.0748226642608643,0.1359599381685257,2.0577754974365234,0.19299177825450897,80.92803955078125,5.221249011810869e-05,0.005524288397282362,0.0026738950982689857,-1.8189894035458565e-11,7.527212437707931e-05,1.0071468353271484,6.805528163909912,0.036170247942209244,0.0012374510988593102,-4.911261081695557,-5.408343315124512,0.4754568040370941,16,0.018659235909581184,0.14064893126487732,16,1.0,0.00733622070401907,0.004469053354114294,1.6415603160858154,0.09695427864789963,35.07460021972656,-0.000538118183612835,0.0016034309519454837,0.00887215230613947,0.0004630163894034922,1.703156158213131e-07,-0.0005382884992286563,0.0011668669758364558,0.0032896294724196196,0.01202934980392456,0.027163678780198097,0.0,748,3.74,0.051720231771469116,0.0005382884992286563
0.005573808681219816,0.0,168.13511657714844,0.0,7.7903666496276855,2.0748226642608643,0.1359599381685257,2.0577752590179443,0.19299177825450897,80.92804718017578,5.2252486057113856e-05,0.0055215563625097275,0.0026741642504930496,-9.094947017729282e-12,7.525345426984131e-05,1.0072221755981445,6.805480003356934,0.036176685243844986,0.0012352354824543,-4.911742687225342,-5.408970832824707,0.47560593485832214,16,0.018657231703400612,0.140562504529953,16,1.0,0.007332701236009598,0.0044662561267614365,1.6418004035949707,0.09690102189779282,35.06167221069336,-0.0005378853529691811,0.001602937700226903,0.008877549320459366,0.000462724274257198,9.237555785818023e-08,-0.0005379777285270393,0.0011667674407362938,0.003288570325821638,0.012035845778882504,0.027153190225362778,0.0,749,3.745,0.05172128230333328,0.0005379777285270393
0.0055711218155920506,0.0,168.13511657714844,0.0,7.790366172790527,2.0748226642608643,0.1359599381685257,2.0577750205993652,0.19299177825450897,80.92803955078125,5.229108137427829e-05,0.005518830846995115,0.002674438524991274,-9.094947017729282e-12,7.522675878135487e-05,1.0072969198226929,6.805432319641113,0.03618324548006058,0.0012300059897825122,-4.912224292755127,-5.409598350524902,0.47587084770202637,16,0.018654339015483856,0.14047610759735107,16,1.0,0.007329184096306562,0.004463460762053728,1.6420406103134155,0.0968477874994278,35.04889678955078,-0.0005372334271669503,0.0016023253556340933,0.00888300035148859,0.0004623525310307741,3.458699211363308e-07,-0.0005375792970880866,0.0011667793150991201,0.0032892408780753613,0.012041510082781315,0.027136536315083504,0.0,750,3.75,0.051722366362810135,0.0005375792970880866
0.005568436346948147,0.0,168.13511657714844,0.0,7.7903666496276855,2.0748229026794434,0.1359599381685257,2.0577754974365234,0.19299177825450897,80.92805480957031,5.232767216512002e-05,0.005516108591109514,0.002674724208191037,7.275957614183426e-12,7.518755592172965e-05,1.0073719024658203,6.805385112762451,0.03618992492556572,0.0012268973514437675,-4.91270637512207,-5.410225868225098,0.475796639919281,16,0.018649866804480553,0.14038985967636108,16,1.0,0.007325664162635803,0.004460666794329882,1.642280101776123,0.09679454565048218,35.03606033325195,-0.0005369540303945656,0.0016015541041269898,0.00888850912451744,0.00046189717249944806,1.3067619873924179e-07,-0.0005370847065933049,0.0011645639315247536,0.0032877225894480944,0.012036376632750034,0.027139106765389442,0.0,751,3.755,0.05172353982925415,0.0005370847065933049
0.005565752275288105,0.0,168.13511657714844,0.0,7.7903666496276855,2.0748226642608643,0.1359599381685257,2.0577754974365234,0.19299177825450897,80.92804718017578,5.236401193542406e-05,0.005513388197869062,0.002675021067261696,0.0,7.514829485444352e-05,1.0074467658996582,6.805337905883789,0.036196641623973846,0.0012296494096517563,-4.913188457489014,-5.410853385925293,0.47551900148391724,16,0.01864551566541195,0.1403035819530487,16,1.0,0.0073221465572714806,0.0044578746892511845,1.6425195932388306,0.09674132615327835,35.02315902709961,-0.0005367211997509118,0.0016007436206564307,0.00889405608177185,0.00046144460793584585,-1.282896846647747e-07,-0.000536592910066247,0.0011645518243312836,0.0032864846289157867,0.0120272571220994,0.027109380811452866,0.0,752,3.7600000000000002,0.05172479897737503,0.000536592910066247
0.005563069134950638,0.0,168.13511657714844,0.0,7.7903666496276855,2.0748226642608643,0.1359599381685257,2.0577752590179443,0.19299177825450897,80.92804718017578,5.2400795539142564e-05,0.005510668270289898,0.002675324212759733,2.1827872842550278e-11,7.511012518079951e-05,1.007521390914917,6.805290222167969,0.036203429102897644,0.0012314559426158667,-4.913670063018799,-5.41148042678833,0.4752780497074127,16,0.018641147762537003,0.14021728932857513,16,1.0,0.007318633608520031,0.004455086775124073,1.6427589654922485,0.0966881811618805,35.01018142700195,-0.0005362089723348731,0.0015999795868992805,0.008899564854800701,0.00046101369662210345,-8.515780792778694e-08,-0.0005361238145269454,0.0011640946613624692,0.0032833274453878403,0.012021593749523163,0.027088386937975883,0.0,753,3.765,0.0517260767519474,0.0005361238145269454
0.005560390185564756,0.0,168.13511657714844,0.0,7.790367126464844,2.0748229026794434,0.1359599381685257,2.0577757358551025,0.19299177825450897,80.92804718017578,5.243871783022769e-05,0.005507951602339745,0.0026756387669593096,-9.094947017729282e-12,7.507991540478542e-05,1.0075957775115967,6.805242538452148,0.0362103208899498,0.0012295669876039028,-4.914151668548584,-5.412107467651367,0.47534462809562683,16,0.018637824803590775,0.14013081789016724,16,1.0,0.007315122988075018,0.0044523002579808235,1.6429985761642456,0.09663509577512741,34.997127532958984,-0.0005355570465326423,0.0015993141569197178,0.008905019611120224,0.00046062629553489387,1.4918623490983284e-07,-0.0005357062327675521,0.001163833192549646,0.003282789606601,0.012018721550703049,0.027066264301538467,0.0,754,3.77,0.05172744393348694,0.0005357062327675521
0.0055577135644853115,0.0,168.1351318359375,0.0,7.790367126464844,2.0748231410980225,0.1359599381685257,2.0577754974365234,0.19299177825450897,80.92805480957031,5.247598164714873e-05,0.005505237728357315,0.00267596123740077,0.0,7.504586392315105e-05,1.0076701641082764,6.805195331573486,0.03621729463338852,0.001226467196829617,-4.914633750915527,-5.412734508514404,0.47543448209762573,16,0.018634019419550896,0.14004462957382202,16,1.0,0.007311610039323568,0.004449515137821436,1.6432374715805054,0.09658202528953552,34.98418426513672,-0.0005350448191166038,0.0015986035577952862,0.00891047902405262,0.00046020810259506106,2.0914012565070427e-07,-0.0005352539592422545,0.001161979278549552,0.0032821560744196177,0.012016737833619118,0.027050551027059555,0.0,755,3.775,0.051728859543800354,0.0005352539592422545
0.0055550397373735905,0.0,168.13514709472656,0.0,7.790367126464844,2.0748229026794434,0.1359599381685257,2.0577757358551025,0.19299177825450897,80.92805480957031,5.251290713204071e-05,0.005502526648342609,0.00267629511654377,1.8189894035458565e-12,7.501129584852606e-05,1.0077440738677979,6.805147647857666,0.036224398761987686,0.0012217150069773197,-4.915115833282471,-5.413361549377441,0.4755997359752655,16,0.01863015443086624,0.13995888829231262,16,1.0,0.007308098953217268,0.004446732345968485,1.6434762477874756,0.09652897715568542,34.97117614746094,-0.0005346257239580268,0.0015978862065821886,0.008915907703340054,0.00045977861736901104,1.6420381142550743e-07,-0.0005347899277694523,0.001162002794444561,0.0032821777276694775,0.012021644972264767,0.027033625170588493,0.0,756,3.7800000000000002,0.05173035338521004,0.0005347899277694523
0.005552367307245731,0.0,168.13514709472656,0.0,7.79036808013916,2.0748231410980225,0.1359599381685257,2.0577757358551025,0.19299177825450897,80.92805480957031,5.254797724774107e-05,0.005499819293618202,0.002676639473065734,2.7284841053187847e-11,7.496563193853945e-05,1.0078179836273193,6.805100917816162,0.036231547594070435,0.0012180106714367867,-4.915597915649414,-5.4139885902404785,0.4755580723285675,16,0.01862492971122265,0.13987259566783905,16,1.0,0.007304589729756117,0.004443951416760683,1.6437150239944458,0.09647592902183533,34.9581184387207,-0.0005341600626707191,0.0015970193780958652,0.008921392261981964,0.00045926671009510756,7.22939148431424e-08,-0.0005342323565855622,0.001158003113232553,0.0032811840064823627,0.01202340703457594,0.027027705684304237,0.0,757,3.785,0.051731936633586884,0.0005342323565855622
0.005549698136746883,0.0,168.13514709472656,0.0,7.790367603302002,2.0748229026794434,0.1359599381685257,2.0577752590179443,0.19299177825450897,80.92805480957031,5.258215242065489e-05,0.005497116129845381,0.0026769230607897043,1.2732925824820995e-11,7.491479482268915e-05,1.0078917741775513,6.805054187774658,0.03623667359352112,0.001215254538692534,-4.916079998016357,-5.414615154266357,0.475432425737381,16,0.018619077280163765,0.1397870033979416,16,1.0,0.007301081903278828,0.004441173747181892,1.6439532041549683,0.09642292559146881,34.944984436035156,-0.0005334615707397575,0.0015960829332470894,0.008926897309720516,0.0004587193834595382,1.7258571459704674e-07,-0.0005336341564543545,0.0011549415066838264,0.0032795940060168505,0.012016489170491695,0.027020331472158432,0.0,758,3.79,0.05173354968428612,0.0005336341564543545
0.005547032691538334,0.0,168.13516235351562,0.0,7.79036808013916,2.0748229026794434,0.1359599381685257,2.0577754974365234,0.19299177825450897,80.92805480957031,5.2617113396991044e-05,0.005494415760040283,0.0026772175915539265,5.4569682106375694e-12,7.487021503038704e-05,1.0079654455184937,6.805007457733154,0.03624194860458374,0.0012104751076549292,-4.916561603546143,-5.415241241455078,0.475502073764801,16,0.018614018335938454,0.1397015005350113,16,1.0,0.007297579199075699,0.0044384002685546875,1.6441912651062012,0.09636997431516647,34.93192672729492,-0.0005328562110662574,0.0015952285612002015,0.008932339027523994,0.00045821102685295045,2.2503081708008087e-07,-0.0005330812418833375,0.001151018077507615,0.0032793721184134483,0.01201850175857544,0.02701057307422161,0.0,759,3.795,0.051735229790210724,0.0005330812418833375
0.005544369574636221,0.0,168.13514709472656,0.0,7.790367126464844,2.0748229026794434,0.1359599381685257,2.0577759742736816,0.19299177825450897,80.92805480957031,5.265095387585461e-05,0.005491718649864197,0.002677522599697113,-1.8189894035458565e-12,7.482117507606745e-05,1.008038878440857,6.804960250854492,0.036247171461582184,0.0012108313385397196,-4.917043209075928,-5.415867328643799,0.47522956132888794,16,0.01860840991139412,0.13961586356163025,16,1.0,0.007294078357517719,0.004435628652572632,1.6444294452667236,0.09631702303886414,34.918827056884766,-0.0005323905497789497,0.0015942991012707353,0.008937785401940346,0.00045768002746626735,1.1065276338511742e-07,-0.0005325012025423348,0.0011570643400773406,0.0032777865417301655,0.012013542465865612,0.02698383294045925,0.0,760,3.8000000000000003,0.051736995577812195,0.0005325012025423348
0.0055417087860405445,0.0,168.13514709472656,0.0,7.790367603302002,2.0748226642608643,0.1359599381685257,2.0577757358551025,0.19299177825450897,80.92805480957031,5.2684084948850796e-05,0.0054890247993171215,0.0026778155006468296,1.8189894035458565e-11,7.476647442672402e-05,1.0081124305725098,6.804913520812988,0.03625250235199928,0.00120620580855757,-4.917524814605713,-5.416492938995361,0.4752282500267029,16,0.018602166324853897,0.1395302712917328,16,1.0,0.007290578912943602,0.004432860296219587,1.6446670293807983,0.09626413881778717,34.90559387207031,-0.0005319714546203727,0.0015932933893054724,0.008943283930420876,0.0004570865712594241,-1.1839438230937683e-07,-0.0005318530602380633,0.0011571034556254745,0.003277951618656516,0.012010004371404648,0.026971088722348213,0.0,761,3.805,0.05173863470554352,0.0005318530602380633
0.005539049860090017,0.0,168.13516235351562,0.0,7.790367603302002,2.0748229026794434,0.1359599381685257,2.0577759742736816,0.19299177825450897,80.92805480957031,5.271583722787909e-05,0.005486334208399057,0.002678056014701724,-1.2732925824820995e-11,7.470215496141464e-05,1.008185863494873,6.804867744445801,0.03625796362757683,0.0012047586496919394,-4.918006420135498,-5.417118549346924,0.47489577531814575,16,0.01859462447464466,0.13944488763809204,16,1.0,0.007287081331014633,0.004430094268172979,1.644904375076294,0.09621128439903259,34.89234161376953,-0.0005313195288181418,0.0015921777812764049,0.00894881971180439,0.000456441193819046,-1.7619458959634154e-07,-0.0005311433342285454,0.001154623576439917,0.00327477534301579,0.01200042013078928,0.02696249447762966,0.0,762,3.81,0.05173975229263306,0.0005311433342285454
0.005536395590752363,0.0,168.13516235351562,0.0,7.790367603302002,2.0748231410980225,0.1359599381685257,2.0577759742736816,0.19299177825450897,80.92805480957031,5.274916475173086e-05,0.005483646411448717,0.002678283490240574,7.275957614183426e-12,7.465108501492068e-05,1.0082591772079468,6.804821014404297,0.03626347333192825,0.0012036481639370322,-4.918487548828125,-5.417743682861328,0.474683940410614,16,0.018588872626423836,0.13935977220535278,16,1.0,0.007283588871359825,0.00442733196541667,1.645141839981079,0.0961584821343422,34.879249572753906,-0.0005305279046297186,0.0015912044327706099,0.008954273536801338,0.0004558815562631935,4.714820522715157e-09,-0.0005305326194502413,0.0011546277673915029,0.003274946939200163,0.01199277676641941,0.026940157637000084,0.0,763,3.815,0.051740482449531555,0.0005305326194502413
0.00553374458104372,0.0,168.13516235351562,0.0,7.790367603302002,2.0748231410980225,0.1359599381685257,2.0577759742736816,0.19299177825450897,80.92805480957031,5.278199023450725e-05,0.005480962805449963,0.002678503282368183,-7.275957614183426e-12,7.459718472091481e-05,1.0083324909210205,6.804774284362793,0.036269113421440125,0.0012006189208477736,-4.918968677520752,-5.418368339538574,0.4746337831020355,16,0.018582722172141075,0.1392747163772583,16,1.0,0.007280098274350166,0.0044245729222893715,1.6453787088394165,0.09610573947429657,34.866004943847656,-0.0005298759788274878,0.001590206054970622,0.008959711529314518,0.0004553006147034466,2.1827872831274575e-08,-0.000529897806700319,0.0011546447640284896,0.0032747755758464336,0.011989747174084187,0.02691851183772087,0.0,764,3.8200000000000003,0.05174091458320618,0.000529897806700319
0.0055310968309640884,0.0,168.13514709472656,0.0,7.790367603302002,2.0748229026794434,0.1359599381685257,2.0577757358551025,0.19299177825450897,80.92805480957031,5.2813942602369934e-05,0.005478282924741507,0.0026787319220602512,-3.637978807091713e-12,7.454037404386327e-05,1.0084054470062256,6.804727554321289,0.03627491742372513,0.0012021848233416677,-4.919449806213379,-5.41899299621582,0.47424012422561646,16,0.018576275557279587,0.13918989896774292,16,1.0,0.007276609074324369,0.004421816673129797,1.6456152200698853,0.09605304896831512,34.85272216796875,-0.0005292706191539877,0.0015891478396952152,0.00896515417844057,0.00045470433542504907,-2.59024091177687e-08,-0.00052924471674487,0.0011546746827661991,0.0032740943133831024,0.011982900090515614,0.02688712812960148,0.0,765,3.825,0.051741380244493484,0.00052924471674487
0.0055284518748521805,0.0,168.13516235351562,0.0,7.79036808013916,2.0748231410980225,0.1359599381685257,2.0577759742736816,0.19299177825450897,80.92806243896484,5.2845727623207495e-05,0.005475606303662062,0.0026789680123329163,-9.094947017729282e-12,7.448041287716478e-05,1.0084781646728516,6.804681301116943,0.036280691623687744,0.0011985849123448133,-4.919930458068848,-5.419617176055908,0.47416675090789795,16,0.018569299951195717,0.13910463452339172,16,1.0,0.007273124996572733,0.004419063217937946,1.6458522081375122,0.09600040316581726,34.83940124511719,-0.0005285721272230261,0.0015880867140367627,0.008970577269792557,0.00045408454025164247,-7.159542303632194e-09,-0.0005285649676807225,0.0011508978204801679,0.0032724763732403517,0.011981246992945671,0.026875237002968788,0.0,766,3.83,0.05174193158745766,0.0005285649676807225
0.005525811109691858,0.0,168.13516235351562,0.0,7.790368556976318,2.0748231410980225,0.1359599381685257,2.0577759742736816,0.19299177825450897,80.92806243896484,5.287764361128211e-05,0.005472933407872915,0.0026792152784764767,-9.094947017729282e-12,7.442397327395156e-05,1.0085508823394775,6.804635047912598,0.03628656268119812,0.0011959020048379898,-4.920411109924316,-5.420240879058838,0.47399285435676575,16,0.018562817946076393,0.13901996612548828,16,1.0,0.007269642315804958,0.004416313953697681,1.6460882425308228,0.09594780951738358,34.82611846923828,-0.0005278736352920645,0.0015870548086240888,0.008975960314273834,0.0004534856998361647,3.603054209416062e-08,-0.0005279096658341587,0.001150886993855238,0.0032719774171710014,0.011979673057794571,0.026860035955905914,0.0,767,3.835,0.0517425462603569,0.0005279096658341587
0.00552317313849926,0.0,168.13516235351562,0.0,7.790367603302002,2.0748231410980225,0.1359599381685257,2.0577762126922607,0.19299177825450897,80.92806243896484,5.290863191476092e-05,0.005470264703035355,0.0026794697623699903,-1.2732925824820995e-11,7.436374289682135e-05,1.0086236000061035,6.804588794708252,0.03629255294799805,0.0011976425303146243,-4.920891284942627,-5.420864105224609,0.47348615527153015,16,0.018555980175733566,0.13893510401248932,16,1.0,0.007266165688633919,0.004413568414747715,1.6463245153427124,0.09589526057243347,34.81276321411133,-0.0005272682756185644,0.0015859468840062618,0.008981369435787201,0.0004528631397988647,-4.138564692075103e-08,-0.0005272268899716437,0.0011496709194034338,0.0032714377157390118,0.011967075057327747,0.026840010657906532,0.0,768,3.84,0.05174320191144943,0.0005272268899716437
0.005520538426935673,0.0,168.1351776123047,0.0,7.790368556976318,2.0748231410980225,0.1359599381685257,2.0577762126922607,0.19299177825450897,80.92806243896484,5.29410935996566e-05,0.005467597395181656,0.002679737750440836,3.637978807091713e-12,7.4312265496701e-05,1.0086960792541504,6.80454158782959,0.03629862517118454,0.0011957354145124555,-4.921370983123779,-5.421486854553223,0.4733453691005707,16,0.018550146371126175,0.138850599527359,16,1.0,0.007262693252414465,0.004410827066749334,1.6465604305267334,0.09584279358386993,34.799312591552734,-0.0005267560482025259,0.0015849738847464323,0.00898669846355915,0.00045230326941236854,-1.4051329345638602e-07,-0.0005266155349090695,0.001148957759141922,0.0032715690322220325,0.011960756033658981,0.026822170242667198,0.0,769,3.845,0.051743943244218826,0.0005266155349090695
0.005517905578017235,0.0,168.1351776123047,0.0,7.790369033813477,2.0748229026794434,0.1359599381685257,2.0577759742736816,0.19299177825450897,80.92807006835938,5.29735152667854e-05,0.005464931949973106,0.00268001202493906,3.637978807091713e-12,7.426216325256974e-05,1.0087683200836182,6.804495334625244,0.03630482032895088,0.001201625564135611,-4.921850681304932,-5.422109603881836,0.47265785932540894,16,0.018544452264904976,0.13876605033874512,16,1.0,0.007259223144501448,0.004408087115734816,1.646796703338623,0.09579037129878998,34.78598403930664,-0.0005262438207864873,0.0015840112464502454,0.00899200327694416,0.00045177811989560723,-2.035521902255628e-07,-0.0005260402685962617,0.0011475194478407502,0.0032691804226487875,0.011950397863984108,0.026806456968188286,0.0,770,3.85,0.051744699478149414,0.0005260402685962617
0.005515275988727808,0.0,168.13519287109375,0.0,7.790369510650635,2.0748233795166016,0.1359599381685257,2.05777645111084,0.19299177825450897,80.92807006835938,5.3008119721198454e-05,0.005462267901748419,0.0026802471838891506,1.2732925824820995e-11,7.422646012855694e-05,1.0088403224945068,6.80444860458374,0.036311134696006775,0.0012028809869661927,-4.922329425811768,-5.422731876373291,0.47229769825935364,16,0.018540581688284874,0.13868169486522675,16,1.0,0.007255760952830315,0.004405350890010595,1.6470335721969604,0.09573806822299957,34.77239227294922,-0.0005256384611129872,0.0015832338249310851,0.008997219614684582,0.00045134281390346587,-6.920890883728003e-08,-0.00052556925220415,0.0011531785130500793,0.0032700737938284874,0.011949829757213593,0.02678617089986801,0.0,771,3.855,0.051744744181632996,0.00052556925220415
0.005512649193406105,0.0,168.1351776123047,0.0,7.790369510650635,2.0748231410980225,0.1359599381685257,2.0577759742736816,0.19299177825450897,80.92807006835938,5.3040741477161646e-05,0.005459608510136604,0.002680463483557105,-1.8189894035458565e-12,7.417603046633303e-05,1.0089126825332642,6.8044023513793945,0.03631746396422386,0.0011995851527899504,-4.922807693481445,-5.423353672027588,0.4722312092781067,16,0.01853480376303196,0.13859747350215912,16,1.0,0.007252304349094629,0.0044026183895766735,1.647270679473877,0.09568582475185394,34.759037017822266,-0.0005248468369245641,0.0015822871355339885,0.009002508595585823,0.0004507942940108478,1.2351665644721056e-07,-0.0005249703535810113,0.0011532062198966742,0.0032697892747819424,0.011951187625527382,0.026764867827296257,0.0,772,3.86,0.05174442380666733,0.0005249703535810113
0.0055100275203585625,0.0,168.1351776123047,0.0,7.790369033813477,2.0748233795166016,0.1359599381685257,2.0577759742736816,0.19299177825450897,80.92807006835938,5.3071940783411264e-05,0.005456955637782812,0.0026806886307895184,-1.6370904631912708e-11,7.411853584926575e-05,1.0089845657348633,6.804356098175049,0.036323897540569305,0.0011992249637842178,-4.923285961151123,-5.423974990844727,0.47173264622688293,16,0.01852826587855816,0.1385127753019333,16,1.0,0.007248849142342806,0.0043998900800943375,1.647506833076477,0.0956336259841919,34.745418548583984,-0.0005241949111223332,0.0015812198398634791,0.009007847867906094,0.000450188759714365,1.1239899321273828e-07,-0.000524307310115546,0.001153063029050827,0.003269792767241597,0.011935695074498653,0.026759140193462372,0.0,773,3.865,0.051744189113378525,0.000524307310115546
0.005507407244294882,0.0,168.1351776123047,0.0,7.790369510650635,2.0748233795166016,0.1359599381685257,2.0577762126922607,0.19299177825450897,80.92807006835938,5.310297274263576e-05,0.005454304162412882,0.002680922858417034,3.637978807091713e-12,7.405850919894874e-05,1.009056568145752,6.804309368133545,0.036330416798591614,0.0011953219072893262,-4.923763751983643,-5.424595832824707,0.4716075658798218,16,0.018521277233958244,0.13842862844467163,16,1.0,0.007245399057865143,0.0043971654959023,1.6477431058883667,0.09558150172233582,34.73195266723633,-0.000523636117577564,0.0015801509143784642,0.009013166651129723,0.0004495671018958092,-1.0477378975591416e-08,-0.0005236256401985884,0.0011486172443255782,0.0032686505001038313,0.011929371394217014,0.026757169514894485,0.0,774,3.87,0.051743991672992706,0.0005236256401985884
0.005504791159182787,0.0,168.1352081298828,0.0,7.790369987487793,2.0748236179351807,0.1359599381685257,2.05777645111084,0.19299177825450897,80.92807006835938,5.3133935580262914e-05,0.005451657343655825,0.0026811680290848017,2.3646862246096134e-11,7.39997485652566e-05,1.0091283321380615,6.804263114929199,0.036337025463581085,0.001190664479508996,-4.924241065979004,-5.425216197967529,0.4716079533100128,16,0.018514499068260193,0.13834473490715027,16,1.0,0.007241953630000353,0.0043944441713392735,1.6479793787002563,0.09552942216396332,34.718360900878906,-0.0005229376256466024,0.0015790900215506554,0.009018460288643837,0.00044894905295223,1.117587088421846e-08,-0.0005229488015174866,0.0011466178111732006,0.003268616972491145,0.011926860548555851,0.026737263426184654,0.0,775,3.875,0.05174386873841286,0.0005229488015174866
0.005502177868038416,0.0,168.13519287109375,0.0,7.790369510650635,2.0748233795166016,0.1359599381685257,2.0577759742736816,0.19299177825450897,80.92807006835938,5.3164007113082334e-05,0.005449013784527779,0.002681358717381954,-2.7284841053187847e-11,7.393799751298502e-05,1.009200096130371,6.804216384887695,0.036342840641736984,0.001188668655231595,-4.924718379974365,-5.425836563110352,0.47144201397895813,16,0.018507366999983788,0.1382611095905304,16,1.0,0.0072385105304419994,0.004391724709421396,1.648215889930725,0.09547735750675201,34.70484924316406,-0.0005225185304880254,0.0015779788373038173,0.009023737162351608,0.0004483134835027158,-2.6705674828215575e-07,-0.0005222514737397432,0.0011479173554107547,0.0032680495642125607,0.011918539181351662,0.026707464829087257,0.0,776,3.88,0.05174383521080017,0.0005222514737397432
0.005499565973877907,0.0,168.13519287109375,0.0,7.790369033813477,2.0748233795166016,0.1359599381685257,2.05777645111084,0.19299177825450897,80.92807006835938,5.3193791245575994e-05,0.005446372088044882,0.0026815517339855433,3.637978807091713e-12,7.38756061764434e-05,1.0092716217041016,6.804169654846191,0.03634873032569885,0.0011905668070539832,-4.925195693969727,-5.426456451416016,0.4709036350250244,16,0.01850012317299843,0.13817769289016724,16,1.0,0.007235068827867508,0.004389009438455105,1.6484514474868774,0.09542535245418549,34.69127655029297,-0.0005218200385570638,0.0015768613666296005,0.009028990752995014,0.0004476897302083671,-2.5471672416850066e-07,-0.0005215653218328953,0.001146591384895146,0.0032657794654369354,0.011905070394277573,0.02669280208647251,0.0,777,3.8850000000000002,0.05174385383725166,0.0005215653218328953
0.005496959667652845,0.0,168.13519287109375,0.0,7.790369510650635,2.0748233795166016,0.1359599381685257,2.05777645111084,0.19299177825450897,80.92807006835938,5.3225463489070535e-05,0.0054437341168522835,0.0026817508041858673,2.1827872842550278e-11,7.382474723272026e-05,1.0093427896499634,6.804122447967529,0.0363546647131443,0.001187872956506908,-4.92567253112793,-5.4270758628845215,0.47083380818367004,16,0.018494239076972008,0.13809414207935333,16,1.0,0.0072316317819058895,0.0043862974271178246,1.6486870050430298,0.09537344425916672,34.677650451660156,-0.0005208421498537174,0.001575915957801044,0.009034146554768085,0.0004471443535294384,1.2695090844121355e-07,-0.0005209691007621586,0.0011492696357890964,0.003264795523136854,0.011897437274456024,0.026669416576623917,0.0,778,3.89,0.05174389109015465,0.0005209691007621586
0.00549435755237937,0.0,168.1352081298828,0.0,7.790369510650635,2.0748233795166016,0.1359599381685257,2.05777645111084,0.19299177825450897,80.92807006835938,5.325639358488843e-05,0.0054411012679338455,0.0026819626800715923,-1.0913936421275139e-11,7.377154543064535e-05,1.0094139575958252,6.804075241088867,0.03636069595813751,0.0011838647769764066,-4.926149368286133,-5.427694797515869,0.4708080589771271,16,0.018488185480237007,0.13801099359989166,16,1.0,0.007228197064250708,0.00438358960673213,1.6489219665527344,0.09532155841588974,34.664058685302734,-0.000520097091794025,0.0015749175800010562,0.009039310738444328,0.0004465646925382316,2.3911707102146525e-07,-0.0005203362088650465,0.0011493092169985175,0.003265856299549341,0.011897766962647438,0.026652514934539795,0.0,779,3.895,0.05174402892589569,0.0005203362088650465
0.005491758696734905,0.0,168.13522338867188,0.0,7.790369987487793,2.0748238563537598,0.1359599381685257,2.057776689529419,0.19299177825450897,80.92808532714844,5.32857229700312e-05,0.005438473075628281,0.002682180143892765,-3.092281986027956e-11,7.370882667601109e-05,1.009484887123108,6.804028511047363,0.03636682778596878,0.0011792350560426712,-4.926626205444336,-5.428313732147217,0.47080105543136597,16,0.018480975180864334,0.13792778551578522,16,1.0,0.0072247632779181,0.00438088271766901,1.649156928062439,0.09526971727609634,34.65043640136719,-0.000519491732120525,0.0015737885842099786,0.009044520556926727,0.000445909914560616,1.270673237630405e-07,-0.000519618799444288,0.001149355317465961,0.0032667203340679407,0.011894911527633667,0.026628734543919563,0.0,780,3.9,0.05174420773983002,0.0005196187412366271
0.005489162635058165,0.0,168.13522338867188,0.0,7.790369987487793,2.0748236179351807,0.1359599381685257,2.05777645111084,0.19299177825450897,80.92808532714844,5.331374268280342e-05,0.0054358490742743015,0.0026824092492461205,0.0,7.363928307313472e-05,1.0095558166503906,6.803981781005859,0.03637301176786423,0.0011750792618840933,-4.927102565765381,-5.428932189941406,0.47063013911247253,16,0.018472906202077866,0.13784456253051758,16,1.0,0.007221335545182228,0.004378180485218763,1.6493918895721436,0.09521788358688354,34.63677215576172,-0.0005187932401895634,0.0015725678531453013,0.009049738757312298,0.0004452045832294971,5.064066498365778e-08,-0.000518843880854547,0.0011493922211229801,0.0032669196370989084,0.011886244639754295,0.026614751666784286,0.0,781,3.9050000000000002,0.051744475960731506,0.000518843880854547
0.00548657076433301,0.0,168.13522338867188,0.0,7.790370464324951,2.0748238563537598,0.1359599381685257,2.05777645111084,0.19299177825450897,80.9280776977539,5.3340860176831484e-05,0.0054332297295331955,0.0026826472021639347,1.2732925824820995e-11,7.356396963587031e-05,1.0096266269683838,6.803936004638672,0.03637931868433952,0.0011721744667738676,-4.927578926086426,-5.4295501708984375,0.470344603061676,16,0.018464116379618645,0.13776186108589172,16,1.0,0.007217908278107643,0.004375481512397528,1.6496260166168213,0.09516610205173492,34.62308120727539,-0.0005184207111597172,0.00157126784324646,0.009054993279278278,0.000444458652054891,-3.9808219299826246e-07,-0.0005180226289667189,0.0011485547292977571,0.003266258630901575,0.011876620352268219,0.026598624885082245,0.0,782,3.91,0.051744796335697174,0.0005180226289667189
0.0054839784279465675,0.0,168.13522338867188,0.0,7.790369987487793,2.0748236179351807,0.1359599381685257,2.057776689529419,0.19299177825450897,80.92808532714844,5.336796311894432e-05,0.0054306103847920895,0.0026828949339687824,-3.637978807091713e-12,7.348829240072519e-05,1.0096973180770874,6.803889274597168,0.036385707557201385,0.0011739539913833141,-4.9280548095703125,-5.4301676750183105,0.46973350644111633,16,0.018455157056450844,0.13767904043197632,16,1.0,0.007214486598968506,0.0043727862648665905,1.6498603820800781,0.09511438012123108,34.60932922363281,-0.0005178153514862171,0.0015699767973273993,0.009060223586857319,0.00044373757555149496,-5.894689820817433e-07,-0.0005172258825041354,0.0011483143316581845,0.003262551501393318,0.011865383014082909,0.026578661054372787,0.0,783,3.915,0.05174519121646881,0.0005172258825041354
0.005481392610818148,0.0,168.13522338867188,0.0,7.790370464324951,2.0748236179351807,0.1359599381685257,2.05777645111084,0.19299177825450897,80.92808532714844,5.339604103937745e-05,0.005427996627986431,0.002683151513338089,1.6370904631912708e-11,7.342163735302165e-05,1.009768009185791,6.803842544555664,0.036392152309417725,0.0011728282552212477,-4.928530216217041,-5.430784702301025,0.46935251355171204,16,0.018447525799274445,0.13759635388851166,16,1.0,0.007211070042103529,0.004370094742625952,1.6500946283340454,0.095062755048275,34.595611572265625,-0.0005170702934265247,0.0015687713166698813,0.009065409190952778,0.0004430554108694196,-5.932524800411187e-07,-0.0005164770409464836,0.0011481211986392736,0.0032633955124765635,0.011855191551148891,0.02656553126871586,0.0,784,3.92,0.05174564570188522,0.0005164770409464836
0.005478807725012302,0.0,168.13522338867188,0.0,7.790369987487793,2.0748233795166016,0.1359599381685257,2.05777645111084,0.19299177825450897,80.92808532714844,5.342423901311122e-05,0.00542538333684206,0.002683416474610567,5.4569682106375694e-12,7.335197005886585e-05,1.0098387002944946,6.803795337677002,0.036398742347955704,0.0011792483273893595,-4.929005146026611,-5.431401252746582,0.4684038460254669,16,0.018439210951328278,0.13751409947872162,16,1.0,0.007207658141851425,0.0043674069456756115,1.6503289937973022,0.09501120448112488,34.58203887939453,-0.0005165580660104862,0.0015675723552703857,0.009070592001080513,0.00044240575516596437,-8.003553375712357e-07,-0.000515757710672915,0.0011458398075774312,0.003257281379774213,0.011836561374366283,0.026554862037301064,0.0,785,3.9250000000000003,0.05174612998962402,0.000515757710672915
0.005476227030158043,0.0,168.13522338867188,0.0,7.790369510650635,2.0748233795166016,0.1359599381685257,2.05777645111084,0.19299177825450897,80.92808532714844,5.345628596842289e-05,0.005422770511358976,0.002683693077415228,1.2732925824820995e-11,7.33045962988399e-05,1.0099092721939087,6.80374813079834,0.036405377089977264,0.0011784937232732773,-4.929479122161865,-5.432016849517822,0.46810901165008545,16,0.018433550372719765,0.13743162155151367,16,1.0,0.00720425508916378,0.0043647256679832935,1.65056312084198,0.09495977312326431,34.568172454833984,-0.0005156267434358706,0.0015667140251025558,0.009075607173144817,0.00044191721826791763,-4.049506969859432e-07,-0.0005152217927388847,0.0011385870166122913,0.003252847585827112,0.011825473047792912,0.0265624038875103,0.0,786,3.93,0.05174669623374939,0.0005152217927388847
0.005473651457577944,0.0,168.13522338867188,0.0,7.790369987487793,2.0748238563537598,0.1359599381685257,2.05777645111084,0.19299177825450897,80.92808532714844,5.349191997083835e-05,0.005420159548521042,0.002683980157598853,2.1827872842550278e-11,7.328146602958441e-05,1.009979486465454,6.803699493408203,0.036412134766578674,0.00117780442815274,-4.929953098297119,-5.432631969451904,0.46821579337120056,16,0.018430933356285095,0.1373497098684311,16,1.0,0.0072008538991212845,0.004362047184258699,1.650796890258789,0.09490841627120972,34.554378509521484,-0.0005149748176336398,0.0015661697834730148,0.009080472402274609,0.000441609910922125,-8.34697857608627e-08,-0.0005148913478478789,0.0011384610552340746,0.0032509067095816135,0.011830197647213936,0.026536263525485992,0.0,787,3.935,0.051747292280197144,0.0005148913478478789
0.005471077281981707,0.0,168.13523864746094,0.0,7.790370464324951,2.0748238563537598,0.1359599381685257,2.057776689529419,0.19299177825450897,80.92808532714844,5.3526906413026154e-05,0.005417550448328257,0.0026842758525162935,-9.094947017729282e-12,7.325562182813883e-05,1.0100497007369995,6.803651332855225,0.03641895204782486,0.0011837506899610162,-4.930427074432373,-5.433247089385986,0.4676317572593689,16,0.018427999690175056,0.13726769387722015,16,1.0,0.007197453640401363,0.0043593705631792545,1.651030421257019,0.09485708177089691,34.54050827026367,-0.0005143694579601397,0.0015655762981623411,0.009085346013307571,0.00044129753950983286,1.837033778319527e-07,-0.0005145531613379717,0.0011332036228850484,0.0032470792066305876,0.01182672567665577,0.026543857529759407,0.0,788,3.94,0.05174797400832176,0.0005145531613379717
0.0054685077629983425,0.0,168.13523864746094,0.0,7.790370941162109,2.0748236179351807,0.1359599381685257,2.057776689529419,0.19299177825450897,80.92808532714844,5.3564519475912675e-05,0.005414943210780621,0.0026845782995224,-2.000888343900442e-11,7.324448961298913e-05,1.0101200342178345,6.803603649139404,0.03642585128545761,0.0011789777781814337,-4.930900573730469,-5.433862209320068,0.46812474727630615,16,0.01842692121863365,0.1371854692697525,16,1.0,0.00719405896961689,0.004356695804744959,1.6512649059295654,0.09480583667755127,34.52662658691406,-0.0005142297595739474,0.0015651918947696686,0.009090146981179714,0.0004410655237734318,8.026836438872111e-08,-0.0005143100279383361,0.001133202575147152,0.0032477802596986294,0.011835834011435509,0.026522042229771614,0.0,789,3.9450000000000003,0.051748692989349365,0.0005143100279383361
0.005465934984385967,0.0,168.13523864746094,0.0,7.790371417999268,2.0748238563537598,0.1359599381685257,2.057776689529419,0.19299177825450897,80.92808532714844,5.360020077205263e-05,0.005412334576249123,0.002684870036318898,9.094947017729282e-12,7.322176679736003e-05,1.0101897716522217,6.803555965423584,0.03643251955509186,0.0011868990259245038,-4.931374549865723,-5.43447732925415,0.46756482124328613,16,0.018424248322844505,0.1371035873889923,16,1.0,0.00719066197052598,0.004354022443294525,1.651498556137085,0.09475455433130264,34.512718200683594,-0.0005140434950590243,0.001564658829011023,0.009094989858567715,0.00044079741928726435,-2.4330802272779818e-08,-0.0005140191642567515,0.001133723882958293,0.003241867758333683,0.011831825599074364,0.026514427736401558,0.0,790,3.95,0.05174946412444115,0.0005140191642567515
0.005463367328047752,0.0,168.13523864746094,0.0,7.790369987487793,2.0748238563537598,0.1359599381685257,2.057776689529419,0.19299177825450897,80.92808532714844,5.363836680771783e-05,0.0054097287356853485,0.002685149433091283,7.275957614183426e-12,7.321288285311311e-05,1.0102598667144775,6.803508281707764,0.036438990384340286,0.0011835326440632343,-4.93184757232666,-5.435092449188232,0.4679548442363739,16,0.0184234119951725,0.13702188432216644,16,1.0,0.007187273818999529,0.004351350944489241,1.6517338752746582,0.09470337629318237,34.49887466430664,-0.0005138106644153704,0.0015643080696463585,0.009099787101149559,0.00044059057836420834,-7.2177499642204004e-09,-0.0005138034466654062,0.0011337375035509467,0.0032417967449873686,0.01183942798525095,0.026494521647691727,0.0,791,3.955,0.0517503023147583,0.0005138034466654062
0.005460796877741814,0.0,168.13526916503906,0.0,7.790371417999268,2.074824094772339,0.1359599381685257,2.057776689529419,0.19299177825450897,80.92808532714844,5.367501580622047e-05,0.005407121963799,0.002685368526726961,-2.7284841053187847e-11,7.319418364204466e-05,1.0103297233581543,6.803462028503418,0.03644556552171707,0.0011879095109179616,-4.932321071624756,-5.435708045959473,0.4677872061729431,16,0.01842123456299305,0.13694000244140625,16,1.0,0.007183883339166641,0.004348678980022669,1.651969075202942,0.09465218335390091,34.48487091064453,-0.0005136243999004474,0.0015638374025002122,0.009104622527956963,0.0004403425846248865,-8.766073734663236e-08,-0.0005135367391631007,0.0011316131567582488,0.0032369401305913925,0.011837678030133247,0.026488367468118668,0.0,792,3.96,0.05175063759088516,0.0005135367391631007
0.005458231084048748,0.0,168.13525390625,0.0,7.790370941162109,2.0748238563537598,0.1359599381685257,2.057776689529419,0.19299177825450897,80.92808532714844,5.371363658923656e-05,0.005404517520219088,0.002685552928596735,-5.4569682106375694e-12,7.3188915848732e-05,1.0103994607925415,6.803415298461914,0.03645167499780655,0.0011830591829493642,-4.932794570922852,-5.436323642730713,0.46832868456840515,16,0.018420854583382607,0.13685819506645203,16,1.0,0.00718049518764019,0.004346008412539959,1.6522046327590942,0.09460101276636124,34.470882415771484,-0.0005131121724844088,0.0015635379822924733,0.009109376929700375,0.0004401584737934172,2.3521715774037135e-07,-0.0005133473896421492,0.0011316357413306832,0.00323765748180449,0.011848232708871365,0.026467718183994293,0.0,793,3.9650000000000003,0.05175084248185158,0.0005133473896421492
0.00545566575601697,0.0,168.13526916503906,0.0,7.790371894836426,2.0748238563537598,0.1359599381685257,2.057777166366577,0.19299177825450897,80.9281005859375,5.3750227380078286e-05,0.005401915404945612,0.0026857194025069475,0.0,7.317372364923358e-05,1.0104690790176392,6.803369522094727,0.03645729646086693,0.0011904644779860973,-4.9332685470581055,-5.436939239501953,0.46809306740760803,16,0.01841924712061882,0.13677632808685303,16,1.0,0.0071771047078073025,0.004343339707702398,1.6524392366409302,0.09454983472824097,34.45687484741211,-0.0005130190402269473,0.001563080819323659,0.009114178828895092,0.0004399296303745359,8.428469299175036e-08,-0.000513103324919939,0.0011310114059597254,0.003234362695366144,0.011853654868900776,0.026463760063052177,0.0,794,3.97,0.05175108462572098,0.000513103324919939
0.005453100893646479,0.0,168.13526916503906,0.0,7.790371417999268,2.0748238563537598,0.1359599381685257,2.057776689529419,0.19299177825450897,80.92809295654297,5.3787203796673566e-05,0.005399313755333424,0.0026858935598284006,1.8189894035458565e-12,7.315624679904431e-05,1.0105386972427368,6.8033246994018555,0.03646299988031387,0.001190233277156949,-4.933742046356201,-5.437554836273193,0.46806836128234863,16,0.018417222425341606,0.1366950124502182,16,1.0,0.007173718884587288,0.004340672865509987,1.6526744365692139,0.09449870884418488,34.442813873291016,-0.0005131121724844088,0.0015626311069354415,0.00911900494247675,0.00043967709643766284,-2.788146957864593e-07,-0.0005128333577886224,0.0011304691433906555,0.003231037873774767,0.011845872737467289,0.026464121416211128,0.0,795,3.975,0.05175139009952545,0.0005128333577886224
0.005450534634292126,0.0,168.13526916503906,0.0,7.790371894836426,2.074824094772339,0.1359599381685257,2.057776689529419,0.19299177825450897,80.9281005859375,5.3824820497538894e-05,0.005396709777414799,0.0026860754005610943,-1.8189894035458565e-12,7.31389518477954e-05,1.010608434677124,6.803278923034668,0.03646876662969589,0.001195548102259636,-4.934215545654297,-5.438170433044434,0.4676778316497803,16,0.018414966762065887,0.13661369681358337,16,1.0,0.00717033538967371,0.004338007420301437,1.6529098749160767,0.09444761276245117,34.4288215637207,-0.0005130190402269473,0.0015622280770912766,0.009123818948864937,0.00043946964433416724,-4.1042221711180913e-07,-0.0005126086180098355,0.001121999928727746,0.0032221057917922735,0.01184397004544735,0.026469236239790916,0.0,796,3.98,0.0517517514526844,0.0005126086180098355
0.005447970703244209,0.0,168.13526916503906,0.0,7.790371417999268,2.0748238563537598,0.1359599381685257,2.057777166366577,0.19299177825450897,80.92809295654297,5.3866875532548875e-05,0.005394103936851025,0.002686262596398592,5.4569682106375694e-12,7.31560867279768e-05,1.0106782913208008,6.8032331466674805,0.036474570631980896,0.0012009689817205071,-4.934688568115234,-5.438786029815674,0.4679105281829834,16,0.01841740496456623,0.1365319937467575,16,1.0,0.007166956551373005,0.00433534337207675,1.6531462669372559,0.09439658373594284,34.414703369140625,-0.000512460246682178,0.001562208286486566,0.009128461591899395,0.00043948375969193876,1.7962884156800998e-07,-0.000512639875523746,0.001122229383327067,0.0032218305859714746,0.011851754039525986,0.026450345292687416,0.0,797,3.985,0.051752153784036636,0.000512639875523746
0.005445410031825304,0.0,168.13526916503906,0.0,7.790371417999268,2.074824094772339,0.1359599381685257,2.057777166366577,0.19299177825450897,80.92809295654297,5.3908253903500736e-05,0.005391501821577549,0.002686460968106985,2.7284841053187847e-11,7.316615665331483e-05,1.0107476711273193,6.803187370300293,0.036480553448200226,0.0011986283352598548,-4.93516206741333,-5.439402103424072,0.46818315982818604,16,0.018418781459331512,0.13645103573799133,16,1.0,0.007163575850427151,0.004332678858190775,1.653382658958435,0.0943455696105957,34.40068817138672,-0.0005121342837810626,0.0015621398342773318,0.0091331098228693,0.0004394373681861907,4.692701622734238e-07,-0.000512603553943336,0.0011220340384170413,0.003220719750970602,0.011858918704092503,0.0264454148709774,0.0,798,3.99,0.051752619445323944,0.000512603553943336
0.005442849360406399,0.0,168.13526916503906,0.0,7.790371417999268,2.0748238563537598,0.1359599381685257,2.057776927947998,0.19299177825450897,80.92808532714844,5.394885010900907e-05,0.005388900637626648,0.002686662832275033,1.8189894035458565e-12,7.316999835893512e-05,1.0108171701431274,6.803143501281738,0.036486443132162094,0.0011956789530813694,-4.935635566711426,-5.440018177032471,0.4686659574508667,16,0.01841939426958561,0.1363692432641983,16,1.0,0.0071601965464651585,0.004330016206949949,1.6536189317703247,0.09429453313350677,34.386451721191406,-0.0005124136805534472,0.0015619853511452675,0.009137818589806557,0.00043934257701039314,9.889481588103068e-08,-0.0005125125753693283,0.0011220943415537477,0.003219455946236849,0.011869891546666622,0.026428889483213425,0.0,799,3.995,0.05175314098596573,0.0005125125753693283
0.00544028589501977,0.0,168.13526916503906,0.0,7.790371894836426,2.0748238563537598,0.1359599381685257,2.057776927947998,0.19299177825450897,80.9281005859375,5.39876455150079e-05,0.005386298056691885,0.0026868723798543215,-2.9103830456733704e-11,7.316468690987676e-05,1.010886549949646,6.803099632263184,0.03649251163005829,0.0011972388019785285,-4.936110019683838,-5.440634727478027,0.46875494718551636,16,0.018418962135910988,0.13628804683685303,16,1.0,0.00715681305155158,0.004327353090047836,1.6538546085357666,0.09424348175525665,34.37240219116211,-0.0005125533789396396,0.0015616818564012647,0.00914258137345314,0.0004391823022160679,-2.0640436561010587e-07,-0.0005123469745740294,0.0011218215804547071,0.0032176149543374777,0.011868249624967575,0.026398779824376106,0.0,800,4.0,0.05175371095538139,0.0005123469745740294
0.0054377238266170025,0.0,168.13526916503906,0.0,7.790371417999268,2.074824333190918,0.1359599381685257,2.057777166366577,0.19299177825450897,80.9281005859375,5.4027128499001265e-05,0.005383696872740984,0.002687090076506138,5.4569682106375694e-12,7.31607578927651e-05,1.010955572128296,6.803056716918945,0.03649863600730896,0.0011987717589363456,-4.93658447265625,-5.441251754760742,0.4688626229763031,16,0.018418414518237114,0.1362064629793167,16,1.0,0.00715343002229929,0.004324689973145723,1.6540908813476562,0.09419244527816772,34.358177185058594,-0.0005121808499097934,0.0015614544972777367,0.009147286415100098,0.00043906309292651713,4.301546140410197e-08,-0.0005122238653711975,0.001121559296734631,0.0032115550711750984,0.0118684321641922,0.026367589831352234,0.0,801,4.005,0.05175434798002243,0.0005122238653711975
0.005435164086520672,0.0,168.13526916503906,0.0,7.790371417999268,2.0748238563537598,0.1359599381685257,2.057777166366577,0.19299177825450897,80.9281005859375,5.406753916759044e-05,0.0053810966201126575,0.0026873163878917694,5.4569682106375694e-12,7.316705887205899e-05,1.0110243558883667,6.803013801574707,0.03650481253862381,0.0012008573394268751,-4.93705940246582,-5.441868782043457,0.46893200278282166,16,0.01841927133500576,0.13612519204616547,16,1.0,0.007150045596063137,0.004322028253227472,1.6543264389038086,0.09414143115282059,34.344017028808594,-0.0005120877176523318,0.0015613397117704153,0.009151899255812168,0.0004390091635286808,8.847564457752002e-08,-0.0005121761932969093,0.0011224435875192285,0.0032081222161650658,0.01187828928232193,0.02635081484913826,0.0,802,4.01,0.05175504833459854,0.0005121761932969093
0.005432602949440479,0.0,168.1352996826172,0.0,7.790372371673584,2.074824333190918,0.1359599381685257,2.0577774047851562,0.19299177825450897,80.9281005859375,5.410807716543786e-05,0.005378494970500469,0.0026875468902289867,1.2732925824820995e-11,7.317421841435134e-05,1.0110929012298584,6.802971839904785,0.03651100769639015,0.0011964108562096953,-4.937534332275391,-5.44248628616333,0.469232439994812,16,0.01842033490538597,0.1360434591770172,16,1.0,0.007146662566810846,0.004319365601986647,1.654563069343567,0.09409043192863464,34.32973098754883,-0.0005119014531374087,0.0015612279530614614,0.009156518615782261,0.0004389284295029938,2.0116567610599292e-07,-0.0005121026188135147,0.0011207645293325186,0.0032081562094390392,0.011891634203493595,0.026359662413597107,0.0,803,4.015,0.05175579711794853,0.0005121026188135147
0.005430045071989298,0.0,168.13528442382812,0.0,7.790371894836426,2.074824094772339,0.1359599381685257,2.057777166366577,0.19299177825450897,80.9281005859375,5.414749830379151e-05,0.005375897511839867,0.002687706146389246,1.4551915228366852e-11,7.317279232665896e-05,1.0111615657806396,6.80293083190918,0.036516543477773666,0.0011909699533134699,-4.938009738922119,-5.443103790283203,0.4697795808315277,16,0.01842041127383709,0.13596169650554657,16,1.0,0.007143278140574694,0.00431670481339097,1.6547988653182983,0.0940394327044487,34.315467834472656,-0.0005115289241075625,0.0015609853435307741,0.009161235764622688,0.00043877455755136907,4.183966666350533e-07,-0.0005119473207741976,0.0011209022486582398,0.00320894131436944,0.011903627775609493,0.02634282410144806,0.0,804,4.0200000000000005,0.0517566055059433,0.0005119473207741976
0.005427487660199404,0.0,168.13528442382812,0.0,7.790372371673584,2.074824333190918,0.1359599381685257,2.057777166366577,0.19299177825450897,80.9281005859375,5.4184667533263564e-05,0.005373302847146988,0.0026878565549850464,2.1827872842550278e-11,7.315994298551232e-05,1.0112299919128418,6.802890300750732,0.03652194142341614,0.0011884390842169523,-4.938486099243164,-5.443721771240234,0.4700205326080322,16,0.01841915212571621,0.13587942719459534,16,1.0,0.007139888126403093,0.004314044024795294,1.6550337076187134,0.09398839622735977,34.301082611083984,-0.0005114823579788318,0.0015605658991262317,0.009166006930172443,0.00043853247188962996,2.1007144822575343e-07,-0.0005116924294270575,0.0011210435768589377,0.0032094446942210197,0.011909158900380135,0.026322228834033012,0.0,805,4.025,0.05175749212503433,0.0005116924294270575
0.00542493024840951,0.0,168.13531494140625,0.0,7.790372371673584,2.074824571609497,0.1359599381685257,2.0577774047851562,0.19299177825450897,80.9281005859375,5.422034519142471e-05,0.005370710045099258,0.002688014879822731,1.6370904631912708e-11,7.313868263736367e-05,1.0112981796264648,6.802850723266602,0.03652741760015488,0.0011878026416525245,-4.938962459564209,-5.444339752197266,0.4701329469680786,16,0.018416857346892357,0.1357976794242859,16,1.0,0.007136499509215355,0.004311384633183479,1.6552685499191284,0.09393735975027084,34.286705017089844,-0.0005112495273351779,0.0015600278275087476,0.009170813485980034,0.00043823133455589414,1.204898580799271e-07,-0.0005113700171932578,0.0011217849096283317,0.0032089247833937407,0.011910269036889076,0.026299407705664635,0.0,806,4.03,0.051758456975221634,0.0005113700171932578
0.005422375164926052,0.0,168.13531494140625,0.0,7.790372371673584,2.074824333190918,0.1359599381685257,2.0577774047851562,0.19299177825450897,80.9281005859375,5.42553243576549e-05,0.005368120037019253,0.0026881811209023,-1.8189894035458565e-11,7.311331864912063e-05,1.0113661289215088,6.802812099456787,0.03653298690915108,0.001183448825031519,-4.939438819885254,-5.444958209991455,0.4702863395214081,16,0.01841404289007187,0.13571591675281525,16,1.0,0.007133113220334053,0.00430872431024909,1.6555047035217285,0.09388633817434311,34.272342681884766,-0.0005112960934639087,0.0015594421420246363,0.009175622835755348,0.0004378880839794874,-2.947053872158359e-07,-0.0005110013880766928,0.0011219462612643838,0.0032091063912957907,0.011911710724234581,0.026287619024515152,0.0,807,4.035,0.05175945162773132,0.0005110013880766928
0.005419817287474871,0.0,168.1352996826172,0.0,7.790371894836426,2.074824094772339,0.1359599381685257,2.057777166366577,0.19299177825450897,80.9281005859375,5.428878648672253e-05,0.005365528631955385,0.0026883569080382586,1.6370904631912708e-11,7.30750325601548e-05,1.0114339590072632,6.8027729988098145,0.036538656800985336,0.0011946364538744092,-4.939915657043457,-5.445576190948486,0.4694017469882965,16,0.018409306183457375,0.13563424348831177,16,1.0,0.007129725068807602,0.004306068643927574,1.6557388305664062,0.09383532404899597,34.25794982910156,-0.00051078386604787,0.0015587181551381946,0.00918049830943346,0.00043752105557359755,-1.8777791411768788e-07,-0.0005105960881337523,0.0011141087161377072,0.003199000610038638,0.011891673319041729,0.02630765363574028,0.0,808,4.04,0.05176051706075668,0.0005105960881337523
0.0054172673262655735,0.0,168.13531494140625,0.0,7.790372371673584,2.074824333190918,0.1359599381685257,2.057777166366577,0.19299177825450897,80.9281005859375,5.432820398709737e-05,0.005362939089536667,0.002688539680093527,1.6370904631912708e-11,7.307328633032739e-05,1.0115021467208862,6.802732467651367,0.03654443845152855,0.0011891762260347605,-4.940391540527344,-5.446193695068359,0.46993038058280945,16,0.01840934157371521,0.13555291295051575,16,1.0,0.007126344367861748,0.004303415771573782,1.6559739112854004,0.09378444403409958,34.24348831176758,-0.0005102250725031007,0.0015584704233333468,0.009185210801661015,0.00043736433144658804,2.1257437764514095e-07,-0.0005104376468807459,0.0011142694856971502,0.0031997892074286938,0.011903190985321999,0.026292376220226288,0.0,809,4.045,0.051761627197265625,0.0005104376468807459
0.00541471503674984,0.0,168.1352996826172,0.0,7.790372371673584,2.074824333190918,0.1359599381685257,2.0577774047851562,0.19299177825450897,80.9281005859375,5.4365373216569424e-05,0.0053603495471179485,0.0026887317653745413,-1.4551915228366852e-11,7.306145562324673e-05,1.0115699768066406,6.802693843841553,0.03655017912387848,0.001187466667033732,-4.940867900848389,-5.446811676025391,0.4698515832424164,16,0.018408291041851044,0.13547129929065704,16,1.0,0.007122962735593319,0.00430076289921999,1.656209111213684,0.09373351186513901,34.229000091552734,-0.0005103182047605623,0.0015580436447635293,0.009189981035888195,0.00043711697799153626,-1.3975659386407727e-07,-0.0005101784481666982,0.001116190804168582,0.0032014576718211174,0.011912047863006592,0.026300355792045593,0.0,810,4.05,0.051762811839580536,0.0005101784481666982
0.005412164144217968,0.0,168.1352996826172,0.0,7.790371894836426,2.074824333190918,0.1359599381685257,2.057777166366577,0.19299177825450897,80.9281005859375,5.440076711238362e-05,0.005357763264328241,0.0026889266446232796,2.000888343900442e-11,7.303144957404584e-05,1.0116379261016846,6.802655220031738,0.03655605763196945,0.001189637347124517,-4.941344261169434,-5.447429656982422,0.4696630835533142,16,0.018404673784971237,0.13538944721221924,16,1.0,0.007119582500308752,0.0042981114238500595,1.6564444303512573,0.09368263185024261,34.21455001831055,-0.0005100853741169084,0.001557426294311881,0.009194876998662949,0.0004367820802144706,-2.718297764767348e-07,-0.0005098135443404317,0.001114835380576551,0.0031958441250026226,0.011898331344127655,0.02627541683614254,0.0,811,4.055,0.05176404118537903,0.0005098135443404317
0.005409614183008671,0.0,168.13531494140625,0.0,7.790372371673584,2.074824333190918,0.1359599381685257,2.0577774047851562,0.19299177825450897,80.92810821533203,5.44387185072992e-05,0.005355175584554672,0.0026891320012509823,1.0913936421275139e-11,7.301950245164335e-05,1.0117058753967285,6.802617073059082,0.036561962217092514,0.0012083012843504548,-4.9418206214904785,-5.448047637939453,0.46870049834251404,16,0.018403133377432823,0.1353076696395874,16,1.0,0.007116204127669334,0.004295462276786566,1.6566795110702515,0.0936317965388298,34.199954986572266,-0.0005096197128296007,0.0015570638934150338,0.009199617430567741,0.00043665157863870263,5.133915691483623e-08,-0.0005096710519865155,0.0011105034500360489,0.0031839674338698387,0.011879547499120235,0.026267487555742264,0.0,812,4.0600000000000005,0.051765326410532,0.0005096710519865155
0.005407067947089672,0.0,168.13531494140625,0.0,7.790372848510742,2.074824333190918,0.1359599381685257,2.0577776432037354,0.19299177825450897,80.92810821533203,5.4484280553879216e-05,0.005352583713829517,0.002689347369596362,-2.000888343900442e-11,7.305507460841909e-05,1.0117735862731934,6.802577018737793,0.03656802326440811,0.0012024336028844118,-4.942296028137207,-5.448665142059326,0.46959537267684937,16,0.01840762421488762,0.13522665202617645,16,1.0,0.007112833671271801,0.004292815923690796,1.656915545463562,0.09358110278844833,34.18540573120117,-0.0005095265805721391,0.0015573635464534163,0.009204061701893806,0.00043680009548552334,3.285822458456815e-07,-0.0005098551628179848,0.0011106636375188828,0.0031846403144299984,0.01190126407891512,0.026255417615175247,0.0,813,4.065,0.05176664888858795,0.0005098551628179848
0.0054045189172029495,0.0,168.13531494140625,0.0,7.790372848510742,2.074824571609497,0.1359599381685257,2.0577776432037354,0.19299177825450897,80.92810821533203,5.452707046060823e-05,0.0053499918431043625,0.002689570188522339,2.000888343900442e-11,7.307746272999793e-05,1.0118408203125,6.80253791809082,0.0365741103887558,0.0012082643806934357,-4.942772388458252,-5.449283599853516,0.4696320593357086,16,0.018410615622997284,0.1351451873779297,16,1.0,0.0071094585582613945,0.004290167707949877,1.657151699066162,0.0935303270816803,34.170841217041016,-0.0005100853741169084,0.0015574373537674546,0.009208585135638714,0.000436867936514318,-1.3998942450773114e-07,-0.0005099453846924007,0.0011080902768298984,0.0031830351799726486,0.011910196393728256,0.026246340945363045,0.0,814,4.07,0.051768045872449875,0.0005099453846924007
0.005401967093348503,0.0,168.1353302001953,0.0,7.790372848510742,2.074824571609497,0.1359599381685257,2.0577776432037354,0.19299177825450897,80.92810821533203,5.457012593979016e-05,0.005347397178411484,0.002689800225198269,5.4569682106375694e-12,7.309811189770699e-05,1.0119078159332275,6.802499771118164,0.03658028692007065,0.0012086135102435946,-4.943248748779297,-5.449902057647705,0.4699605405330658,16,0.01841321587562561,0.13506363332271576,16,1.0,0.007106084376573563,0.00428752088919282,1.6573877334594727,0.09347958862781525,34.15618133544922,-0.0005098525434732546,0.0015575295547023416,0.009213102981448174,0.0004369244270492345,1.699663698564828e-07,-0.000510022509843111,0.0011070937616750598,0.0031803546007722616,0.011920780874788761,0.02623218111693859,0.0,815,4.075,0.05176948010921478,0.000510022509843111
0.005399420391768217,0.0,168.13534545898438,0.0,7.7903733253479,2.074824571609497,0.1359599381685257,2.0577776432037354,0.19299177825450897,80.92811584472656,5.4613174143014476e-05,0.005344807170331478,0.002690038410946727,5.4569682106375694e-12,7.312004163395613e-05,1.011974811553955,6.802462577819824,0.03658653795719147,0.0012033184757456183,-4.9437255859375,-5.450520992279053,0.47068724036216736,16,0.01841609738767147,0.13498233258724213,16,1.0,0.007102708797901869,0.004284874070435762,1.6576236486434937,0.093428835272789,34.14154052734375,-0.0005094334483146776,0.0015576238511130214,0.009217615239322186,0.000436960079241544,6.466871127377809e-07,-0.0005100801354274154,0.001111042220145464,0.003181357402354479,0.01193718146532774,0.02621218003332615,0.0,816,4.08,0.05177099257707596,0.0005100801354274154
0.0053968727588653564,0.0,168.1353302001953,0.0,7.790372848510742,2.074824571609497,0.1359599381685257,2.0577776432037354,0.19299177825450897,80.92811584472656,5.465362119139172e-05,0.005342219024896622,0.0026902821846306324,-7.275957614183426e-12,7.312708476092666e-05,1.0120409727096558,6.802426338195801,0.03659284859895706,0.0011977589456364512,-4.9442033767700195,-5.451140403747559,0.4712817072868347,16,0.01841718517243862,0.13490043580532074,16,1.0,0.007099328096956015,0.004282225854694843,1.6578593254089355,0.09337802976369858,34.1268310546875,-0.0005095731467008699,0.0015575061552226543,0.009222200140357018,0.00043687556171789765,4.29514329869634e-07,-0.0005100026610307395,0.001111260731704533,0.0031822253949940205,0.011952020227909088,0.026197774335741997,0.0,817,4.085,0.051772549748420715,0.0005100026610307395
0.0053943246603012085,0.0,168.13534545898438,0.0,7.790372848510742,2.074824571609497,0.1359599381685257,2.0577776432037354,0.19299177825450897,80.92811584472656,5.4691619880031794e-05,0.005339633207768202,0.0026905378326773643,0.0,7.311911758733913e-05,1.012107491493225,6.802390098571777,0.03659924864768982,0.0011932021006941795,-4.944681644439697,-5.451760292053223,0.4716038703918457,16,0.018416376784443855,0.13481920957565308,16,1.0,0.007095945533365011,0.0042795781046152115,1.6580946445465088,0.09332717955112457,34.11205291748047,-0.0005095265805721391,0.0015571929980069399,0.009226848371326923,0.0004366846987977624,2.7724308892000324e-07,-0.0005098038236610591,0.0011037696385756135,0.0031811101362109184,0.011955682188272476,0.026206152513623238,0.0,818,4.09,0.05177420377731323,0.0005098038236610591
0.005391777493059635,0.0,168.13534545898438,0.0,7.790373802185059,2.074824810028076,0.1359599381685257,2.0577778816223145,0.19299177825450897,80.92811584472656,5.472902921610512e-05,0.005337048321962357,0.002690801629796624,1.4551915228366852e-11,7.311104127438739e-05,1.0121736526489258,6.80235481262207,0.03660579025745392,0.001188267138786614,-4.945160388946533,-5.452380657196045,0.47191494703292847,16,0.01841573975980282,0.13473765552043915,16,1.0,0.0070925611071288586,0.004276929888874292,1.658329963684082,0.09327633678913116,34.097389221191406,-0.0005093868821859468,0.001556835719384253,0.009231505915522575,0.00043646772974170744,1.9191065802086002e-07,-0.0005095787928439677,0.0011082319542765617,0.00318324938416481,0.01196768507361412,0.026199189946055412,0.0,819,4.095,0.05177588015794754,0.0005095787928439677
0.005389230791479349,0.0,168.13534545898438,0.0,7.7903733253479,2.074824571609497,0.1359599381685257,2.0577776432037354,0.19299177825450897,80.92811584472656,5.476334263221361e-05,0.005334467627108097,0.0026910719461739063,-1.8189894035458565e-12,7.308105705305934e-05,1.0122398138046265,6.8023200035095215,0.036612287163734436,0.0011845873668789864,-4.945639133453369,-5.453001022338867,0.47203007340431213,16,0.018412360921502113,0.13465601205825806,16,1.0,0.007089178543537855,0.004274282604455948,1.6585657596588135,0.09322546422481537,34.08268737792969,-0.0005090609192848314,0.0015561820473521948,0.009236322715878487,0.0004360898456070572,1.1001247911561138e-07,-0.000509170931763947,0.001108477939851582,0.0031830696389079094,0.01197415217757225,0.026182154193520546,0.0,820,4.1,0.051777660846710205,0.000509170931763947
0.005386686883866787,0.0,168.13534545898438,0.0,7.790372848510742,2.074824333190918,0.1359599381685257,2.0577776432037354,0.19299177825450897,80.92811584472656,5.4795855248812586e-05,0.005331891123205423,0.0026912596076726913,1.8189894035458565e-12,7.304156315512955e-05,1.0123058557510376,6.802285194396973,0.036617398262023926,0.0011796477483585477,-4.946118354797363,-5.4536213874816895,0.47212982177734375,16,0.018407894298434258,0.13457441329956055,16,1.0,0.0070857941173017025,0.004271638114005327,1.6588002443313599,0.09317462146282196,34.06782150268555,-0.0005087815225124468,0.0015553818084299564,0.009241189807653427,0.00043562499922700226,-1.1496013031494015e-07,-0.0005086665623821318,0.0011101828422397375,0.0031840563751757145,0.011972781270742416,0.026166947558522224,0.0,821,4.105,0.05177900940179825,0.0005086665623821318
0.005384142976254225,0.0,168.13534545898438,0.0,7.790373802185059,2.074824810028076,0.1359599381685257,2.0577776432037354,0.19299177825450897,80.92811584472656,5.482671258505434e-05,0.005329316481947899,0.0026914472691714764,-2.3646862246096134e-11,7.299098797375336e-05,1.0123717784881592,6.80225133895874,0.03662242740392685,0.00118068081792444,-4.946597576141357,-5.454241752624512,0.471642404794693,16,0.018401911482214928,0.13449284434318542,16,1.0,0.007082411088049412,0.004268994554877281,1.6590349674224854,0.09312378615140915,34.052879333496094,-0.0005083624273538698,0.0015544492052868009,0.009246096946299076,0.00043510529212653637,-2.66125425707215e-07,-0.0005080963019281626,0.0011066115694120526,0.0031803802121430635,0.011964690871536732,0.02617417648434639,0.0,822,4.11,0.05178035795688629,0.0005080963019281626
0.005381603259593248,0.0,168.13534545898438,0.0,7.7903733253479,2.074824810028076,0.1359599381685257,2.0577778816223145,0.19299177825450897,80.92811584472656,5.4859028750797734e-05,0.005326744168996811,0.0026916416827589273,9.094947017729282e-12,7.294987153727561e-05,1.0124380588531494,6.80221700668335,0.03662750869989395,0.0011794058373197913,-4.947076320648193,-5.454861164093018,0.4715866446495056,16,0.01839722879230976,0.13441091775894165,16,1.0,0.007079033181071281,0.004266356583684683,1.6592689752578735,0.09307302534580231,34.03795623779297,-0.0005076173692941774,0.001553621026687324,0.009250982664525509,0.0004346401838120073,-2.7299392979258236e-08,-0.0005075900699011981,0.0011105712037533522,0.003180017462000251,0.011958157643675804,0.026143815368413925,0.0,823,4.115,0.05178177356719971,0.0005075900699011981
0.005379066802561283,0.0,168.13534545898438,0.0,7.7903733253479,2.074824333190918,0.1359599381685257,2.0577776432037354,0.19299177825450897,80.92811584472656,5.4890813771635294e-05,0.005324176046997309,0.0026918419171124697,-2.3646862246096134e-11,7.29072344256565e-05,1.012503981590271,6.802183151245117,0.03663267195224762,0.001176696503534913,-4.947555065155029,-5.455480575561523,0.4715579152107239,16,0.018392415717244148,0.13432960212230682,16,1.0,0.007075656671077013,0.004263720009475946,1.6595031023025513,0.09302230924367905,34.02314376831055,-0.0005069654434919466,0.001552765374071896,0.009255852550268173,0.00043415435357019305,9.615905581820614e-08,-0.0005070616025477648,0.001110821613110602,0.003180801635608077,0.011954942718148232,0.026122422888875008,0.0,824,4.12,0.05178322643041611,0.0005070616025477648
0.005376533605158329,0.0,168.13536071777344,0.0,7.790373802185059,2.074824810028076,0.1359599381685257,2.0577778816223145,0.19299177825450897,80.92811584472656,5.492166746989824e-05,0.005321612115949392,0.0026920477394014597,1.8189894035458565e-12,7.285835454240441e-05,1.012569546699524,6.802148818969727,0.03663783147931099,0.0011710780672729015,-4.948033809661865,-5.456099987030029,0.4717295169830322,16,0.0183867234736681,0.1343095749616623,16,1.0,0.007072282489389181,0.0042610857635736465,1.659737229347229,0.09297162294387817,34.00822067260742,-0.0005064066499471773,0.0015518488362431526,0.009260723367333412,0.00043362201540730894,7.369089870560772e-08,-0.0005064803408458829,0.001111099380068481,0.0031805215403437614,0.011955798603594303,0.026097459718585014,0.0,825,4.125,0.05178476870059967,0.0005064803408458829
0.0053740027360618114,0.0,168.13536071777344,0.0,7.790373802185059,2.074824810028076,0.1359599381685257,2.0577778816223145,0.19299177825450897,80.9281234741211,5.495112054632045e-05,0.005319051444530487,0.00269223190844059,-1.2732925824820995e-11,7.280623685801402e-05,1.0126351118087769,6.8021159172058105,0.0366426557302475,0.0011678524315357208,-4.948512554168701,-5.456719398498535,0.47154513001441956,16,0.018380844965577126,0.1344115436077118,16,1.0,0.007068909239023924,0.004258452914655209,1.6599712371826172,0.0929209515452385,33.993255615234375,-0.0005062203854322542,0.0015508384676650167,0.009265594184398651,0.000433047505794093,-3.666500561047732e-07,-0.0005058537353761494,0.0011178608983755112,0.003182822372764349,0.011954120360314846,0.026085535064339638,0.0,826,4.13,0.051786355674266815,0.0005058537353761494
0.005371471401304007,0.0,168.13536071777344,0.0,7.790374279022217,2.074824571609497,0.1359599381685257,2.0577781200408936,0.19299177825450897,80.9281234741211,5.4978489060886204e-05,0.005316493101418018,0.0026924198027700186,7.275957614183426e-12,7.273744267877191e-05,1.0127007961273193,6.8020830154418945,0.03664753958582878,0.0011710913386195898,-4.948991298675537,-5.457338333129883,0.4707771837711334,16,0.018372755497694016,0.13451248407363892,16,1.0,0.0070655373856425285,0.004255823791027069,1.6602044105529785,0.0928703099489212,33.97829818725586,-0.0005058944225311387,0.0015496165724471211,0.009270590730011463,0.00043237837962806225,-7.785856723892736e-07,-0.0005051158368587494,0.00111516029573977,0.0031798856798559427,0.011941270902752876,0.026072174310684204,0.0,827,4.135,0.051788002252578735,0.0005051158368587494
0.0053689437918365,0.0,168.1353759765625,0.0,7.790374279022217,2.0748250484466553,0.1359599381685257,2.0577783584594727,0.19299177825450897,80.9281234741211,5.5007796618156135e-05,0.0053139361552894115,0.002692523878067732,0.0,7.267729233717546e-05,1.0127663612365723,6.80204963684082,0.036651309579610825,0.00117701874114573,-4.949469089508057,-5.457956314086914,0.4699755012989044,16,0.018365459516644478,0.13461443781852722,16,1.0,0.007062174845486879,0.00425319978967309,1.660438060760498,0.09281979501247406,33.96342086791992,-0.0005051027983427155,0.0015485635958611965,0.009275510907173157,0.0004318120190873742,-6.135087460386801e-07,-0.0005044892895966768,0.001110954792238772,0.003172489581629634,0.011923706158995628,0.026060113683342934,0.0,828,4.14,0.05178915709257126,0.0005044892895966768
0.0053664203733205795,0.0,168.13536071777344,0.0,7.790374279022217,2.074824571609497,0.1359599381685257,2.0577778816223145,0.19299177825450897,80.9281234741211,5.5041171435732394e-05,0.005311379209160805,0.002692586276680231,2.546585164964199e-11,7.264353916980326e-05,1.0128320455551147,6.80201530456543,0.036654673516750336,0.001179987215436995,-4.94994592666626,-5.458573818206787,0.46967020630836487,16,0.018361525610089302,0.13471533358097076,16,1.0,0.007058819755911827,0.004250579979270697,1.6606721878051758,0.09276938438415527,33.94832992553711,-0.0005040317773819077,0.00154786033090204,0.009280281141400337,0.00043143474613316357,4.650792105912686e-08,-0.0005040782853029668,0.001110873301513493,0.0031689812894910574,0.01192347053438425,0.026037946343421936,0.0,829,4.1450000000000005,0.051789864897727966,0.0005040782853029668
0.005363903474062681,0.0,168.13536071777344,0.0,7.790373802185059,2.074824810028076,0.1359599381685257,2.0577781200408936,0.19299177825450897,80.92811584472656,5.507496462087147e-05,0.005308828316628933,0.002692657522857189,-5.4569682106375694e-12,7.261367136379704e-05,1.0128976106643677,6.8019819259643555,0.036658141762018204,0.0011746033560484648,-4.950422763824463,-5.459190845489502,0.4699120819568634,16,0.018358195200562477,0.13481669127941132,16,1.0,0.007055466528981924,0.004247963894158602,1.6609054803848267,0.09271904826164246,33.9332275390625,-0.0005032867193222153,0.001547201070934534,0.009285020641982555,0.00043104999349452555,3.7695281206488133e-07,-0.0005036636721342802,0.0011111426865682006,0.0031699971295893192,0.011928368359804153,0.026020681485533714,0.0,830,4.15,0.051790617406368256,0.0005036636721342802
0.0053613875061273575,0.0,168.13536071777344,0.0,7.790374279022217,2.0748250484466553,0.1359599381685257,2.0577783584594727,0.19299177825450897,80.92811584472656,5.510681512532756e-05,0.005306280683726072,0.0026927394792437553,-9.094947017729282e-12,7.257361721713096e-05,1.012962818145752,6.8019490242004395,0.036661677062511444,0.0011693882988765836,-4.950899600982666,-5.459807872772217,0.4700542986392975,16,0.018353646621108055,0.134916752576828,16,1.0,0.00705211516469717,0.004245349206030369,1.6611390113830566,0.09266869723796844,33.91806411743164,-0.0005029607564210999,0.0015463923336938024,0.009289797395467758,0.00043058270239271224,1.955777406585169e-07,-0.0005031563341617584,0.0011114111403003335,0.003171060001477599,0.011930453591048717,0.026002109050750732,0.0,831,4.155,0.051791466772556305,0.0005031563341617584
0.00535887386649847,0.0,168.13539123535156,0.0,7.790374755859375,2.074824810028076,0.1359599381685257,2.0577783584594727,0.19299177825450897,80.92813110351562,5.513687210623175e-05,0.00530373677611351,0.002692817710340023,1.6370904631912708e-11,7.252425712067634e-05,1.0130279064178467,6.801916122436523,0.03666515275835991,0.001164795714430511,-4.951376914978027,-5.460424900054932,0.47005167603492737,16,0.018347973003983498,0.13501742482185364,16,1.0,0.00704876147210598,0.0042427354492247105,1.6613719463348389,0.09261836111545563,33.90312576293945,-0.0005023553967475998,0.001545448089018464,0.009294603019952774,0.0004300417494960129,2.1059531717419148e-07,-0.000502565992064774,0.0011116951936855912,0.003171857912093401,0.011926567181944847,0.025987830013036728,0.0,832,4.16,0.051792360842227936,0.000502565992064774
0.005356363952159882,0.0,168.13539123535156,0.0,7.790374755859375,2.074824810028076,0.1359599381685257,2.0577783584594727,0.19299177825450897,80.9281234741211,5.5165459343697876e-05,0.005301198456436396,0.0026928773149847984,-1.8189894035458565e-12,7.24672936485149e-05,1.0130929946899414,6.801883697509766,0.03666825592517853,0.0011598423589020967,-4.951854228973389,-5.461041450500488,0.47003188729286194,16,0.018341397866606712,0.13511763513088226,16,1.0,0.0070454091764986515,0.004240125883370638,1.6616038084030151,0.0925680473446846,33.887821197509766,-0.0005017500370740998,0.0015443902229890227,0.009299435652792454,0.0004294371756259352,1.5442492439269543e-07,-0.0005019044619984925,0.0011119752889499068,0.0031730132177472115,0.01192395854741335,0.025966860353946686,0.0,833,4.165,0.05179333686828613,0.0005019044619984925
0.005353856366127729,0.0,168.13539123535156,0.0,7.790374755859375,2.0748250484466553,0.1359599381685257,2.0577783584594727,0.19299177825450897,80.92813110351562,5.519249680219218e-05,0.00529866386204958,0.0026929399464279413,-3.637978807091713e-12,7.239952537929639e-05,1.0131579637527466,6.801850318908691,0.036671411246061325,0.0011581112630665302,-4.952331066131592,-5.461658000946045,0.4697120785713196,16,0.018333308398723602,0.13522131741046906,16,1.0,0.007042062468826771,0.0042375181801617146,1.6618365049362183,0.09251778572797775,33.87269973754883,-0.0005012378096580613,0.0015432186191901565,0.009304286912083626,0.00042877939995378256,-5.890615285516262e-08,-0.0005011789035052061,0.0011016406351700425,0.0031696732621639967,0.011911574751138687,0.0259627066552639,0.0,834,4.17,0.05179434269666672,0.0005011789035052061
0.005351351574063301,0.0,168.1353759765625,0.0,7.790374279022217,2.074824810028076,0.1359599381685257,2.0577781200408936,0.19299177825450897,80.9281234741211,5.52217970835045e-05,0.005296129733324051,0.00269301887601614,-1.8189894035458565e-12,7.234844088088721e-05,1.0132226943969727,6.801817417144775,0.03667468577623367,0.0011543416185304523,-4.952807903289795,-5.462274074554443,0.46965157985687256,16,0.01832726038992405,0.1353209912776947,16,1.0,0.007038717158138752,0.00423491420224309,1.6620683670043945,0.09246756136417389,33.8574104309082,-0.0005007721483707534,0.0015422840369865298,0.009308984503149986,0.0004282448207959533,-1.7887214199771052e-07,-0.0005005932762287557,0.0010946992551907897,0.0031677735969424248,0.011907567270100117,0.02595381624996662,0.0,835,4.175,0.05179542303085327,0.0005005932762287557
0.005348848644644022,0.0,168.1353759765625,0.0,7.790374755859375,2.074824810028076,0.1359599381685257,2.0577783584594727,0.19299177825450897,80.9281234741211,5.525186861632392e-05,0.005293597001582384,0.0026931073516607285,-1.0913936421275139e-11,7.230427581816912e-05,1.0132873058319092,6.801784038543701,0.03667810559272766,0.0011571163777261972,-4.95328426361084,-5.462889671325684,0.4692632853984833,16,0.01832207478582859,0.13542243838310242,16,1.0,0.007035376969724894,0.004232313018292189,1.662300705909729,0.09241738170385361,33.84243392944336,-0.0005003996193409072,0.0015414315275847912,0.00931362621486187,0.0004277836123947054,-3.117602318631566e-07,-0.0005000878591090441,0.0010946107795462012,0.0031646201387047768,0.011903275735676289,0.025934191420674324,0.0,836,4.18,0.05179654806852341,0.0005000878591090441
0.005346347577869892,0.0,168.13539123535156,0.0,7.790374279022217,2.0748250484466553,0.1359599381685257,2.0577781200408936,0.19299177825450897,80.9281234741211,5.528255132958293e-05,0.005291065201163292,0.0026932046748697758,1.4551915228366852e-11,7.226795423775911e-05,1.0133516788482666,6.801751136779785,0.03668157756328583,0.0011583301238715649,-4.953760147094727,-5.463505268096924,0.4690016806125641,16,0.018318090587854385,0.1355229765176773,16,1.0,0.007032041437923908,0.004229714162647724,1.6625335216522217,0.0923672616481781,33.827274322509766,-0.0004997476935386764,0.0015406442107632756,0.009318221360445023,0.0004273536615073681,-1.2607779354919559e-07,-0.0004996216157451272,0.0010966012487187982,0.0031659151427447796,0.011898139491677284,0.025920195505023003,0.0,837,4.1850000000000005,0.051797740161418915,0.0004996216157451272
0.005343851167708635,0.0,168.13539123535156,0.0,7.790374755859375,2.074824810028076,0.1359599381685257,2.0577781200408936,0.19299177825450897,80.92813110351562,5.531273563974537e-05,0.00528853852301836,0.0026933071203529835,-3.637978807091713e-12,7.222279964480549e-05,1.013416051864624,6.801717281341553,0.03668513149023056,0.001159086124971509,-4.954236030578613,-5.464120388031006,0.46889644861221313,16,0.018312711268663406,0.1356254518032074,16,1.0,0.007028707768768072,0.004227118566632271,1.6627657413482666,0.09231720864772797,33.812095642089844,-0.0004991423338651763,0.0015397953102365136,0.009322863072156906,0.0004268864868208766,-3.306195140947467e-08,-0.0004991092719137669,0.0010930289281532168,0.0031621393281966448,0.011886700987815857,0.025898795574903488,0.0,838,4.19,0.0517989806830883,0.0004991092719137669
0.0053413561545312405,0.0,168.13539123535156,0.0,7.790374755859375,2.0748250484466553,0.1359599381685257,2.0577783584594727,0.19299177825450897,80.92813110351562,5.534486990654841e-05,0.005286011379212141,0.0026934174820780754,-1.8189894035458565e-12,7.219272811198607e-05,1.0134801864624023,6.80168342590332,0.036688774824142456,0.0011604063911363482,-4.954711437225342,-5.464735507965088,0.46874210238456726,16,0.01830928400158882,0.13572724163532257,16,1.0,0.007025378290563822,0.004224524367600679,1.6629986763000488,0.09226719290018082,33.796878814697266,-0.000499002635478984,0.0015391397755593061,0.009327391162514687,0.0004265308962203562,-2.7898931876887446e-07,-0.0004987236461602151,0.0010925550013780594,0.0031603744719177485,0.011880490928888321,0.02587667480111122,0.0,839,4.195,0.051800258457660675,0.0004987236461602151
0.005338861141353846,0.0,168.13539123535156,0.0,7.790375232696533,2.0748250484466553,0.1359599381685257,2.0577783584594727,0.19299177825450897,80.92813110351562,5.53776953893248e-05,0.005283483304083347,0.0026935392525047064,-1.8189894035458565e-12,7.216608355520293e-05,1.0135440826416016,6.801650047302246,0.03669249266386032,0.0011677832808345556,-4.95518684387207,-5.46535062789917,0.4682982563972473,16,0.018306078389286995,0.13582861423492432,16,1.0,0.007022051140666008,0.0042219324968755245,1.6632314920425415,0.09221722185611725,33.7816276550293,-0.0004988629370927917,0.0015385622391477227,0.009331862442195415,0.0004262362781446427,-4.605972208188928e-07,-0.0004984023398719728,0.0010894228471443057,0.0031540128402411938,0.011875564232468605,0.025882691144943237,0.0,840,4.2,0.05180159956216812,0.0004984023398719728
0.005336367525160313,0.0,168.13540649414062,0.0,7.790374755859375,2.074824810028076,0.1359599381685257,2.0577781200408936,0.19299177825450897,80.92813110351562,5.541355858440511e-05,0.005280953831970692,0.0026936675421893597,3.637978807091713e-12,7.21590404282324e-05,1.0136082172393799,6.801616668701172,0.036696337163448334,0.0011760786874219775,-4.955661773681641,-5.465965270996094,0.4680657982826233,16,0.018305420875549316,0.13593073189258575,16,1.0,0.007018728647381067,0.0042193434201180935,1.6634646654129028,0.09216731786727905,33.76640319824219,-0.0004983041435480224,0.0015382326673716307,0.009336247108876705,0.0004260848509147763,-6.024492905606395e-08,-0.0004982438986189663,0.0010881343623623252,0.003150197211652994,0.011869712732732296,0.025884389877319336,0.0,841,4.205,0.051802992820739746,0.0004982438986189663
0.0053338780999183655,0.0,168.1354217529297,0.0,7.790375709533691,2.0748252868652344,0.1359599381685257,2.0577783584594727,0.19299177825450897,80.92813110351562,5.545171370613389e-05,0.005278426222503185,0.002693803980946541,1.0913936421275139e-11,7.216291851364076e-05,1.013671875,6.801582336425781,0.03670024499297142,0.0011732458369806409,-4.956136226654053,-5.466579914093018,0.4685142934322357,16,0.01830604113638401,0.13603076338768005,16,1.0,0.007015410810709,0.004216756671667099,1.6636983156204224,0.09211745858192444,33.75102996826172,-0.0004977919161319839,0.001538089825771749,0.009340569376945496,0.000425997975980863,3.689783625198447e-07,-0.0004981608944945037,0.001087825745344162,0.0031490304972976446,0.011878570541739464,0.025868752971291542,0.0,842,4.21,0.051804423332214355,0.0004981608944945037
0.005331389605998993,0.0,168.13539123535156,0.0,7.790375232696533,2.0748252868652344,0.1359599381685257,2.0577785968780518,0.19299177825450897,80.92813110351562,5.548897752305493e-05,0.005275900475680828,0.002693946473300457,-2.000888343900442e-11,7.216413359856233e-05,1.0137356519699097,6.801549434661865,0.036704227328300476,0.0011687073856592178,-4.956611156463623,-5.4671950340271,0.4690517485141754,16,0.018306449055671692,0.13613340258598328,16,1.0,0.00701209157705307,0.00421416899189353,1.663932204246521,0.09206759929656982,33.73581314086914,-0.00049755908548833,0.0015378891257569194,0.009344887919723988,0.00042587248026393354,4.775356501234614e-07,-0.0004980366211384535,0.0010881167836487293,0.0031500726472586393,0.01189331617206335,0.025855038315057755,0.0,843,4.215,0.051805902272462845,0.0004980366211384535
0.005328902509063482,0.0,168.13540649414062,0.0,7.790375232696533,2.074824810028076,0.1359599381685257,2.0577783584594727,0.19299177825450897,80.92813110351562,5.552396396524273e-05,0.005273378454148769,0.0026940996758639812,-7.275957614183426e-12,7.215244841063395e-05,1.0137994289398193,6.801517486572266,0.0367082878947258,0.0011635639239102602,-4.957086563110352,-5.46781063079834,0.46947652101516724,16,0.01830529049038887,0.13623392581939697,16,1.0,0.007008770480751991,0.004211581312119961,1.66416597366333,0.09201770275831223,33.72052001953125,-0.0004977919161319839,0.0015375036746263504,0.009349264204502106,0.00042564194882288575,2.5029294086539172e-09,-0.0004977944190613925,0.0010884151561185718,0.0031510707922279835,0.011903541162610054,0.02584107778966427,0.0,844,4.22,0.0518074668943882,0.0004977944190613925
0.005326411686837673,0.0,168.13540649414062,0.0,7.790375232696533,2.0748250484466553,0.1359599381685257,2.0577783584594727,0.19299177825450897,80.92813873291016,5.555691313929856e-05,0.005270854569971561,0.002694258000701666,1.8189894035458565e-12,7.212690252345055e-05,1.0138623714447021,6.801485061645508,0.03671245649456978,0.0011707269586622715,-4.957562446594238,-5.46842622756958,0.46878015995025635,16,0.018302157521247864,0.13633671402931213,16,1.0,0.007005447521805763,0.004208994563668966,1.664399266242981,0.09196779131889343,33.70514678955078,-0.0004977919161319839,0.0015369536122307181,0.009353692643344402,0.0004253667138982564,-2.9831426219214564e-07,-0.0004974936018697917,0.001089101075194776,0.0031438993755728006,0.011883104220032692,0.02582346461713314,0.0,845,4.225,0.05180908367037773,0.0004974936018697917
0.0053239245899021626,0.0,168.13540649414062,0.0,7.790375232696533,2.0748250484466553,0.1359599381685257,2.0577783584594727,0.19299177825450897,80.92813873291016,5.559390410780907e-05,0.0052683306857943535,0.0026944265700876713,7.275957614183426e-12,7.212704804260284e-05,1.013925313949585,6.801453113555908,0.03671666979789734,0.0011681107571348548,-4.958037853240967,-5.46904182434082,0.4690883457660675,16,0.01830236427485943,0.13643786311149597,16,1.0,0.007002129685133696,0.004206410143524408,1.6646331548690796,0.0919179692864418,33.68994140625,-0.0004974659532308685,0.0015367461601272225,0.009357987903058529,0.00042524427408352494,-9.464565665592319e-08,-0.0004973713075742126,0.0010934800375252962,0.0031434486154466867,0.01189531572163105,0.025805264711380005,0.0,846,4.23,0.051810748875141144,0.0004973713075742126
0.005321437027305365,0.0,168.1354217529297,0.0,7.790375709533691,2.0748250484466553,0.1359599381685257,2.0577783584594727,0.19299177825450897,80.92813873291016,5.562909791478887e-05,0.00526580773293972,0.002694598399102688,-7.275957614183426e-12,7.211616321001202e-05,1.0139882564544678,6.801422119140625,0.03672095015645027,0.0011687668738886714,-4.9585137367248535,-5.4696574211120605,0.46905413269996643,16,0.018301216885447502,0.1365399956703186,16,1.0,0.006998809985816479,0.004203826654702425,1.6648664474487305,0.09186815470457077,33.674503326416016,-0.0004975125193595992,0.0015363798011094332,0.009362349286675453,0.00042504447628743947,-3.5186531023253566e-07,-0.0004971606540493667,0.0010923343943431973,0.0031414455734193325,0.011894091963768005,0.02579512447118759,0.0,847,4.235,0.05181246995925903,0.0004971606540493667
0.005318949464708567,0.0,168.13540649414062,0.0,7.790374755859375,2.0748250484466553,0.1359599381685257,2.0577783584594727,0.19299177825450897,80.92813110351562,5.566556501435116e-05,0.005263283848762512,0.002694780007004738,-1.0913936421275139e-11,7.211601041490212e-05,1.0140509605407715,6.801390647888184,0.03672528266906738,0.0011746814707294106,-4.958990097045898,-5.470273017883301,0.4687849283218384,16,0.01830156147480011,0.1366405189037323,16,1.0,0.006995488423854113,0.004201244562864304,1.665099024772644,0.09181835502386093,33.658935546875,-0.0004972796887159454,0.0015361239202320576,0.009366662241518497,0.00042492823558859527,-2.3544998840560084e-07,-0.0004970442387275398,0.001091489801183343,0.003140900284051895,0.011892113834619522,0.02578882686793804,0.0,848,4.24,0.05181426927447319,0.0004970442387275398
0.005316464230418205,0.0,168.13540649414062,0.0,7.790375232696533,2.0748250484466553,0.1359599381685257,2.0577783584594727,0.19299177825450897,80.92813110351562,5.570271969190799e-05,0.005260761361569166,0.0026949674356728792,-9.094947017729282e-12,7.211618503788486e-05,1.0141136646270752,6.801359176635742,0.03672968968749046,0.0011722597992047668,-4.959465980529785,-5.470888614654541,0.4691753089427948,16,0.01830177567899227,0.13674166798591614,16,1.0,0.00699217151850462,0.004198665264993906,1.6653319597244263,0.09176861494779587,33.643470764160156,-0.0004967208951711761,0.0015359185636043549,0.009370964020490646,0.000424808677053079,2.0395964383016461e-07,-0.0004969248548150063,0.0010916165774688125,0.0031402609311044216,0.011900199577212334,0.025776151567697525,0.0,849,4.245,0.05181609094142914,0.0004969248548150063
0.005313982255756855,0.0,168.1354217529297,0.0,7.790375709533691,2.0748252868652344,0.1359599381685257,2.0577783584594727,0.19299177825450897,80.92813873291016,5.573877569986507e-05,0.005258243530988693,0.0026951672043651342,-1.6370904631912708e-11,7.211082265712321e-05,1.0141761302947998,6.801329135894775,0.03673423081636429,0.0011676748981699347,-4.95994234085083,-5.4715046882629395,0.46963322162628174,16,0.018301330506801605,0.13684235513210297,16,1.0,0.006988853216171265,0.0041960845701396465,1.6655653715133667,0.09171885997056961,33.627967834472656,-0.0004962552338838684,0.0015356357907876372,0.009375275112688541,0.0004246373719070107,4.929606802655303e-07,-0.0004967481945641339,0.0010892702266573906,0.003140340792015195,0.011911202222108841,0.025764942169189453,0.0,850,4.25,0.05181800574064255,0.0004967481945641339
0.005311501678079367,0.0,168.1354217529297,0.0,7.790375709533691,2.0748252868652344,0.1359599381685257,2.057778835296631,0.19299177825450897,80.92814636230469,5.5773434723960236e-05,0.005255728028714657,0.002695370465517044,-2.7284841053187847e-11,7.209947216324508e-05,1.0142381191253662,6.801299095153809,0.03673885017633438,0.001162494532763958,-4.960419178009033,-5.472120761871338,0.47006574273109436,16,0.018300220370292664,0.1369449347257614,16,1.0,0.0069855330511927605,0.004193505272269249,1.6657980680465698,0.09166909754276276,33.61252212524414,-0.000496115535497676,0.0015352542977780104,0.009379595518112183,0.00042440943070687354,3.9336737244258756e-07,-0.0004965089028701186,0.0010905900271609426,0.0031415456905961037,0.011921699158847332,0.025749478489160538,0.0,851,4.255,0.051819946616888046,0.0004965089028701186
0.005309021100401878,0.0,168.13543701171875,0.0,7.79037618637085,2.0748252868652344,0.1359599381685257,2.057778835296631,0.19299177825450897,80.92814636230469,5.580595097853802e-05,0.005253215320408344,0.002695585135370493,-1.4551915228366852e-11,7.207642192952335e-05,1.014299750328064,6.80126953125,0.036743514239788055,0.001157404389232397,-4.9608964920043945,-5.4727373123168945,0.47038739919662476,16,0.018297703936696053,0.13704566657543182,16,1.0,0.006982211489230394,0.004190926440060139,1.6660305261611938,0.09161929041147232,33.597068786621094,-0.0004959758371114837,0.0015347008593380451,0.009383967146277428,0.0004240867856424302,1.873704604698264e-07,-0.0004961632075719535,0.0010909513803198934,0.00314275617711246,0.011929317377507687,0.025734590366482735,0.0,852,4.26,0.05182197317481041,0.0004961632075719535
0.005306541919708252,0.0,168.1354217529297,0.0,7.790375709533691,2.0748250484466553,0.1359599381685257,2.0577785968780518,0.19299177825450897,80.92814636230469,5.583647362072952e-05,0.0052507054060697556,0.002695804461836815,-1.8189894035458565e-12,7.204303983598948e-05,1.0143616199493408,6.80124044418335,0.03674828261137009,0.0011529030743986368,-4.961373805999756,-5.473353862762451,0.4705527722835541,16,0.01829395815730095,0.13714753091335297,16,1.0,0.006978890858590603,0.004188348539173603,1.6662631034851074,0.09156949818134308,33.58139419555664,-0.0004956498742103682,0.0015339908422902226,0.009388378821313381,0.00042367924470454454,7.24103301658367e-08,-0.000495722284540534,0.0010913334554061294,0.0031440756283700466,0.011931397952139378,0.02572188526391983,0.0,853,4.265,0.05182405188679695,0.000495722284540534
0.005304064601659775,0.0,168.1354217529297,0.0,7.790375232696533,2.0748255252838135,0.1359599381685257,2.057778835296631,0.19299177825450897,80.92814636230469,5.5865290050860494e-05,0.005248199217021465,0.0026960361283272505,1.8189894035458565e-12,7.199843821581453e-05,1.0144227743148804,6.801211833953857,0.03675314038991928,0.0011584442108869553,-4.961851119995117,-5.473970413208008,0.47008979320526123,16,0.0182886254042387,0.1372494250535965,16,1.0,0.006975572090595961,0.004185772500932217,1.6664958000183105,0.09151969850063324,33.565975189208984,-0.0004955101758241759,0.0015331447357311845,0.009392829611897469,0.00042323509114794433,-2.7666101233222735e-07,-0.0004952335148118436,0.0010913615114986897,0.003138986648991704,0.011917593888938427,0.025685973465442657,0.0,854,4.2700000000000005,0.05182620510458946,0.0004952335148118436
0.00530158681795001,0.0,168.13543701171875,0.0,7.79037618637085,2.0748252868652344,0.1359599381685257,2.057778835296631,0.19299177825450897,80.92814636230469,5.5896685807965696e-05,0.005245690234005451,0.002696277340874076,3.637978807091713e-12,7.197360537247732e-05,1.01448392868042,6.801182746887207,0.03675811365246773,0.0011603853199630976,-4.9623284339904785,-5.474586486816406,0.4698362350463867,16,0.018285905942320824,0.13734816014766693,16,1.0,0.00697225471958518,0.004183199722319841,1.6667276620864868,0.09146996587514877,33.55026626586914,-0.0004954636096954451,0.0015325488056987524,0.009397144429385662,0.0004229158803354949,-5.741021596000458e-07,-0.000494889507535845,0.0010918036568909883,0.0031386236660182476,0.011921340599656105,0.02566935122013092,0.0,855,4.275,0.051828429102897644,0.000494889507535845
0.0052991099655628204,0.0,168.1354522705078,0.0,7.79037618637085,2.0748252868652344,0.1359599381685257,2.057778835296631,0.19299177825450897,80.92814636230469,5.5927157518453896e-05,0.005243182647973299,0.0026965197175741196,-1.0913936421275139e-11,7.1940608904697e-05,1.014545202255249,6.801155090332031,0.036763109266757965,0.0011661687167361379,-4.96280574798584,-5.475202560424805,0.4693293571472168,16,0.018282106146216393,0.13745035231113434,16,1.0,0.006968939211219549,0.004180628806352615,1.666959524154663,0.09142031520605087,33.53459167480469,-0.0004949048161506758,0.0015318483347073197,0.009401527233421803,0.000422554585384205,-4.096073098585869e-07,-0.0004944952088408172,0.0010888376273214817,0.003135413397103548,0.011903862468898296,0.025661172345280647,0.0,856,4.28,0.05183068662881851,0.0004944952088408172
0.005296637769788504,0.0,168.13543701171875,0.0,7.790375709533691,2.0748252868652344,0.1359599381685257,2.0577785968780518,0.19299177825450897,80.92814636230469,5.596017945208587e-05,0.005240677390247583,0.002696771640330553,-3.637978807091713e-12,7.191963231889531e-05,1.0146061182022095,6.801126480102539,0.036768168210983276,0.0011624358594417572,-4.963282585144043,-5.475818157196045,0.4695667326450348,16,0.018279653042554855,0.137551411986351,16,1.0,0.0069656288251280785,0.0041780611500144005,1.667191743850708,0.09137073904275894,33.51886749267578,-0.0004944857209920988,0.0015313627663999796,0.0094058308750391,0.00042227201629430056,-2.940651029453541e-07,-0.0004941916558891535,0.0010819248855113983,0.003133311402052641,0.011907091364264488,0.02566228248178959,0.0,857,4.285,0.051833003759384155,0.0004941916558891535
0.0052941651083528996,0.0,168.13543701171875,0.0,7.79037618637085,2.0748255252838135,0.1359599381685257,2.0577785968780518,0.19299177825450897,80.92814636230469,5.5994005379034206e-05,0.005238171201199293,0.002697034738957882,-3.637978807091713e-12,7.191029726527631e-05,1.01466703414917,6.801097869873047,0.03677333891391754,0.0011696317233145237,-4.963759899139404,-5.476434230804443,0.46915432810783386,16,0.01827900856733322,0.13765200972557068,16,1.0,0.0069623165763914585,0.004175493493676186,1.6674236059188843,0.09132116287946701,33.50320816040039,-0.0004940200597047911,0.001530947396531701,0.009410101920366287,0.0004220733535476029,-3.643799574234736e-08,-0.0004939836217090487,0.0010812235996127129,0.003134346567094326,0.011900576762855053,0.02565888501703739,0.0,858,4.29,0.05183538794517517,0.0004939836217090487
0.005291697569191456,0.0,168.13543701171875,0.0,7.790375232696533,2.0748250484466553,0.1359599381685257,2.057778835296631,0.19299177825450897,80.92814636230469,5.6028955441433936e-05,0.005235668737441301,0.0026973048225045204,-7.275957614183426e-12,7.190143514890224e-05,1.0147278308868408,6.801069259643555,0.036778613924980164,0.0011643368052318692,-4.964236736297607,-5.477049827575684,0.4696001410484314,16,0.018278194591403008,0.13775280117988586,16,1.0,0.006959008518606424,0.004172929562628269,1.667655348777771,0.09127165377140045,33.48738098144531,-0.0004935078322887526,0.0015306028071790934,0.009414374828338623,0.00042186648352071643,2.600718289508556e-07,-0.0004937679041177034,0.001081606955267489,0.0031355691608041525,0.011912239715456963,0.025646187365055084,0.0,859,4.295,0.05183783173561096,0.0004937679041177034
0.005289230030030012,0.0,168.13543701171875,0.0,7.790375709533691,2.0748252868652344,0.1359599381685257,2.0577785968780518,0.19299177825450897,80.92814636230469,5.606171180261299e-05,0.005233168136328459,0.002697582356631756,1.2732925824820995e-11,7.187957817222923e-05,1.0147886276245117,6.801041126251221,0.036783985793590546,0.0011623121099546552,-4.964714050292969,-5.477665901184082,0.46974506974220276,16,0.018275702372193336,0.13785357773303986,16,1.0,0.0069556995294988155,0.004170364700257778,1.667887568473816,0.0912221223115921,33.47158432006836,-0.0004935078322887526,0.0015300834784284234,0.009418698027729988,0.0004215744265820831,-5.384208635547411e-08,-0.0004934539902023971,0.0010817707516252995,0.003134161001071334,0.011913114227354527,0.025627976283431053,0.0,860,4.3,0.051840320229530334,0.0004934539902023971
0.005286762490868568,0.0,168.13543701171875,0.0,7.79037618637085,2.0748252868652344,0.1359599381685257,2.057778835296631,0.19299177825450897,80.92814636230469,5.609402069239877e-05,0.005230668466538191,0.002697868039831519,-1.0913936421275139e-11,7.185462163761258e-05,1.0148489475250244,6.801012992858887,0.036789420992136,0.0011658930452540517,-4.96519136428833,-5.4782819747924805,0.4695330858230591,16,0.01827264204621315,0.1379527747631073,16,1.0,0.006952391471713781,0.004167801700532436,1.6681195497512817,0.09117259085178375,33.45573425292969,-0.000493414700031291,0.0015295515768229961,0.009422991424798965,0.00042129706707783043,-2.629822120175625e-07,-0.0004931517178192735,0.0010802402393892407,0.0031280405819416046,0.011900893412530422,0.02560311183333397,0.0,861,4.305,0.05184287577867508,0.0004931517178192735
0.005284295883029699,0.0,168.1354522705078,0.0,7.79037618637085,2.0748255252838135,0.1359599381685257,2.057778835296631,0.19299177825450897,80.92814636230469,5.6129079894162714e-05,0.005228166934102774,0.0026981644332408905,1.8189894035458565e-12,7.184936112025753e-05,1.014908790588379,6.800985813140869,0.03679496794939041,0.001171950250864029,-4.965668678283691,-5.478898048400879,0.4693804681301117,16,0.01827203296124935,0.13805533945560455,16,1.0,0.006949085276573896,0.0041652400977909565,1.668351650238037,0.09112313389778137,33.439945220947266,-0.0004932284355163679,0.0015292890602722764,0.009427136741578579,0.00042117698467336595,-2.020969987020756e-07,-0.0004930263385176659,0.0010785689810290933,0.0031225511338561773,0.011905569583177567,0.025592025369405746,0.0,862,4.3100000000000005,0.05184550583362579,0.0004930263385176659
0.005281830206513405,0.0,168.1354522705078,0.0,7.79037618637085,2.0748252868652344,0.1359599381685257,2.05777907371521,0.19299177825450897,80.92814636230469,5.616508860839531e-05,0.005225664936006069,0.0026984666474163532,-1.3642420526593924e-11,7.18498631613329e-05,1.014968752861023,6.800958156585693,0.036800604313611984,0.0011785025708377361,-4.966145992279053,-5.479514122009277,0.46924927830696106,16,0.018272165209054947,0.1381559520959854,16,1.0,0.006945780478417873,0.0041626798920333385,1.668583869934082,0.09107371419668198,33.42399597167969,-0.0004929956048727141,0.0015291002346202731,0.009431262500584126,0.0004210997431073338,-4.598405213215601e-08,-0.0004929496208205819,0.0010789030930027366,0.003117648884654045,0.011912225745618343,0.0255801510065794,0.0,863,4.315,0.05184817314147949,0.0004929496208205819
0.005279365926980972,0.0,168.1354522705078,0.0,7.790376663208008,2.0748255252838135,0.1359599381685257,2.057778835296631,0.19299177825450897,80.92814636230469,5.620181036647409e-05,0.005223164334893227,0.0026987739838659763,-2.1827872842550278e-11,7.185332651715726e-05,1.015028715133667,6.800930976867676,0.036806270480155945,0.0011750843841582537,-4.966623306274414,-5.480130195617676,0.46969369053840637,16,0.018272705376148224,0.1382569670677185,16,1.0,0.006942477542907,0.00416012154892087,1.668816089630127,0.09102433919906616,33.408023834228516,-0.0004927627742290602,0.0015289651928469539,0.009435373358428478,0.00042101499275304377,1.0553048922559965e-07,-0.0004928683047182858,0.0010781236924231052,0.003116270527243614,0.011922822333872318,0.025573544204235077,0.0,864,4.32,0.05185091495513916,0.0004928683047182858
0.005276902578771114,0.0,168.13546752929688,0.0,7.790377140045166,2.0748260021209717,0.1359599381685257,2.057779312133789,0.19299177825450897,80.92815399169922,5.623760080197826e-05,0.005220665130764246,0.0026990892365574837,-1.000444171950221e-11,7.18528899597004e-05,1.015088438987732,6.800905227661133,0.03681205213069916,0.0011740721529349685,-4.967101097106934,-5.480746746063232,0.469918429851532,16,0.01827281154692173,0.1383569836616516,16,1.0,0.0069391727447509766,0.004157562740147114,1.6690481901168823,0.09097494184970856,33.39208984375,-0.0004927162081003294,0.0015287577407434583,0.009439502842724323,0.0004208995378576219,3.6205165077659966e-08,-0.0004927524132654071,0.0010785453487187624,0.0031149659771472216,0.011942114681005478,0.025566596537828445,0.0,865,4.325,0.05185370147228241,0.0004927524132654071
0.005274438764899969,0.0,168.13546752929688,0.0,7.790376663208008,2.0748255252838135,0.1359599381685257,2.05777907371521,0.19299177825450897,80.92814636230469,5.6271419452968985e-05,0.005218167323619127,0.0026994100771844387,9.094947017729282e-12,7.184229616541415e-05,1.0151485204696655,6.80087947845459,0.03681786358356476,0.0011813014280050993,-4.967579364776611,-5.481363296508789,0.4696550667285919,16,0.018271751701831818,0.13845781981945038,16,1.0,0.006935866549611092,0.00415500532835722,1.6692798137664795,0.09092554450035095,33.3760986328125,-0.0004924368113279448,0.0015283750835806131,0.009443703107535839,0.0004207193851470947,1.2485543264887083e-07,-0.0004925616667605937,0.0010811835527420044,0.0031120451167225838,0.011935904622077942,0.025549378246068954,0.0,866,4.33,0.05185658857226372,0.0004925616667605937
0.005271978210657835,0.0,168.13546752929688,0.0,7.790376663208008,2.0748255252838135,0.1359599381685257,2.057778835296631,0.19299177825450897,80.92814636230469,5.630656232824549e-05,0.005215671844780445,0.0026997379027307034,2.7284841053187847e-12,7.18386290827766e-05,1.0152078866958618,6.800854682922363,0.03682377189397812,0.0011756764724850655,-4.968057632446289,-5.481979846954346,0.4699258506298065,16,0.018271591514348984,0.13855695724487305,16,1.0,0.006932561285793781,0.004152449779212475,1.6695111989974976,0.09087619185447693,33.35995101928711,-0.0004921108484268294,0.0015281055821105838,0.009447859600186348,0.00042055165977217257,2.7945498003504026e-07,-0.0004923903034068644,0.0010816259309649467,0.0031138574704527855,0.011943120509386063,0.02554837428033352,0.0,867,4.335,0.05185951292514801,0.0004923903034068644
0.005269517656415701,0.0,168.13546752929688,0.0,7.790376663208008,2.0748255252838135,0.1359599381685257,2.057778835296631,0.19299177825450897,80.92814636230469,5.633926048176363e-05,0.005213178228586912,0.0027000317350029945,-4.547473508864641e-12,7.18196461093612e-05,1.0152674913406372,6.800829887390137,0.036829765886068344,0.0011755202431231737,-4.968535900115967,-5.482596397399902,0.46990451216697693,16,0.018269378691911697,0.13865818083286285,16,1.0,0.00692925788462162,0.004149895627051592,1.6697427034378052,0.0908268541097641,33.34385299682617,-0.0004919245839119063,0.0015276436461135745,0.00945206731557846,0.0004202969721518457,1.9202707334301222e-07,-0.0004921166109852493,0.0010770988883450627,0.00311082461848855,0.011938434094190598,0.02554379403591156,0.0,868,4.34,0.051861852407455444,0.0004921166109852493
0.005267058964818716,0.0,168.13546752929688,0.0,7.790377140045166,2.0748252868652344,0.1359599381685257,2.05777907371521,0.19299177825450897,80.92815399169922,5.6373632105533034e-05,0.005210685543715954,0.002700330689549446,1.8189894035458565e-12,7.181293767644092e-05,1.015326738357544,6.800804615020752,0.03683590888977051,0.0011778402840718627,-4.9690141677856445,-5.483212947845459,0.46994033455848694,16,0.018268786370754242,0.13875679671764374,16,1.0,0.006925956346094608,0.004147343337535858,1.6699742078781128,0.09077753126621246,33.327919006347656,-0.0004917383193969832,0.0015273294411599636,0.00945620983839035,0.0004201342526357621,2.088490873470043e-07,-0.0004919471684843302,0.0010752935195341706,0.0031093002762645483,0.011952245607972145,0.025543954223394394,0.0,869,4.345,0.0518641322851181,0.0004919471684843302
0.005264600273221731,0.0,168.13546752929688,0.0,7.790377140045166,2.0748255252838135,0.1359599381685257,2.057779312133789,0.19299177825450897,80.92815399169922,5.6407803640468046e-05,0.005208192393183708,0.0027006317395716906,1.0913936421275139e-11,7.180243846960366e-05,1.0153861045837402,6.800780296325684,0.03684205934405327,0.0011739906622096896,-4.969492435455322,-5.483829975128174,0.47024598717689514,16,0.018267622217535973,0.13885816931724548,16,1.0,0.006922656204551458,0.00414479011669755,1.6702066659927368,0.09072823822498322,33.31169509887695,-0.0004916451871395216,0.0015269964933395386,0.009460360743105412,0.00041993806371465325,9.534414856574285e-08,-0.0004917405312880874,0.0010691405041143298,0.0031076520681381226,0.011955717578530312,0.0255396980792284,0.0,870,4.3500000000000005,0.05186647176742554,0.0004917405312880874
0.005262142512947321,0.0,168.13546752929688,0.0,7.790376663208008,2.0748257637023926,0.1359599381685257,2.057778835296631,0.19299177825450897,80.92815399169922,5.644208795274608e-05,0.0052057006396353245,0.0027009465266019106,1.1823431123048067e-11,7.179673411883414e-05,1.0154454708099365,6.800756454467773,0.036848388612270355,0.0011734552681446075,-4.969971179962158,-5.484447002410889,0.470473974943161,16,0.018267204985022545,0.13895709812641144,16,1.0,0.006919354200363159,0.004142238758504391,1.670438289642334,0.09067893028259277,33.29548645019531,-0.0004911795258522139,0.001526690786704421,0.009464477188885212,0.00041977071668952703,3.8789585231683004e-07,-0.0004915674217045307,0.0010695853270590305,0.0031078970059752464,0.011968327686190605,0.02552592195570469,0.0,871,4.355,0.051868896931409836,0.0004915674217045307
0.005259688477963209,0.0,168.13546752929688,0.0,7.790377140045166,2.0748255252838135,0.1359599381685257,2.057779312133789,0.19299177825450897,80.92816162109375,5.647471334668808e-05,0.005203213542699814,0.002701266435906291,-9.094947017729282e-12,7.177958468673751e-05,1.0155043601989746,6.8007330894470215,0.03685476630926132,0.001168151036836207,-4.970450401306152,-5.4850640296936035,0.47073832154273987,16,0.018265286460518837,0.13905738294124603,16,1.0,0.006916050333529711,0.004139689262956381,1.6706689596176147,0.09062963724136353,33.27922439575195,-0.0004908069968223676,0.0015262507367879152,0.009468632750213146,0.0004195099463686347,4.825415089622365e-07,-0.0004912895383313298,0.001068123267032206,0.003107561729848385,0.011972468346357346,0.025520851835608482,0.0,872,4.36,0.05187138915061951,0.0004912895383313298
0.005257234442979097,0.0,168.13548278808594,0.0,7.790376663208008,2.0748255252838135,0.1359599381685257,2.05777907371521,0.19299177825450897,80.92815399169922,5.6506338296458125e-05,0.0052007283084094524,0.0027015935629606247,-7.275957614183426e-12,7.17587026883848e-05,1.015562891960144,6.800709247589111,0.03686123341321945,0.0011627360945567489,-4.9709296226501465,-5.485681533813477,0.471052885055542,16,0.018263012170791626,0.13915805518627167,16,1.0,0.006912748329341412,0.004137139301747084,1.670900583267212,0.09058034420013428,33.26298522949219,-0.0004908535629510985,0.001525735598988831,0.009472803212702274,0.0004192085762042552,1.1373776941439855e-07,-0.0004909673007205129,0.0010686060413718224,0.003108814125880599,0.011980497278273106,0.02550949901342392,0.0,873,4.365,0.05187392234802246,0.0004909673007205129
0.005254779942333698,0.0,168.13548278808594,0.0,7.790377140045166,2.0748257637023926,0.1359599381685257,2.05777907371521,0.19299177825450897,80.92815399169922,5.6535885960329324e-05,0.005198244005441666,0.002701930236071348,-1.2732925824820995e-11,7.172788900788873e-05,1.0156216621398926,6.800686359405518,0.036867812275886536,0.0011577451368793845,-4.971409320831299,-5.48629903793335,0.47094669938087463,17,0.018259616568684578,0.13925746083259583,17,1.0,0.006909444462507963,0.004134590271860361,1.6711316108703613,0.09053102880716324,33.246795654296875,-0.0004903879016637906,0.0015250553842633963,0.00947701558470726,0.000418816547608003,1.5652040018590552e-07,-0.0004905444220639765,0.0010691321222111583,0.0031112749129533768,0.011989378370344639,0.025512853637337685,0.0,874,4.37,0.05187654495239258,0.0004905444220639765
0.0052523305639624596,0.0,168.13548278808594,0.0,7.790377140045166,2.0748257637023926,0.1359599381685257,2.057779312133789,0.19299177825450897,80.92815399169922,5.6562716054031625e-05,0.005195767618715763,0.0027022745925933123,0.0,7.168055890360847e-05,1.0156806707382202,6.800663948059082,0.03687448799610138,0.0011527694296091795,-4.971889019012451,-5.4869160652160645,0.47095900774002075,17,0.01825418882071972,0.1393573135137558,17,1.0,0.006906142458319664,0.004132045432925224,1.6713616847991943,0.09048175066709518,33.23050308227539,-0.0004900619387626752,0.0015241380315274,0.009481322020292282,0.00041829730616882443,-8.405186236945528e-08,-0.0004899778869003057,0.0010709846392273903,0.003113088896498084,0.011991123668849468,0.025497015565633774,0.0,875,4.375,0.051879238337278366,0.0004899778869003057
0.005249879322946072,0.0,168.13546752929688,0.0,7.790376663208008,2.0748255252838135,0.1359599381685257,2.05777907371521,0.19299177825450897,80.92814636230469,5.658735244651325e-05,0.005193292163312435,0.0027026250027120113,-1.2732925824820995e-11,7.161981193348765e-05,1.0157389640808105,6.800642013549805,0.03688126057386398,0.0011530638439580798,-4.972368240356445,-5.487533092498779,0.4703960716724396,17,0.01824699528515339,0.13945817947387695,17,1.0,0.006902844645082951,0.004129501525312662,1.6715927124023438,0.09043249487876892,33.214256286621094,-0.0004895962774753675,0.0015230386052280664,0.00948568619787693,0.0004176970978733152,-2.793967723950519e-07,-0.0004893168807029724,0.0010741747682914138,0.0031113331206142902,0.011981543153524399,0.025481201708316803,0.0,876,4.38,0.05188200622797012,0.0004893168807029724
0.005247434601187706,0.0,168.13548278808594,0.0,7.790377140045166,2.0748257637023926,0.1359599381685257,2.057779312133789,0.19299177825450897,80.92816162109375,5.6612163461977616e-05,0.005190822295844555,0.0027029821649193764,-3.637978807091713e-12,7.155607454478741e-05,1.0157976150512695,6.800619602203369,0.03688809648156166,0.0011531728086993098,-4.972846984863281,-5.488149166107178,0.46991440653800964,17,0.018239276483654976,0.139558807015419,17,1.0,0.006899552419781685,0.004126963671296835,1.6718229055404663,0.09038334339857101,33.1980094909668,-0.0004888512194156751,0.0015219339402392507,0.009490073658525944,0.0004170920583419502,-2.0308652893749612e-07,-0.0004886481328867376,0.0010673730866983533,0.003106696531176567,0.011960976757109165,0.025470390915870667,0.0,877,4.385,0.051884833723306656,0.0004886481328867376
0.005244990810751915,0.0,168.13548278808594,0.0,7.790378093719482,2.0748260021209717,0.1359599381685257,2.057779312133789,0.19299177825450897,80.92816162109375,5.664010313921608e-05,0.005188350565731525,0.0027033514343202114,5.4569682106375694e-12,7.151455065468326e-05,1.0158562660217285,6.800597190856934,0.03689510375261307,0.0011536432430148125,-4.973325252532959,-5.488764762878418,0.46976238489151,17,0.018234392628073692,0.1396580934524536,17,1.0,0.006896264851093292,0.004124429076910019,1.6720532178878784,0.09033425152301788,33.181575775146484,-0.0004882924258709058,0.0015211267163977027,0.00949431024491787,0.0004166507569607347,-1.2712553144542116e-07,-0.0004881653003394604,0.0010639510583132505,0.0031044469214975834,0.011950934305787086,0.025452766567468643,0.0,878,4.39,0.05188771337270737,0.0004881653003394604
0.005242551676928997,0.0,168.135498046875,0.0,7.790378093719482,2.0748260021209717,0.1359599381685257,2.057779550552368,0.19299177825450897,80.92816162109375,5.667025106959045e-05,0.00518588162958622,0.0027037281543016434,-1.8189894035458565e-12,7.148587610572577e-05,1.0159146785736084,6.800573348999023,0.03690220043063164,0.001149773714132607,-4.973803520202637,-5.489380359649658,0.4699614346027374,17,0.018230970948934555,0.1397598832845688,17,1.0,0.0068929786793887615,0.004121895879507065,1.6722835302352905,0.09028521925210953,33.16524887084961,-0.0004879198968410596,0.0015205374220386147,0.009498430415987968,0.0004163125704508275,-1.2145028450635809e-07,-0.00048779844655655324,0.0010554194450378418,0.0031020650640130043,0.01195078156888485,0.0254482701420784,0.0,879,4.3950000000000005,0.05189066007733345,0.00048779844655655324
0.0052401116117835045,0.0,168.135498046875,0.0,7.790378570556641,2.0748260021209717,0.1359599381685257,2.057779550552368,0.19299177825450897,80.92816162109375,5.670147220371291e-05,0.005183410365134478,0.002704116515815258,-1.4551915228366852e-11,7.146630377974361e-05,1.0159728527069092,6.80055046081543,0.03690943121910095,0.0011500517139211297,-4.9742817878723145,-5.489995956420898,0.4698465168476105,17,0.018228765577077866,0.13985887169837952,17,1.0,0.006889693904668093,0.00411936454474926,1.672513723373413,0.09023617208003998,33.148929595947266,-0.0004875939339399442,0.001520052319392562,0.009502491913735867,0.0004160500830039382,-7.753260434714693e-08,-0.00048751640133559704,0.0010537055786699057,0.003100317670032382,0.011950701475143433,0.025448976084589958,0.0,880,4.4,0.051893673837184906,0.00048751640133559704
0.005237675737589598,0.0,168.135498046875,0.0,7.790378093719482,2.0748260021209717,0.1359599381685257,2.057779312133789,0.19299177825450897,80.92816162109375,5.673290434060618e-05,0.005180942825973034,0.0027045118622481823,1.8189894035458565e-12,7.144849223550409e-05,1.016031265258789,6.800527572631836,0.036916762590408325,0.001147055416367948,-4.974760055541992,-5.490611553192139,0.4699925184249878,17,0.018226850777864456,0.13995961844921112,17,1.0,0.006886410992592573,0.004116834606975317,1.6727441549301147,0.09018716961145401,33.13270568847656,-0.0004870351403951749,0.0015195792075246572,0.009506555274128914,0.0004157803487032652,1.937150955096112e-07,-0.0004872288554906845,0.0010540444636717439,0.003100915113463998,0.011961286887526512,0.025446563959121704,0.0,881,4.405,0.05189675837755203,0.0004872288554906845
0.005235241260379553,0.0,168.135498046875,0.0,7.790378570556641,2.0748257637023926,0.1359599381685257,2.057779550552368,0.19299177825450897,80.92816162109375,5.676262662746012e-05,0.005178478546440601,0.0027049153577536345,-2.3646862246096134e-11,7.142074900912121e-05,1.0160893201828003,6.800504684448242,0.03692420572042465,0.0011492528719827533,-4.97523832321167,-5.491227149963379,0.46970605850219727,17,0.01822371780872345,0.140060156583786,17,1.0,0.0068831294775009155,0.004114306066185236,1.6729745864868164,0.09013818949460983,33.11632537841797,-0.0004868954420089825,0.001518952427431941,0.00951068289577961,0.0004154465568717569,-2.811430023155889e-08,-0.00048686732770875096,0.0010542974341660738,0.003099729074165225,0.011954959481954575,0.025442074984312057,0.0,882,4.41,0.051899924874305725,0.0004868672986049205
0.005232806783169508,0.0,168.135498046875,0.0,7.790377616882324,2.0748260021209717,0.1359599381685257,2.057779312133789,0.19299177825450897,80.92816162109375,5.6792643590597436e-05,0.005176014266908169,0.002705297665670514,-2.3646862246096134e-11,7.13919143890962e-05,1.0161477327346802,6.800481796264648,0.036931686103343964,0.0011476165382191539,-4.9757161140441895,-5.491842269897461,0.46974852681159973,17,0.018220368772745132,0.14016012847423553,17,1.0,0.006879852619022131,0.004111781716346741,1.673204779624939,0.09008925408124924,33.099891662597656,-0.0004864297807216748,0.0015183351933956146,0.00951482355594635,0.00041510065784677863,6.283516994573394e-08,-0.0004864926158916205,0.0010437603341415524,0.0030981930904090405,0.011960480362176895,0.025451624765992165,0.0,883,4.415,0.051902852952480316,0.00048649258678779006
0.005230376962572336,0.0,168.13551330566406,0.0,7.790378093719482,2.0748260021209717,0.1359599381685257,2.057779312133789,0.19299177825450897,80.92816162109375,5.68231480428949e-05,0.005173553712666035,0.0027056848630309105,-1.2732925824820995e-11,7.136625936254859e-05,1.0162062644958496,6.800459861755371,0.03693922981619835,0.0011434429325163364,-4.976193904876709,-5.492457389831543,0.469969779253006,17,0.01821749098598957,0.1402609944343567,17,1.0,0.006876577623188496,0.00410925829783082,1.6734352111816406,0.09004034847021103,33.08346176147461,-0.0004858709871769055,0.0015177475288510323,0.009518967010080814,0.0004147664876654744,2.617598511175088e-07,-0.000486132747028023,0.00104790017940104,0.0030988811049610376,0.011967510916292667,0.02543541230261326,0.0,884,4.42,0.05190582573413849,0.000486132747028023
0.005227948073297739,0.0,168.135498046875,0.0,7.790377616882324,2.0748257637023926,0.1359599381685257,2.057779550552368,0.19299177825450897,80.92816162109375,5.685157884727232e-05,0.005171096418052912,0.0027060392312705517,-7.275957614183426e-12,7.132969767553732e-05,1.0162643194198608,6.800437927246094,0.03694627434015274,0.0011387807317078114,-4.976672172546387,-5.493072509765625,0.47006091475486755,17,0.018213318660855293,0.14036187529563904,17,1.0,0.006873301230370998,0.004106736276298761,1.673665165901184,0.08999144285917282,33.06711959838867,-0.0004857312887907132,0.0015169945545494556,0.009523152373731136,0.00041433979640714824,-6.178743206999978e-08,-0.0004856695013586432,0.0010484084486961365,0.0031000711023807526,0.011970648542046547,0.02542496845126152,0.0,885,4.425,0.051908254623413086,0.0004856695013586432
0.005225519649684429,0.0,168.13551330566406,0.0,7.790378570556641,2.0748260021209717,0.1359599381685257,2.057779550552368,0.19299177825450897,80.92816162109375,5.687811426469125e-05,0.005168641451746225,0.0027063721790909767,-1.2732925824820995e-11,7.128221477614716e-05,1.0163226127624512,6.800415992736816,0.036953240633010864,0.0011418171925470233,-4.9771504402160645,-5.493687629699707,0.46965354681015015,17,0.01820773258805275,0.14046327769756317,17,1.0,0.006870025768876076,0.004104216117411852,1.6738947629928589,0.0899425595998764,33.05069351196289,-0.00048526562750340543,0.0015160848852247,0.009527387097477913,0.0004138572548981756,-1.2616510504029474e-07,-0.00048513946239836514,0.0010484361555427313,0.003097632434219122,0.011958908289670944,0.02540479600429535,0.0,886,4.43,0.051910433918237686,0.00048513946239836514
0.005223095417022705,0.0,168.13551330566406,0.0,7.790378570556641,2.0748260021209717,0.1359599381685257,2.0577797889709473,0.19299177825450897,80.92816162109375,5.690562829840928e-05,0.00516618974506855,0.0027066776528954506,1.8189894035458565e-12,7.1243557613343e-05,1.0163805484771729,6.800394058227539,0.03695971518754959,0.0011404526885598898,-4.977627754211426,-5.494302272796631,0.4694893956184387,17,0.018203407526016235,0.14056162536144257,17,1.0,0.006866758223623037,0.004101699683815241,1.674125075340271,0.08989372104406357,33.034183502197266,-0.00048484653234482847,0.0015152767300605774,0.00953155942261219,0.0004134144983254373,-1.884764060481616e-07,-0.0004846580559387803,0.0010481762001290917,0.0030994282569736242,0.011952844448387623,0.025394706055521965,0.0,887,4.4350000000000005,0.05191270262002945,0.0004846580559387803
0.005220671184360981,0.0,168.135498046875,0.0,7.790378093719482,2.0748260021209717,0.1359599381685257,2.057779312133789,0.19299177825450897,80.92816162109375,5.693270577467047e-05,0.005163738504052162,0.0027069898787885904,1.8189894035458565e-12,7.119857764337212e-05,1.0164382457733154,6.800372123718262,0.03696630895137787,0.0011408606078475714,-4.978105068206787,-5.494916915893555,0.46912315487861633,17,0.01819799654185772,0.14066317677497864,17,1.0,0.0068634930066764355,0.004099184647202492,1.6743556261062622,0.0898449495434761,33.017757415771484,-0.0004841946065425976,0.0015144346980378032,0.00953573826700449,0.0004129574226681143,-3.859167919592881e-08,-0.00048415601486340165,0.0010463750222697854,0.003095809603109956,0.011939041316509247,0.0253837238997221,0.0,888,4.44,0.0519150048494339,0.00048415601486340165
0.005218253470957279,0.0,168.13551330566406,0.0,7.790378570556641,2.0748260021209717,0.1359599381685257,2.0577797889709473,0.19299177825450897,80.92816162109375,5.696143489331007e-05,0.005161291919648647,0.002707310486584902,-9.094947017729282e-12,7.11641478119418e-05,1.016495943069458,6.800349712371826,0.03697304427623749,0.0011360958451405168,-4.97858190536499,-5.49553108215332,0.46912744641304016,17,0.018193967640399933,0.14076437056064606,17,1.0,0.006860232446342707,0.004096672870218754,1.674586296081543,0.08979624509811401,33.0013427734375,-0.0004835892468690975,0.0015137380687519908,0.00953985657542944,0.0004125625127926469,1.3742828740639663e-07,-0.0004837266751565039,0.0010431066621094942,0.003095251740887761,0.011935252696275711,0.025379102677106857,0.0,889,4.445,0.05191737413406372,0.0004837266751565039
0.00521583529189229,0.0,168.13551330566406,0.0,7.790378570556641,2.0748260021209717,0.1359599381685257,2.057779550552368,0.19299177825450897,80.92816162109375,5.698908353224397e-05,0.005158846266567707,0.002707642037421465,0.0,7.112625462468714e-05,1.0165536403656006,6.800327301025391,0.03697991371154785,0.0011320635676383972,-4.979058742523193,-5.496144771575928,0.4691235423088074,17,0.018189670518040657,0.14086517691612244,17,1.0,0.0068569728173315525,0.004094164818525314,1.6748160123825073,0.08974756300449371,32.984825134277344,-0.0004834029823541744,0.0015129548264667392,0.00954399537295103,0.0004121219099033624,-1.5483237804012322e-07,-0.0004832481499761343,0.0010455013252794743,0.003097008215263486,0.011937079951167107,0.025372501462697983,0.0,890,4.45,0.05191982537508011,0.0004832481499761343
0.0052134194411337376,0.0,168.13551330566406,0.0,7.790378570556641,2.0748260021209717,0.1359599381685257,2.057779550552368,0.19299177825450897,80.92816162109375,5.701538611901924e-05,0.005156403873115778,0.0027079670690000057,1.8189894035458565e-12,7.107898272806779e-05,1.0166112184524536,6.800305366516113,0.036986786872148514,0.0011314097791910172,-4.9795355796813965,-5.496758460998535,0.4688374400138855,17,0.018184145912528038,0.1409655064344406,17,1.0,0.0068537150509655476,0.004091658163815737,1.6750458478927612,0.0896988958120346,32.96826171875,-0.0004831235855817898,0.0015120445750653744,0.009548192843794823,0.0004116251948289573,-4.194153007222893e-07,-0.0004827041702810675,0.001045073731802404,0.003096330212429166,0.011922905221581459,0.025360481813549995,0.0,891,4.455,0.05192207545042038,0.0004827041702810675
0.005211004056036472,0.0,168.13551330566406,0.0,7.790378570556641,2.0748257637023926,0.1359599381685257,2.0577797889709473,0.19299177825450897,80.92816162109375,5.704194700228982e-05,0.005153961945325136,0.0027082934975624084,5.4569682106375694e-12,7.103058305801824e-05,1.0166685581207275,6.800282955169678,0.03699386119842529,0.0011391844600439072,-4.9800124168396,-5.497371673583984,0.4680039882659912,17,0.01817817986011505,0.14106641709804535,17,1.0,0.006850459147244692,0.00408915476873517,1.6752750873565674,0.08965028822422028,32.95169448852539,-0.0004825182259082897,0.001511164242401719,0.00955236703157425,0.0004111764719709754,-3.111781552536967e-07,-0.000482207047753036,0.0010412409901618958,0.0030885175801813602,0.011915243230760098,0.0253464225679636,0.0,892,4.46,0.05192418396472931,0.000482207047753036
0.005208594258874655,0.0,168.13552856445312,0.0,7.790379524230957,2.0748260021209717,0.1359599381685257,2.0577797889709473,0.19299177825450897,80.92817687988281,5.7070868933806196e-05,0.0051515232771635056,0.002708624815568328,9.094947017729282e-12,7.099703361745924e-05,1.0167262554168701,6.800259590148926,0.03700100630521774,0.0011366032995283604,-4.980488300323486,-5.497984409332275,0.46810534596443176,17,0.018174175173044205,0.14116543531417847,17,1.0,0.006847210694104433,0.004086655098944902,1.6755049228668213,0.0896017998456955,32.9350471496582,-0.00048209913074971275,0.0015104920603334904,0.00955645740032196,0.00041080242954194546,-2.9965303839283013e-07,-0.0004817994777113199,0.0010385082568973303,0.0030861429404467344,0.011912934482097626,0.025329599156975746,0.0,893,4.465,0.05192633718252182,0.0004817994777113199
0.005206183064728975,0.0,168.13552856445312,0.0,7.790378570556641,2.0748260021209717,0.1359599381685257,2.057779550552368,0.19299177825450897,80.92817687988281,5.7100201956927776e-05,0.005149082746356726,0.0027089673094451427,1.2732925824820995e-11,7.096641638781875e-05,1.0167839527130127,6.800237655639648,0.03700828552246094,0.0011389130959287286,-4.980964183807373,-5.498597145080566,0.46792975068092346,17,0.018170366063714027,0.1412670612335205,17,1.0,0.006843964569270611,0.004084156826138496,1.6757349967956543,0.0895533338189125,32.91837692260742,-0.0004817731678485973,0.0015098886797204614,0.009560479782521725,0.0004104842955712229,-3.2247044147085515e-07,-0.0004814506974071264,0.0010328952921554446,0.003079913556575775,0.011910445988178253,0.02531183883547783,0.0,894,4.47,0.051928579807281494,0.0004814506974071264
0.005203776527196169,0.0,168.13551330566406,0.0,7.790378093719482,2.0748260021209717,0.1359599381685257,2.057779550552368,0.19299177825450897,80.92816925048828,5.713109203497879e-05,0.005146645475178957,0.002709317486733198,-7.275957614183426e-12,7.095013279467821e-05,1.016841173171997,6.800215244293213,0.03701566532254219,0.0011353170266374946,-4.98144006729126,-5.499209880828857,0.46818244457244873,17,0.01816859096288681,0.1413676142692566,17,1.0,0.006840719375759363,0.00408166041597724,1.6759648323059082,0.0895048975944519,32.90178680419922,-0.0004809815436601741,0.0015094487462192774,0.009564404375851154,0.00041023403173312545,2.0262086762953433e-07,-0.00048118416452780366,0.0010333920363336802,0.0030801608227193356,0.011922369711101055,0.02530241198837757,0.0,895,4.4750000000000005,0.051930878311395645,0.00048118416452780366
0.005201373249292374,0.0,168.13551330566406,0.0,7.790378570556641,2.0748257637023926,0.1359599381685257,2.0577797889709473,0.19299177825450897,80.92817687988281,5.715999213862233e-05,0.005144213326275349,0.002709675580263138,-1.0913936421275139e-11,7.092058513080701e-05,1.0168986320495605,6.800193786621094,0.03702313452959061,0.0011371405562385917,-4.981916427612305,-5.499822616577148,0.46797171235084534,17,0.01816503331065178,0.14146624505519867,17,1.0,0.006837472785264254,0.004079165402799845,1.6761940717697144,0.0894564613699913,32.88508605957031,-0.0004806555807590587,0.0015088373329490423,0.009568390436470509,0.00040990926208905876,1.742737367646757e-07,-0.0004808298544958234,0.0010325481416657567,0.003076086286455393,0.011918318457901478,0.02529388852417469,0.0,896,4.48,0.05193328112363815,0.0004808298544958234
0.005198969971388578,0.0,168.1355438232422,0.0,7.790379047393799,2.0748260021209717,0.1359599381685257,2.0577797889709473,0.19299177825450897,80.92817687988281,5.718992179026827e-05,0.005141780246049166,0.0027100376319140196,3.637978807091713e-12,7.08981606294401e-05,1.0169554948806763,6.800171852111816,0.037030719220638275,0.0011340113123878837,-4.982392311096191,-5.5004353523254395,0.4682078957557678,17,0.0181624386459589,0.14156807959079742,17,1.0,0.006834230851382017,0.004076671786606312,1.6764241456985474,0.08940808475017548,32.86841583251953,-0.0004803296178579433,0.0015083232428878546,0.009572328068315983,0.0004096199991181493,1.8853461368847522e-07,-0.00048051815247163177,0.001030043000355363,0.003074864624068141,0.011916887946426868,0.025281431153416634,0.0,897,4.485,0.051935695111751556,0.00048051815247163177
0.005196569953113794,0.0,168.1355438232422,0.0,7.790379047393799,2.074826240539551,0.1359599381685257,2.0577800273895264,0.19299177825450897,80.92817687988281,5.722003697883338e-05,0.005139349959790707,0.002710412722080946,5.4569682106375694e-12,7.08791776560247e-05,1.017012357711792,6.800150394439697,0.03703843057155609,0.001129243872128427,-4.982868194580078,-5.5010480880737305,0.4685349464416504,17,0.018160315230488777,0.14166881144046783,17,1.0,0.006830989848822355,0.004074179567396641,1.6766541004180908,0.08935970067977905,32.851741790771484,-0.0004799570888280971,0.001507853390648961,0.009576213546097279,0.000409348780522123,2.7086935005057487e-07,-0.0004802279581781477,0.0010283191222697496,0.003075037617236376,0.01192353293299675,0.02527189627289772,0.0,898,4.49,0.05193820595741272,0.0004802279581781477
0.0051941704005002975,0.0,168.1355438232422,0.0,7.790378570556641,2.0748260021209717,0.1359599381685257,2.0577800273895264,0.19299177825450897,80.92817687988281,5.724890070268884e-05,0.005136921536177397,0.0027107957284897566,-1.4551915228366852e-11,7.085515244398266e-05,1.017068862915039,6.800128936767578,0.03704627603292465,0.0011276318691670895,-4.983344554901123,-5.5016608238220215,0.4686300456523895,17,0.018157634884119034,0.1417698860168457,17,1.0,0.006827747914940119,0.004071689210832119,1.676883339881897,0.08931130915880203,32.83513259887695,-0.00047986395657063555,0.0015072922687977552,0.00958011019974947,0.00040904025081545115,3.143213688302669e-08,-0.0004798953887075186,0.0010270195780321956,0.0030751663725823164,0.01191988866776228,0.02526155114173889,0.0,899,4.495,0.05194079130887985,0.0004798953887075186
0.005191771313548088,0.0,168.1355438232422,0.0,7.790378570556641,2.0748260021209717,0.1359599381685257,2.0577800273895264,0.19299177825450897,80.92817687988281,5.7277593441540375e-05,0.005134493578225374,0.002711185486987233,-1.8189894035458565e-12,7.082887168508023e-05,1.0171252489089966,6.800107002258301,0.0370541512966156,0.001123639172874391,-4.983820915222168,-5.5022735595703125,0.4688367247581482,17,0.018154527992010117,0.14186957478523254,17,1.0,0.006824507378041744,0.004069199785590172,1.6771129369735718,0.08926291763782501,32.81839370727539,-0.0004794448614120586,0.0015067352214828134,0.009583979845046997,0.00040872415411286056,1.0814983396697673e-07,-0.00047955301124602556,0.0010236252564936876,0.0030735174659639597,0.011916572228074074,0.025250950828194618,0.0,900,4.5,0.051943421363830566,0.00047955301124602556
0.005189375951886177,0.0,168.1355438232422,0.0,7.790379047393799,2.0748260021209717,0.1359599381685257,2.0577797889709473,0.19299177825450897,80.92817687988281,5.730651173507795e-05,0.00513206934556365,0.0027115880511701107,-1.2732925824820995e-11,7.080815703375265e-05,1.017181396484375,6.80008602142334,0.03706222027540207,0.0011192820966243744,-4.984297752380371,-5.5028862953186035,0.46916016936302185,17,0.0181522686034441,0.1419704407453537,17,1.0,0.0068212649784982204,0.004066712222993374,1.6773414611816406,0.08921454846858978,32.80160140991211,-0.0004793982952833278,0.0015062250895425677,0.009587799198925495,0.0004084327374584973,-1.5739351512026158e-07,-0.00047924090176820755,0.001024161116220057,0.0030748555436730385,0.011925038881599903,0.025238800793886185,0.0,901,4.505,0.051946140825748444,0.00047924090176820755
0.005186977330595255,0.0,168.1355438232422,0.0,7.790379524230957,2.07482647895813,0.1359599381685257,2.0577797889709473,0.19299177825450897,80.92817687988281,5.733356374548748e-05,0.005129643715918064,0.002711997600272298,6.366462912410498e-12,7.077588088577613e-05,1.0172371864318848,6.8000640869140625,0.03707033023238182,0.0011294258292764425,-4.984774589538574,-5.5034990310668945,0.468523770570755,17,0.018148355185985565,0.14207182824611664,17,1.0,0.006818024441599846,0.004064226523041725,1.6775699853897095,0.08916617929935455,32.78496170043945,-0.0004794448614120586,0.0015055665280669928,0.009591653943061829,0.00040811399230733514,-5.549809429897007e-07,-0.0004788898804690689,0.0010259338887408376,0.003068271791562438,0.011904140003025532,0.025211062282323837,0.0,902,4.51,0.051948923617601395,0.0004788898804690689
0.005184581503272057,0.0,168.1355438232422,0.0,7.790379524230957,2.07482647895813,0.1359599381685257,2.0577802658081055,0.19299177825450897,80.92817687988281,5.736423918278888e-05,0.0051272171549499035,0.002712415996938944,2.7284841053187847e-11,7.076798647176474e-05,1.0172924995422363,6.800043106079102,0.03707858547568321,0.0011323258513584733,-4.985250949859619,-5.5041117668151855,0.4685628414154053,17,0.01814766228199005,0.1421724110841751,17,1.0,0.006814788561314344,0.004061742220073938,1.6777993440628052,0.08911788463592529,32.768192291259766,-0.00047893263399602,0.0015052371891215444,0.009595368057489395,0.00040794815868139267,-2.1650339477783352e-07,-0.0004787161306012422,0.001024194760248065,0.00306765572167933,0.011904284358024597,0.025196198374032974,0.0,903,4.515,0.05195176228880882,0.00047871615970507264
0.005182188004255295,0.0,168.1355438232422,0.0,7.790379047393799,2.074826240539551,0.1359599381685257,2.0577797889709473,0.19299177825450897,80.92817687988281,5.73955439904239e-05,0.005124792456626892,0.0027128425426781178,1.8189894035458565e-12,7.07628350937739e-05,1.017347812652588,6.800021171569824,0.037086907774209976,0.0011353003792464733,-4.985727310180664,-5.504724502563477,0.46866366267204285,17,0.018147140741348267,0.14227177202701569,17,1.0,0.0068115536123514175,0.004059258848428726,1.67802894115448,0.08906961232423782,32.75138473510742,-0.00047851353883744305,0.0015049796784296632,0.009599032811820507,0.00040782109135761857,7.03730620341906e-08,-0.00047858391189947724,0.0010244033765047789,0.003064636141061783,0.011915910989046097,0.025187956169247627,0.0,904,4.5200000000000005,0.051954660564661026,0.00047858391189947724
0.005179796367883682,0.0,168.13555908203125,0.0,7.790380001068115,2.074826240539551,0.1359599381685257,2.0577802658081055,0.19299177825450897,80.92818450927734,5.7426339481025934e-05,0.005122370086610317,0.002713274909183383,-1.4551915228366852e-11,7.075820758473128e-05,1.01740300655365,6.80000114440918,0.03709537908434868,0.001145203597843647,-4.986203670501709,-5.505337238311768,0.4685285985469818,17,0.018146855756640434,0.14237366616725922,17,1.0,0.00680832052603364,0.0040567778050899506,1.6782581806182861,0.08902137726545334,32.7347297668457,-0.00047837384045125073,0.0015046834014356136,0.009602705016732216,0.0004076999321114272,8.42846929925093e-08,-0.00047845812514424324,0.0010248722974210978,0.00306229991838336,0.01192035898566246,0.025166155770421028,0.0,905,4.525,0.051957592368125916,0.00047845812514424324
0.005177404265850782,0.0,168.1355438232422,0.0,7.790379047393799,2.074826240539551,0.1359599381685257,2.0577800273895264,0.19299177825450897,80.92817687988281,5.745796443079598e-05,0.0051199463196098804,0.002713714726269245,2.000888343900442e-11,7.075737812556326e-05,1.0174579620361328,6.799981117248535,0.03710396587848663,0.001150593045167625,-4.986679553985596,-5.505950450897217,0.46856725215911865,17,0.018146922811865807,0.14247450232505798,17,1.0,0.006805092561990023,0.0040542958304286,1.6784894466400146,0.08897317200899124,32.717926025390625,-0.00047818757593632764,0.0015044738538563251,0.009606326930224895,0.0004076079640071839,1.7773709258908123e-07,-0.0004783653130289167,0.0010234954534098506,0.003059620503336191,0.01193318609148264,0.025170575827360153,0.0,906,4.53,0.05196058750152588,0.0004783653421327472
0.005175014492124319,0.0,168.13555908203125,0.0,7.790379524230957,2.0748260021209717,0.1359599381685257,2.0577797889709473,0.19299177825450897,80.92817687988281,5.7488581660436466e-05,0.005117525812238455,0.0027141617611050606,7.275957614183426e-12,7.074998575262725e-05,1.0175127983093262,6.799961566925049,0.037112604826688766,0.001145584275946021,-4.987155437469482,-5.506563663482666,0.469035267829895,17,0.01814625784754753,0.14257603883743286,17,1.0,0.006801865994930267,0.004051815252751112,1.6787207126617432,0.08892498910427094,32.70114517211914,-0.00047800131142140454,0.0015041703591123223,0.009609987959265709,0.0004074283642694354,1.7703860065811962e-07,-0.00047817835002206266,0.001024064258672297,0.0030609779059886932,0.01194735337048769,0.025162314996123314,0.0,907,4.535,0.05196366459131241,0.00047817835002206266
0.0051726242527365685,0.0,168.1355438232422,0.0,7.790379047393799,2.074826240539551,0.1359599381685257,2.0577802658081055,0.19299177825450897,80.92817687988281,5.751696153311059e-05,0.005115107167512178,0.0027146125212311745,-5.4569682106375694e-12,7.073040615068749e-05,1.017567753791809,6.7999420166015625,0.03712131455540657,0.0011443360708653927,-4.987631797790527,-5.507177352905273,0.469312846660614,17,0.01814405620098114,0.14267756044864655,17,1.0,0.006798637565225363,0.004049334675073624,1.6789517402648926,0.08887678384780884,32.68440628051758,-0.0004778616130352122,0.001503684208728373,0.009613702073693275,0.0004071632865816355,3.207242115312904e-08,-0.00047789368545636535,0.0010304220486432314,0.0030606226064264774,0.011958178132772446,0.025144699960947037,0.0,908,4.54,0.051966771483421326,0.00047789368545636535
0.005170235875993967,0.0,168.13555908203125,0.0,7.790379524230957,2.07482647895813,0.1359599381685257,2.0577802658081055,0.19299177825450897,80.92818450927734,5.754319136030972e-05,0.005112692713737488,0.002715035807341337,-1.7280399333685637e-11,7.069756975397468e-05,1.0176223516464233,6.799923896789551,0.03713010251522064,0.0011429612059146166,-4.988108158111572,-5.507791042327881,0.46943891048431396,17,0.018140289932489395,0.14277924597263336,17,1.0,0.0067954109981656075,0.004046855494379997,1.679183006286621,0.08882857859134674,32.66761016845703,-0.0004775356501340968,0.001502997474744916,0.009617503732442856,0.0004067887202836573,-4.933099263435513e-08,-0.00047748631914146245,0.001022772747091949,0.003060589311644435,0.011958160437643528,0.025144103914499283,0.0,909,4.545,0.0519695058465004,0.000477486290037632
0.005167848896235228,0.0,168.1355438232422,0.0,7.790379047393799,2.0748260021209717,0.1359599381685257,2.0577797889709473,0.19299177825450897,80.92817687988281,5.756921382271685e-05,0.005110279656946659,0.0027154688723385334,3.637978807091713e-12,7.066825492074713e-05,1.0176770687103271,6.799906253814697,0.037139005959033966,0.0011559873819351196,-4.988584518432617,-5.508404731750488,0.46886223554611206,17,0.018137142062187195,0.14288116991519928,17,1.0,0.006792185362428427,0.004044377710670233,1.67941415309906,0.08878038823604584,32.65072250366211,-0.0004775822162628276,0.001502296538092196,0.009621303528547287,0.00040646037086844444,-4.5358319767838627e-07,-0.0004771286330651492,0.0010236729867756367,0.0030595161952078342,0.011952412314713001,0.025132840499281883,0.0,910,4.55,0.05197230726480484,0.0004771286330651492
0.005165460053831339,0.0,168.13555908203125,0.0,7.790379524230957,2.07482647895813,0.1359599381685257,2.0577802658081055,0.19299177825450897,80.92817687988281,5.759595660492778e-05,0.005107864271849394,0.0027159068267792463,-2.8194335754960775e-11,7.063301745802164e-05,1.0177315473556519,6.799887657165527,0.03714796155691147,0.0011633960530161858,-4.989060401916504,-5.5090179443359375,0.4673597812652588,17,0.018132563680410385,0.14298294484615326,17,1.0,0.006788964848965406,0.004041903652250767,1.6796454191207886,0.0887322723865509,32.6339225769043,-0.0004769768565893275,0.0015016545075923204,0.009625083766877651,0.00040614278987050056,-2.010201569748512e-07,-0.00047677583643235266,0.0010220850817859173,0.0030491743236780167,0.01192522794008255,0.02510981447994709,0.0,911,4.555,0.05197514593601227,0.0004767758073285222
0.005163079127669334,0.0,168.1355438232422,0.0,7.790379047393799,2.07482647895813,0.1359599381685257,2.0577802658081055,0.19299177825450897,80.92817687988281,5.762945511378348e-05,0.005105449818074703,0.002716350369155407,-1.3642420526593924e-11,7.063942757667974e-05,1.0177862644195557,6.799869537353516,0.03715702146291733,0.0011594274546951056,-4.989535331726074,-5.50963020324707,0.46778807044029236,17,0.018133511766791344,0.14308343827724457,17,1.0,0.00678575225174427,0.004039434250444174,1.6798769235610962,0.08868435025215149,32.61688995361328,-0.00047627836465836585,0.0015015729004517198,0.009628691710531712,0.00040608790004625916,4.489556886154368e-07,-0.0004767273203469813,0.001014516456052661,0.003048958722501993,0.011934087611734867,0.025117283686995506,0.0,912,4.5600000000000005,0.05197805166244507,0.0004767273203469813
0.005160697270184755,0.0,168.13555908203125,0.0,7.790380001068115,2.074826240539551,0.1359599381685257,2.0577800273895264,0.19299177825450897,80.92818450927734,5.7662156905280426e-05,0.005103034898638725,0.0027168032247573137,1.1823431123048067e-11,7.064451347105205e-05,1.017841100692749,6.799850940704346,0.03716621547937393,0.00115684000775218,-4.990010738372803,-5.510242938995361,0.4682167172431946,17,0.01813439466059208,0.14318658411502838,17,1.0,0.006782537791877985,0.004036965314298868,1.6801080703735352,0.08863642811775208,32.599937438964844,-0.00047688372433186597,0.0015014463569968939,0.009632283821702003,0.0004060139472130686,-2.2526364774531037e-07,-0.00047665846068412066,0.0010151120368391275,0.003050070721656084,0.011946004815399647,0.025109685957431793,0.0,913,4.565,0.051980990916490555,0.00047665846068412066
0.005158310290426016,0.0,168.13555908203125,0.0,7.790380001068115,2.074826240539551,0.1359599381685257,2.0577802658081055,0.19299177825450897,80.92819213867188,5.7693156122695655e-05,0.0051006171852350235,0.002717262366786599,2.7284841053187847e-11,7.063867087708786e-05,1.0178955793380737,6.799833297729492,0.03717545047402382,0.0011667769867926836,-4.9904866218566895,-5.5108561515808105,0.4677421450614929,17,0.018133731558918953,0.14328646659851074,17,1.0,0.006779321935027838,0.004034495446830988,1.6803394556045532,0.08858846127986908,32.58307647705078,-0.00047688372433186597,0.0015011795330792665,0.009635916911065578,0.0004059094353578985,-3.356544766677013e-07,-0.00047654806985519826,0.001013779896311462,0.003044011304154992,0.011927833780646324,0.02509402297437191,0.0,914,4.57,0.051983993500471115,0.0004765480989590287
0.005155928432941437,0.0,168.13555908203125,0.0,7.790379524230957,2.074826240539551,0.1359599381685257,2.0577802658081055,0.19299177825450897,80.92817687988281,5.7727782404981554e-05,0.005098200868815184,0.0027177331503480673,2.7284841053187847e-12,7.065282261464745e-05,1.0179495811462402,6.799814701080322,0.03718479722738266,0.0011697268346324563,-4.990962028503418,-5.51146936416626,0.46778565645217896,17,0.018135404214262962,0.14338794350624084,17,1.0,0.006776110734790564,0.00403202697634697,1.6805717945098877,0.08854058384895325,32.56592559814453,-0.00047613866627217353,0.0015012448420748115,0.009639409370720387,0.0004059600760228932,4.742178134518817e-07,-0.0004766128840856254,0.0010118053760379553,0.003038555383682251,0.01193359773606062,0.02508797124028206,0.0,915,4.575,0.05198707431554794,0.0004766128840856254
0.005153548903763294,0.0,168.13555908203125,0.0,7.790379524230957,2.07482647895813,0.1359599381685257,2.0577802658081055,0.19299177825450897,80.92817687988281,5.7763656513998285e-05,0.005095785018056631,0.0027182092890143394,-1.8189894035458565e-12,7.067784463288262e-05,1.0180034637451172,6.799796104431152,0.03719422221183777,0.00116484344471246,-4.991437911987305,-5.512082576751709,0.46852320432662964,17,0.01813868246972561,0.14348821341991425,17,1.0,0.00677289767190814,0.0040295603685081005,1.6808031797409058,0.08849272131919861,32.548973083496094,-0.00047613866627217353,0.0015014297096058726,0.009642841294407845,0.0004060452338308096,5.844049155610755e-07,-0.0004767230711877346,0.0010124060790985823,0.0030399698298424482,0.011957372538745403,0.02508651092648506,0.0,916,4.58,0.05199018120765686,0.0004767230711877346
0.005151167046278715,0.0,168.13555908203125,0.0,7.790380001068115,2.074826240539551,0.1359599381685257,2.0577802658081055,0.19299177825450897,80.92819213867188,5.779688581242226e-05,0.005093370098620653,0.002718694042414427,2.3646862246096134e-11,7.068590639391914e-05,1.018057107925415,6.799779891967773,0.037203751504421234,0.0011637421557679772,-4.991914749145508,-5.512696743011475,0.46889859437942505,17,0.01813969761133194,0.14358961582183838,17,1.0,0.006769679952412844,0.004027090966701508,1.681034803390503,0.08844481408596039,32.531829833984375,-0.00047660432755948127,0.001501393737271428,0.009646343067288399,0.00040602521039545536,1.0675285010516193e-07,-0.00047671108040958643,0.0010128209833055735,0.003037120448425412,0.011967035010457039,0.025072572752833366,0.0,917,4.585,0.05199338123202324,0.0004767111095134169
0.0051487828604876995,0.0,168.13555908203125,0.0,7.790379524230957,2.074826240539551,0.1359599381685257,2.0577802658081055,0.19299177825450897,80.92818450927734,5.782955850008875e-05,0.005090953316539526,0.0027191839180886745,-8.185452315956354e-12,7.069174171192572e-05,1.0181105136871338,6.799762725830078,0.03721330314874649,0.0011656745336949825,-4.992392063140869,-5.51331090927124,0.46882641315460205,17,0.01814037561416626,0.14368946850299835,17,1.0,0.006766460370272398,0.004024623893201351,1.6812652349472046,0.08839689195156097,32.51465606689453,-0.00047641806304455817,0.0015013349475339055,0.009649821557104588,0.00040600099600851536,2.746819518405154e-07,-0.0004766927449963987,0.0010106201516464353,0.0030322743114084005,0.011965896934270859,0.025067387148737907,0.0,918,4.59,0.0519966222345829,0.0004766927449963987
0.00514640286564827,0.0,168.13555908203125,0.0,7.790380001068115,2.07482647895813,0.1359599381685257,2.0577802658081055,0.19299177825450897,80.92818450927734,5.786446126876399e-05,0.005088538397103548,0.0027196838054805994,9.094947017729282e-13,7.071172149153426e-05,1.0181636810302734,6.799746513366699,0.03722298517823219,0.0011597940465435386,-4.9928693771362305,-5.513925552368164,0.46955299377441406,17,0.01814301870763302,0.14378862082958221,17,1.0,0.006763242185115814,0.004022155422717333,1.6814969778060913,0.08834899961948395,32.49740219116211,-0.0004763714969158274,0.0015014512464404106,0.00965325627475977,0.00040604459354653955,3.8481084628879574e-07,-0.0004767563077621162,0.0010112547315657139,0.0030336526688188314,0.011988881975412369,0.02506679855287075,0.0,919,4.595,0.05199993774294853,0.0004767563077621162
0.005144019145518541,0.0,168.13555908203125,0.0,7.790380001068115,2.07482647895813,0.1359599381685257,2.0577802658081055,0.19299177825450897,80.92818450927734,5.789666101918556e-05,0.0050861225463449955,0.0027201888151466846,4.547473508864641e-12,7.071749860187992e-05,1.0182167291641235,6.799731254577637,0.03723268210887909,0.0011586059117689729,-4.993347644805908,-5.514540672302246,0.4697471559047699,17,0.018143953755497932,0.14389051496982574,17,1.0,0.006760019343346357,0.0040196869522333145,1.6817277669906616,0.08830106258392334,32.480194091796875,-0.00047646462917328895,0.0015013437950983644,0.009656758978962898,0.00040598513442091644,2.3801112546503094e-07,-0.000476702640298754,0.0010110418079420924,0.00303387688472867,0.011997342109680176,0.025065621361136436,0.0,920,4.6000000000000005,0.05200330540537834,0.000476702640298754
0.005141638219356537,0.0,168.13555908203125,0.0,7.790380001068115,2.074826717376709,0.1359599381685257,2.0577805042266846,0.19299177825450897,80.92819213867188,5.792807132820599e-05,0.005083709955215454,0.0027207036036998034,-8.185452315956354e-12,7.071858999552205e-05,1.018269419670105,6.799715518951416,0.037242501974105835,0.001154379453510046,-4.993825912475586,-5.515155792236328,0.4700445830821991,17,0.01814437471330166,0.1439899355173111,17,1.0,0.006756797432899475,0.004017220344394445,1.6819584369659424,0.08825312554836273,32.462947845458984,-0.0004761852324009043,0.0015011618379503489,0.009660293348133564,0.00040587320108897984,4.065514076399758e-07,-0.0004765917838085443,0.0010065538808703423,0.0030357488431036472,0.012011760845780373,0.025075184181332588,0.0,921,4.605,0.05200674384832382,0.0004765917838085443
0.005139257293194532,0.0,168.13555908203125,0.0,7.790380001068115,2.07482647895813,0.1359599381685257,2.0577802658081055,0.19299177825450897,80.92818450927734,5.795746619696729e-05,0.005081299692392349,0.0027212253771722317,1.000444171950221e-11,7.070765423122793e-05,1.0183219909667969,6.7997002601623535,0.03725239634513855,0.0011496978113427758,-4.994304656982422,-5.515771389007568,0.4703395366668701,17,0.018143244087696075,0.14409175515174866,17,1.0,0.006753574591130018,0.004014753270894289,1.6821892261505127,0.08820518851280212,32.44575500488281,-0.00047665089368821204,0.0015008182963356376,0.009663869626820087,0.0004056723846588284,-2.7084024624050114e-07,-0.00047638005344197154,0.0010022874921560287,0.003036373993381858,0.01201762817800045,0.025075018405914307,0.0,922,4.61,0.052010223269462585,0.00047638005344197154
0.005136871710419655,0.0,168.1355743408203,0.0,7.790380001068115,2.07482647895813,0.1359599381685257,2.0577805042266846,0.19299177825450897,80.92819213867188,5.798574420623481e-05,0.005078886169940233,0.0027217562310397625,2.091837814077735e-11,7.069184357533231e-05,1.0183745622634888,6.799685478210449,0.03726238012313843,0.0011572630610316992,-4.994783401489258,-5.516386985778809,0.47018715739250183,17,0.018141431733965874,0.1441928893327713,17,1.0,0.006750352680683136,0.004012287128716707,1.6824201345443726,0.08815725147724152,32.42836380004883,-0.0004765577614307505,0.0015003959415480494,0.009667451493442059,0.0004054736054968089,-3.9234873839736435e-07,-0.00047616541269235313,0.0010024519870057702,0.003032142296433449,0.012020954862236977,0.02506222389638424,0.0,923,4.615,0.052013762295246124,0.0004761654417961836
0.005134491715580225,0.0,168.13555908203125,0.0,7.790380001068115,2.07482647895813,0.1359599381685257,2.0577802658081055,0.19299177825450897,80.92819213867188,5.801473162136972e-05,0.005076476838439703,0.0027222945354878902,1.4551915228366852e-11,7.06796272424981e-05,1.0184268951416016,6.799671173095703,0.03727240115404129,0.001156755373813212,-4.995262145996094,-5.517002582550049,0.47025978565216064,17,0.0181400366127491,0.14429211616516113,17,1.0,0.00674713309854269,0.004009823314845562,1.6826509237289429,0.0881093367934227,32.41107940673828,-0.0004758592694997889,0.0015000468119978905,0.009670990519225597,0.0004052847798448056,1.0512303559958485e-07,-0.00047596439253538847,0.0010017199674621224,0.003029973478987813,0.012017924338579178,0.025044774636626244,0.0,924,4.62,0.052017368376255035,0.00047596439253538847
0.005132113117724657,0.0,168.1355743408203,0.0,7.790380001068115,2.07482647895813,0.1359599381685257,2.0577802658081055,0.19299177825450897,80.92818450927734,5.804485408589244e-05,0.005074068438261747,0.002722841687500477,9.094947017729282e-13,7.067520346026868e-05,1.0184788703918457,6.799656391143799,0.03728260099887848,0.0011528352042660117,-4.99574089050293,-5.517618179321289,0.4706193506717682,17,0.01813962124288082,0.14439356327056885,17,1.0,0.006743914447724819,0.004007360432296991,1.6828819513320923,0.08806145936250687,32.39375305175781,-0.000475626438856135,0.001499817008152604,0.00967446155846119,0.00040514746797271073,1.9621802492916134e-07,-0.0004758226568810642,0.001000740914605558,0.00302928127348423,0.012025181204080582,0.025040751323103905,0.0,925,4.625,0.05202099680900574,0.0004758226568810642
0.005129735451191664,0.0,168.1355743408203,0.0,7.790380001068115,2.07482647895813,0.1359599381685257,2.0577805042266846,0.19299177825450897,80.92818450927734,5.807432535220869e-05,0.005071660969406366,0.002723357640206814,1.2732925824820995e-11,7.066703983582556e-05,1.0185306072235107,6.799642086029053,0.03729186952114105,0.0011530109914019704,-4.996220111846924,-5.5182342529296875,0.47051674127578735,17,0.01813863404095173,0.14449574053287506,17,1.0,0.006740694399923086,0.004004897084087133,1.6831129789352417,0.08801356703042984,32.37648010253906,-0.0004754867404699427,0.0014995463425293565,0.009677926078438759,0.00040500296745449305,1.8326682037591484e-07,-0.0004756700072903186,0.0009988027159124613,0.0030256235040724277,0.012028520926833153,0.025033922865986824,0.0,926,4.63,0.05202469974756241,0.0004756700072903186
0.005127358250319958,0.0,168.1355743408203,0.0,7.790380001068115,2.07482647895813,0.1359599381685257,2.0577805042266846,0.19299177825450897,80.92818450927734,5.810487346025184e-05,0.005069253500550985,0.002723872661590576,4.547473508864641e-12,7.066771649988368e-05,1.0185824632644653,6.799628257751465,0.03730104863643646,0.001150977099314332,-4.996699810028076,-5.518850326538086,0.47089266777038574,17,0.018138928338885307,0.14459434151649475,17,1.0,0.006737472023814917,0.004002435598522425,1.6833430528640747,0.0879656970500946,32.35892105102539,-0.00047557987272740424,0.0014993714867159724,0.009681353345513344,0.00040490258834324777,-9.575160230402679e-09,-0.00047557029756717384,0.0009990640683099627,0.003025871003046632,0.012039454653859138,0.025025509297847748,0.0,927,4.635,0.05202846601605415,0.00047557029756717384
0.00512497965246439,0.0,168.13558959960938,0.0,7.790380477905273,2.07482647895813,0.1359599381685257,2.0577805042266846,0.19299177825450897,80.92819213867188,5.8134348364546895e-05,0.00506684510037303,0.002724397461861372,6.366462912410498e-12,7.066263788146898e-05,1.0186340808868408,6.799615383148193,0.03731030970811844,0.0011549013433977962,-4.9971795082092285,-5.519466400146484,0.47086599469184875,17,0.018138432875275612,0.144695445895195,17,1.0,0.006734251976013184,0.003999975044280291,1.6835734844207764,0.08791781961917877,32.341487884521484,-0.00047534704208375037,0.001499118166975677,0.009684789925813675,0.00040478160372003913,9.720679371535328e-08,-0.0004754442488774657,0.0009993674466386437,0.0030229627154767513,0.012047428637742996,0.02501903474330902,0.0,928,4.64,0.052032291889190674,0.0004754442488774657
0.00512260477989912,0.0,168.13558959960938,0.0,7.790380477905273,2.07482647895813,0.1359599381685257,2.0577805042266846,0.19299177825450897,80.92819213867188,5.816350312670693e-05,0.005064441356807947,0.0027249285485595465,2.000888343900442e-11,7.06568534951657e-05,1.0186853408813477,6.799602031707764,0.03731965273618698,0.0011491278419271111,-4.997659206390381,-5.520082950592041,0.4713418185710907,17,0.018137948587536812,0.14479677379131317,17,1.0,0.0067310333251953125,0.003997514955699444,1.6838043928146362,0.08786998689174652,32.32414245605469,-0.0004751607775688273,0.0014988515758886933,0.009688211604952812,0.0004046185058541596,1.1455267666756657e-07,-0.00047527533024549484,0.0010000787442550063,0.0030245038215070963,0.012062693014740944,0.02501402422785759,0.0,929,4.6450000000000005,0.052036136388778687,0.0004752753593493253
0.005120228044688702,0.0,168.13558959960938,0.0,7.790380477905273,2.07482647895813,0.1359599381685257,2.0577805042266846,0.19299177825450897,80.92819213867188,5.819030411657877e-05,0.005062037613242865,0.00272546848282218,1.8189894035458565e-12,7.063829252729192e-05,1.0187363624572754,6.79958963394165,0.03732910752296448,0.0011489916360005736,-4.998139381408691,-5.520699501037598,0.4713979959487915,17,0.01813586615025997,0.1448974907398224,17,1.0,0.0067278132773935795,0.003995056264102459,1.6840347051620483,0.08782211691141129,32.30667495727539,-0.0004749279469251734,0.0014983915025368333,0.009691688232123852,0.0004043692606501281,7.959897628902939e-08,-0.00047500754590146244,0.000999498413875699,0.003023726399987936,0.012070215307176113,0.02501647360622883,0.0,930,4.65,0.05204007029533386,0.00047500754590146244
0.005117855500429869,0.0,168.13558959960938,0.0,7.790380477905273,2.07482647895813,0.1359599381685257,2.0577805042266846,0.19299177825450897,80.92819213867188,5.821644299430773e-05,0.0050596389919519424,0.002726013772189617,-1.1823431123048067e-11,7.061500946292654e-05,1.0187876224517822,6.7995781898498535,0.037338610738515854,0.0011443054536357522,-4.998619556427002,-5.521316051483154,0.4716295897960663,17,0.018133221194148064,0.14499735832214355,17,1.0,0.006724593695253134,0.003992598503828049,1.684264898300171,0.08777426183223724,32.28923416137695,-0.0004744157195091349,0.00149786495603621,0.009695199318230152,0.0004040701314806938,2.694141585278466e-07,-0.00047468513366766274,0.001000228221528232,0.0030244619119912386,0.012080277316272259,0.025010518729686737,0.0,931,4.655,0.05204404145479202,0.00047468513366766274
0.00511548388749361,0.0,168.13558959960938,0.0,7.790380477905273,2.074826717376709,0.1359599381685257,2.0577805042266846,0.19299177825450897,80.92819213867188,5.8240475482307374e-05,0.005057243630290031,0.0027265676762908697,2.091837814077735e-11,7.058029586914927e-05,1.0188387632369995,6.799566745758057,0.037348151206970215,0.0011388418497517705,-4.9990997314453125,-5.521932601928711,0.4718068540096283,17,0.01812922954559326,0.14509832859039307,17,1.0,0.006721376441419125,0.003990142606198788,1.6844953298568726,0.0877264142036438,32.271705627441406,-0.0004744157195091349,0.0014971585478633642,0.009698768146336079,0.0004036713216919452,-1.6411649995565864e-07,-0.00047425160300917923,0.0010009754914790392,0.0030261436477303505,0.012085391208529472,0.02499861642718315,0.0,932,4.66,0.05204809457063675,0.0004742516321130097
0.0051131113432347775,0.0,168.13558959960938,0.0,7.790380001068115,2.074826717376709,0.1359599381685257,2.0577805042266846,0.19299177825450897,80.92819213867188,5.826251799589954e-05,0.005054848734289408,0.00272712716832757,-1.8189894035458565e-12,7.053346052998677e-05,1.0188896656036377,6.799555778503418,0.03735776245594025,0.0011394661851227283,-4.999580383300781,-5.522549152374268,0.4713151156902313,17,0.01812358759343624,0.14519792795181274,17,1.0,0.006718157324939966,0.003987688105553389,1.6847249269485474,0.08767856657505035,32.25418472290039,-0.0004739034920930963,0.001496293698437512,0.009702375158667564,0.0004032090655528009,-1.609732862662772e-07,-0.00047374251880683005,0.0010011455742642283,0.003023323370143771,0.01207729522138834,0.024980518966913223,0.0,933,4.665,0.05205216258764267,0.00047374251880683005
0.0051107448525726795,0.0,168.1355743408203,0.0,7.790380001068115,2.07482647895813,0.1359599381685257,2.0577802658081055,0.19299177825450897,80.92819213867188,5.828551002196036e-05,0.005052459426224232,0.002727692713961005,-2.7284841053187847e-12,7.049379200907424e-05,1.0189406871795654,6.7995452880859375,0.03736739605665207,0.0011340396013110876,-5.000060558319092,-5.523165225982666,0.47144046425819397,18,0.018118996173143387,0.14529870450496674,18,1.0,0.006714943330734968,0.003985236864537001,1.6849546432495117,0.08763080835342407,32.2366828918457,-0.0004732050001621347,0.0014955123187974095,0.009705948643386364,0.0004027704999316484,5.9284502630283474e-08,-0.000473264284664765,0.0010018949396908283,0.0030250262934714556,0.0120807234197855,0.024967392906546593,0.0,934,4.67,0.05205629765987396,0.000473264284664765
0.005108379293233156,0.0,168.13558959960938,0.0,7.790380954742432,2.074826717376709,0.1359599381685257,2.0577805042266846,0.19299177825450897,80.92819213867188,5.830659210914746e-05,0.0050500729121267796,0.0027282473165541887,1.546140993013978e-11,7.04414997017011e-05,1.0189913511276245,6.799534797668457,0.03737714886665344,0.0011316650779917836,-5.000540733337402,-5.5237812995910645,0.4712589383125305,18,0.018112678080797195,0.145400270819664,18,1.0,0.006711730267852545,0.003982787486165762,1.685184121131897,0.08758306503295898,32.2190055847168,-0.00047259964048863466,0.0014945792499929667,0.009709557518362999,0.00040226030978374183,1.0212534106259549e-07,-0.00047270176582969725,0.0009918534196913242,0.0030226234812289476,0.012064690701663494,0.024956397712230682,0.0,935,4.675,0.05206013843417168,0.0004727017949335277
0.005106018856167793,0.0,168.13558959960938,0.0,7.790380001068115,2.074826717376709,0.1359599381685257,2.0577805042266846,0.19299177825450897,80.92819213867188,5.8329213061369956e-05,0.0050476896576583385,0.0027287618722766638,2.546585164964199e-11,7.040418131509796e-05,1.0190420150756836,6.79952335357666,0.037385717034339905,0.0011314492439851165,-5.001020908355713,-5.524396896362305,0.47106921672821045,18,0.018108433112502098,0.14549940824508667,18,1.0,0.006708519067615271,0.003980341367423534,1.6854130029678345,0.08753535151481628,32.20152282714844,-0.0004719942808151346,0.001493816846050322,0.009713061153888702,0.0004018512845505029,2.6114867067818844e-07,-0.0004722554294858128,0.0009909773943945765,0.0030236958991736174,0.012054035440087318,0.024947915226221085,0.0,936,4.68,0.052063778042793274,0.00047225545858964324
0.005103659350425005,0.0,168.13558959960938,0.0,7.790380477905273,2.07482647895813,0.1359599381685257,2.0577805042266846,0.19299177825450897,80.92819213867188,5.835217598360032e-05,0.005045307334512472,0.0027292571030557156,-3.637978807091713e-12,7.036815804895014e-05,1.019092321395874,6.799511909484863,0.03739401698112488,0.001128530129790306,-5.001500606536865,-5.525012016296387,0.47111836075782776,18,0.018104279413819313,0.14558354020118713,18,1.0,0.0067053125239908695,0.003977898508310318,1.685641884803772,0.08748769760131836,32.183990478515625,-0.00047190114855767305,0.0014930900651961565,0.00971654150635004,0.00040145160164684057,-8.137430996711052e-08,-0.00047181977424770594,0.0009882862213999033,0.0030246307142078876,0.01205255463719368,0.024938145652413368,0.0,937,4.6850000000000005,0.052067339420318604,0.00047181977424770594
0.005101299844682217,0.0,168.13558959960938,0.0,7.790380477905273,2.07482647895813,0.1359599381685257,2.0577805042266846,0.19299177825450897,80.92819213867188,5.8374382206238806e-05,0.005042925477027893,0.0027295572217553854,7.275957614183426e-12,7.032549183350056e-05,1.0191423892974854,6.799499988555908,0.03740241378545761,0.001130283228121698,-5.001980304718018,-5.525627136230469,0.47090864181518555,18,0.018099064007401466,0.14548732340335846,18,1.0,0.00670210737735033,0.0039754570461809635,1.685870885848999,0.08744005858898163,32.16643142700195,-0.0004717614501714807,0.0014923065900802612,0.009720029309391975,0.0004010376869700849,-3.982568159800271e-07,-0.0004713631933555007,0.0009845906170085073,0.0030202188063412905,0.012035011313855648,0.02491268329322338,0.0,938,4.69,0.0520695298910141,0.0004713631933555007
0.00509894173592329,0.0,168.13560485839844,0.0,7.790380954742432,2.074826717376709,0.1359599381685257,2.0577807426452637,0.19299177825450897,80.92819213867188,5.839903315063566e-05,0.005040542688220739,0.002729867585003376,-7.275957614183426e-12,7.030084816506132e-05,1.0191924571990967,6.799488067626953,0.0374109148979187,0.001132272300310433,-5.00246000289917,-5.526242256164551,0.47066789865493774,18,0.018096109852194786,0.14539219439029694,18,1.0,0.00669890409335494,0.003973017446696758,1.686099886894226,0.08739246428012848,32.14866256713867,-0.0004711560904979806,0.001491782022640109,0.009723370894789696,0.0004007644020020962,-9.083305486549476e-08,-0.0004710652574431151,0.0009843965526670218,0.0030169307719916105,0.012031260877847672,0.02489439956843853,0.0,939,4.695,0.05207177624106407,0.0004710652574431151
0.005096588283777237,0.0,168.13558959960938,0.0,7.790380954742432,2.07482647895813,0.1359599381685257,2.0577807426452637,0.19299177825450897,80.92819213867188,5.8425033785169944e-05,0.005038163159042597,0.002730187028646469,1.000444171950221e-11,7.02861652825959e-05,1.0192419290542603,6.79947566986084,0.037419408559799194,0.0011281786719337106,-5.002939701080322,-5.526857376098633,0.4709976017475128,18,0.018094561994075775,0.14529843628406525,18,1.0,0.006695702206343412,0.003970578778535128,1.6863290071487427,0.08734491467475891,32.13101577758789,-0.0004707835614681344,0.0014913800405338407,0.009726660326123238,0.0004005350056104362,3.7602148940071075e-08,-0.0004708211636170745,0.0009851367212831974,0.0030184437055140734,0.012041877023875713,0.0248858779668808,0.0,940,4.7,0.05207411199808121,0.0004708211636170745
0.005094233900308609,0.0,168.13560485839844,0.0,7.790380954742432,2.074826717376709,0.1359599381685257,2.0577807426452637,0.19299177825450897,80.9281997680664,5.844919724040665e-05,0.005035784561187029,0.002730513457208872,1.8189894035458565e-12,7.026053935987875e-05,1.0192912817001343,6.799464225769043,0.037428051233291626,0.0011288721580058336,-5.003419876098633,-5.527472496032715,0.4708064794540405,18,0.018091533333063126,0.14520220458507538,18,1.0,0.006692498456686735,0.003968141973018646,1.6865571737289429,0.08729736506938934,32.11336135864258,-0.0004706438630819421,0.0014908300945535302,0.009729987941682339,0.00040024143527261913,-1.4188117348660568e-07,-0.0004705019819084555,0.0009858616394922137,0.0030164814088493586,0.012052716687321663,0.02488592639565468,0.0,941,4.705,0.05207647383213043,0.0004705019819084555
0.005091881845146418,0.0,168.13558959960938,0.0,7.790380954742432,2.074826717376709,0.1359599381685257,2.0577805042266846,0.19299177825450897,80.92819213867188,5.8472403907217085e-05,0.005033409222960472,0.0027308431454002857,1.2732925824820995e-11,7.023016951279715e-05,1.019340991973877,6.7994537353515625,0.037436701357364655,0.0011307637905701995,-5.003899574279785,-5.528087615966797,0.47061723470687866,18,0.018088100478053093,0.14510752260684967,18,1.0,0.006689299363642931,0.003965707030147314,1.6867860555648804,0.08724985271692276,32.09562301635742,-0.0004701316356659036,0.0014901722315698862,0.009733378887176514,0.0003998971951659769,-4.2782630871687245e-09,-0.0004701273574028164,0.0009884930914267898,0.003016754984855652,0.012039910070598125,0.024871930480003357,0.0,942,4.71,0.05207889899611473,0.0004701273574028164
0.00508953258395195,0.0,168.13560485839844,0.0,7.790380954742432,2.07482647895813,0.1359599381685257,2.0577807426452637,0.19299177825450897,80.92819213867188,5.8495970733929425e-05,0.005031036678701639,0.002731182612478733,-3.637978807091713e-12,7.019832264631987e-05,1.01939058303833,6.799443244934082,0.03744542598724365,0.001126145594753325,-5.0043792724609375,-5.528702259063721,0.47067776322364807,18,0.018084309995174408,0.14501266181468964,18,1.0,0.006686102133244276,0.003963275346904993,1.6870143413543701,0.08720239251852036,32.077823638916016,-0.00046961940824986507,0.0014895405620336533,0.00973676797002554,0.00039954151725396514,1.204316504199352e-07,-0.000469739839900285,0.0009857253171503544,0.0030160092283040285,0.012037305161356926,0.024869665503501892,0.0,943,4.715,0.05208136513829231,0.000469739839900285
0.005087185651063919,0.0,168.13558959960938,0.0,7.790380477905273,2.07482647895813,0.1359599381685257,2.0577805042266846,0.19299177825450897,80.92819213867188,5.8519188314676285e-05,0.005028666462749243,0.0027315288316458464,-1.8189894035458565e-11,7.016652671154588e-05,1.0194401741027832,6.799431800842285,0.03745421767234802,0.001120970700867474,-5.00485897064209,-5.5293169021606445,0.47089359164237976,18,0.018080664798617363,0.144918292760849,18,1.0,0.006682906299829483,0.003960845060646534,1.6872425079345703,0.08715494722127914,32.059993743896484,-0.00046901404857636496,0.0014888796722516418,0.009740160778164864,0.00039917006506584585,3.22557752942005e-07,-0.00046933660632930696,0.0009864820167422295,0.0030177682638168335,0.012043978087604046,0.02485867775976658,0.0,944,4.72,0.05208388715982437,0.0004693365772254765
0.0050848424434661865,0.0,168.13560485839844,0.0,7.790380477905273,2.074826717376709,0.1359599381685257,2.0577809810638428,0.19299177825450897,80.92819213867188,5.8540441386867315e-05,0.005026301834732294,0.0027318685315549374,0.0,7.012443529674783e-05,1.0194894075393677,6.799421310424805,0.03746310621500015,0.0011159064015373588,-5.005338668823242,-5.529931545257568,0.47100719809532166,18,0.018075773492455482,0.14482297003269196,18,1.0,0.006679711863398552,0.0039584157057106495,1.6874710321426392,0.08710750937461853,32.04234313964844,-0.0004685483872890572,0.0014880617382004857,0.009743593633174896,0.00039871505578048527,2.9109651221827584e-07,-0.0004688394838012755,0.0009872608352452517,0.0030195978470146656,0.012047059834003448,0.024845130741596222,0.0,945,4.7250000000000005,0.05208617448806763,0.0004688394838012755
0.005082500167191029,0.0,168.13560485839844,0.0,7.790380954742432,2.074826717376709,0.1359599381685257,2.0577805042266846,0.19299177825450897,80.9281997680664,5.8559879107633606e-05,0.0050239404663443565,0.002732213819399476,2.7284841053187847e-12,7.007300155237317e-05,1.0195386409759521,6.799411296844482,0.03747200965881348,0.0011122076539322734,-5.005818843841553,-5.530546188354492,0.4709572494029999,18,0.018069738522171974,0.1447281390428543,18,1.0,0.006676516029983759,0.003955988213419914,1.6876987218856812,0.08706008642911911,32.0244140625,-0.000468175858259211,0.0014870992163196206,0.009747057221829891,0.00039818789809942245,8.504139258460122e-08,-0.0004682608996517956,0.00098803814034909,0.0030210858676582575,0.012048998847603798,0.024828778579831123,0.0,946,4.73,0.052088480442762375,0.0004682608996517956
0.0050801606848835945,0.0,168.13560485839844,0.0,7.790380954742432,2.074826717376709,0.1359599381685257,2.0577807426452637,0.19299177825450897,80.92819213867188,5.857768337591551e-05,0.0050215828232467175,0.002732559572905302,7.275957614183426e-12,7.001404446782544e-05,1.0195876359939575,6.79940128326416,0.03748101368546486,0.0011157087283208966,-5.006298542022705,-5.531160354614258,0.4704672396183014,18,0.018062811344861984,0.14463217556476593,18,1.0,0.006673324853181839,0.0039535644464194775,1.687926173210144,0.08701269328594208,32.00674057006836,-0.00046761706471444174,0.001486007240600884,0.009750548750162125,0.0003976180450990796,1.501757650569993e-08,-0.00046763208229094744,0.000987545819953084,0.003020831383764744,0.012032019905745983,0.024805601686239243,0.0,947,4.735,0.05209072679281235,0.00046763208229094744
0.005077823996543884,0.0,168.13560485839844,0.0,7.79038143157959,2.074826717376709,0.1359599381685257,2.0577809810638428,0.19299177825450897,80.9281997680664,5.859648808836937e-05,0.005019227508455515,0.0027328962460160255,-9.094947017729282e-13,6.9960362452548e-05,1.0196363925933838,6.799391269683838,0.03749006241559982,0.0011116171954199672,-5.006777763366699,-5.531774044036865,0.4703836441040039,18,0.01805645413696766,0.14453792572021484,18,1.0,0.006670138332992792,0.0039511434733867645,1.688153862953186,0.08696536719799042,31.988876342773438,-0.00046719796955586477,0.0014850195730105042,0.009753980673849583,0.0003970762772951275,-1.6132253223164958e-07,-0.0004670366470236331,0.0009883252205327153,0.0030218239407986403,0.012027577497065067,0.02479483000934124,0.0,948,4.74,0.052092764526605606,0.0004670366470236331
0.005075488705188036,0.0,168.13560485839844,0.0,7.79038143157959,2.074826717376709,0.1359599381685257,2.0577809810638428,0.19299177825450897,80.9281997680664,5.861383397132158e-05,0.005016874987632036,0.0027332413010299206,-5.4569682106375694e-12,6.989869871176779e-05,1.0196850299835205,6.799381256103516,0.03749920800328255,0.0011121771531179547,-5.007256984710693,-5.5323872566223145,0.46994030475616455,18,0.018049098551273346,0.1444440484046936,18,1.0,0.006666953209787607,0.00394872622564435,1.6883807182312012,0.08691807091236115,31.97109031677246,-0.00046663917601109543,0.0014839069917798042,0.009757451713085175,0.00039648590609431267,-2.5457120501497016e-07,-0.00046638460480608046,0.0009888948407024145,0.0030211161356419325,0.012012134306132793,0.024765459820628166,0.0,949,4.745,0.052094876766204834,0.00046638460480608046
0.005073157604783773,0.0,168.1356201171875,0.0,7.79038143157959,2.074826717376709,0.1359599381685257,2.0577809810638428,0.19299177825450897,80.92820739746094,5.8631943829823285e-05,0.005014525726437569,0.0027335905469954014,-4.547473508864641e-12,6.984078208915889e-05,1.0197334289550781,6.799370765686035,0.037508390843868256,0.0011115577071905136,-5.007735729217529,-5.5329999923706055,0.46955233812332153,18,0.01804210990667343,0.14434956014156342,18,1.0,0.006663772743195295,0.003946311771869659,1.6886078119277954,0.08687084913253784,31.953336715698242,-0.00046603381633759537,0.0014828754356130958,0.009760875254869461,0.0003959346213378012,-2.58412910635259e-07,-0.0004657754034269601,0.0009854495292529464,0.0030192029662430286,0.01198833342641592,0.024745425209403038,0.0,950,4.75,0.05209698528051376,0.0004657754034269601
0.00507082836702466,0.0,168.13560485839844,0.0,7.790380954742432,2.074826717376709,0.1359599381685257,2.0577809810638428,0.19299177825450897,80.92820739746094,5.8651909057516605e-05,0.005012176465243101,0.0027339542284607887,2.8194335754960775e-11,6.979935278650373e-05,1.0197818279266357,6.799360275268555,0.0375177301466465,0.001113323261961341,-5.008213996887207,-5.533612251281738,0.46919286251068115,18,0.018037354573607445,0.14425474405288696,18,1.0,0.0066605969332158566,0.0039439015090465546,1.688834547996521,0.08682370185852051,31.93546485900879,-0.00046533532440663376,0.0014820413198322058,0.009764187969267368,0.0003954949206672609,-4.1065504784371706e-08,-0.0004652942589018494,0.0009864575695246458,0.003020375268533826,0.012000191025435925,0.02474645897746086,0.0,951,4.755,0.05209915339946747,0.00046529428800567985
0.005068504251539707,0.0,168.13560485839844,0.0,7.79038143157959,2.074826717376709,0.1359599381685257,2.0577809810638428,0.19299177825450897,80.92820739746094,5.866985520697199e-05,0.005009834188967943,0.002734315814450383,7.275957614183426e-12,6.974035204621032e-05,1.0198304653167725,6.799350261688232,0.03752706199884415,0.0011100582778453827,-5.008691787719727,-5.534224033355713,0.4691545069217682,18,0.018030209466814995,0.14415809512138367,18,1.0,0.006657426245510578,0.0039414940401911736,1.6890616416931152,0.08677662163972855,31.917654037475586,-0.0004645437002182106,0.0014810004504397511,0.009767604060471058,0.00039492856012657285,1.2520467861494794e-07,-0.00046466890489682555,0.0009802478598430753,0.0030189240351319313,0.011987247504293919,0.024730373173952103,0.0,952,4.76,0.05210133641958237,0.00046466890489682555
0.005066182930022478,0.0,168.1356201171875,0.0,7.79038143157959,2.074826717376709,0.1359599381685257,2.0577809810638428,0.19299177825450897,80.92820739746094,5.868884545634501e-05,0.005007494240999222,0.0027346941642463207,-5.547917680814862e-11,6.969158130232245e-05,1.0198787450790405,6.799339771270752,0.03753645718097687,0.0011067406740039587,-5.009169578552246,-5.5348358154296875,0.46905517578125,18,0.01802445575594902,0.144065260887146,18,1.0,0.006654256489127874,0.0039390879683196545,1.68928861618042,0.08672955632209778,31.899742126464844,-0.00046403147280217204,0.001480086357332766,0.009770933538675308,0.00039443172863684595,9.19098965724988e-08,-0.00046412338269874454,0.0009772427147254348,0.0030198493041098118,0.011981216259300709,0.024717437103390694,0.0,953,4.765,0.052103638648986816,0.0004641233244910836
0.0050638639368116856,0.0,168.1356201171875,0.0,7.79038143157959,2.074826717376709,0.1359599381685257,2.0577809810638428,0.19299177825450897,80.92820739746094,5.870741733815521e-05,0.005005156621336937,0.00273493817076087,1.546140993013978e-11,6.963971827644855e-05,1.0199267864227295,6.799328804016113,0.03754598647356033,0.0011106369784101844,-5.009647369384766,-5.535447120666504,0.4686395227909088,18,0.01801813207566738,0.14397026598453522,18,1.0,0.0066510881297290325,0.003936685621738434,1.6895146369934082,0.08668253570795059,31.881927490234375,-0.00046365894377232585,0.0014791501453146338,0.009774250909686089,0.00039394770283252,-7.156631910297442e-08,-0.00046358737745322287,0.000976633746176958,0.0030158020090311766,0.011970261111855507,0.02470513805747032,0.0,954,4.7700000000000005,0.05210460349917412,0.00046358740655705333
0.005061546340584755,0.0,168.13563537597656,0.0,7.790381908416748,2.074826955795288,0.1359599381685257,2.0577809810638428,0.19299177825450897,80.92820739746094,5.872729525435716e-05,0.005002819001674652,0.0027351723983883858,0.0,6.959472375456244e-05,1.019974946975708,6.799317836761475,0.03755553811788559,0.001112363301217556,-5.010124206542969,-5.536057949066162,0.46835416555404663,18,0.01801261119544506,0.14387640357017517,18,1.0,0.0066479286178946495,0.003934286534786224,1.689741849899292,0.08663558214902878,31.86405372619629,-0.00046314671635628733,0.0014783332590013742,0.009777519851922989,0.0003935203712899238,-3.160675988587904e-08,-0.00046311510959640145,0.0009717419161461294,0.003011643886566162,0.011951337568461895,0.02469753660261631,0.0,955,4.775,0.05210546404123306,0.00046311510959640145
0.005059232469648123,0.0,168.13563537597656,0.0,7.79038143157959,2.074826717376709,0.1359599381685257,2.0577807426452637,0.19299177825450897,80.92820739746094,5.8749454183271155e-05,0.0050004832446575165,0.0027354175690561533,1.3642420526593924e-11,6.956692959647626e-05,1.0200231075286865,6.799306392669678,0.03756518289446831,0.0011075222864747047,-5.010601043701172,-5.53666877746582,0.4685981571674347,18,0.018009422346949577,0.14378362894058228,18,1.0,0.006644769571721554,0.0039318883791565895,1.6899690628051758,0.08658866584300995,31.84617805480957,-0.0004626810550689796,0.0014777400065213442,0.009780683554708958,0.0003931887331418693,7.462222128119898e-08,-0.0004627556772902608,0.0009727744036354125,0.003013207111507654,0.011959205381572247,0.0246892012655735,0.0,956,4.78,0.05210636183619499,0.0004627556772902608
0.005056919530034065,0.0,168.13563537597656,0.0,7.790381908416748,2.074826955795288,0.1359599381685257,2.0577809810638428,0.19299177825450897,80.92820739746094,5.876978684682399e-05,0.004998149815946817,0.002735669258981943,9.094947017729282e-13,6.952624244149774e-05,1.0200707912445068,6.799295425415039,0.037574928253889084,0.001104869763366878,-5.011077880859375,-5.5372796058654785,0.46852073073387146,18,0.018004469573497772,0.14368939399719238,18,1.0,0.006641612388193607,0.003929492551833391,1.690195918083191,0.08654176443815231,31.828290939331055,-0.0004621688276529411,0.0014769871486350894,0.00978389848023653,0.0003927793586626649,1.3678800313678217e-07,-0.00046230561565607786,0.0009682347299531102,0.003011047840118408,0.011949858628213406,0.024685218930244446,0.0,957,4.785,0.0521073043346405,0.00046230561565607786
0.0050546107813715935,0.0,168.1356201171875,0.0,7.79038143157959,2.074826717376709,0.1359599381685257,2.0577809810638428,0.19299177825450897,80.92820739746094,5.879083619220182e-05,0.004995820112526417,0.0027359300293028355,1.2732925824820995e-11,6.949312228243798e-05,1.0201185941696167,6.799283981323242,0.037584736943244934,0.001101544126868248,-5.011554718017578,-5.5378899574279785,0.4686160981655121,18,0.018000606447458267,0.14359557628631592,18,1.0,0.006638456601649523,0.003927099518477917,1.6904222965240479,0.08649489283561707,31.810543060302734,-0.0004621222615242103,0.0014763153158128262,0.009787063114345074,0.00039241203921847045,-2.1711457521709967e-07,-0.0004619051469489932,0.0009688588324934244,0.003011832246556878,0.011953129433095455,0.024671068415045738,0.0,958,4.79,0.0521082878112793,0.0004619051469489932
0.005052298307418823,0.0,168.13563537597656,0.0,7.79038143157959,2.074826717376709,0.1359599381685257,2.057781219482422,0.19299177825450897,80.92820739746094,5.881079414393753e-05,0.004993487615138292,0.002736198715865612,5.4569682106375694e-12,6.945292989257723e-05,1.0201661586761475,6.799273490905762,0.037594571709632874,0.0011079420801252127,-5.012031555175781,-5.5385003089904785,0.4681282043457031,18,0.017995677888393402,0.14350247383117676,18,1.0,0.0066353022120893,0.003924707882106304,1.6906486749649048,0.08644802868366241,31.792598724365234,-0.00046188943088055644,0.0014755601296201348,0.009790241718292236,0.0003920325543731451,-4.0396116674933005e-07,-0.0004614854697138071,0.000966270046774298,0.0030067083425819874,0.011944973841309547,0.024667393416166306,0.0,959,4.795,0.05210935324430466,0.0004614854697138071
0.005049991887062788,0.0,168.1356201171875,0.0,7.79038143157959,2.074826717376709,0.1359599381685257,2.0577809810638428,0.19299177825450897,80.9281997680664,5.8832651120610535e-05,0.004991159308701754,0.0027364729903638363,-3.637978807091713e-12,6.942317850189283e-05,1.0202137231826782,6.799262046813965,0.037604499608278275,0.0011102705029770732,-5.012507915496826,-5.53911018371582,0.46816185116767883,18,0.017992092296481133,0.14340820908546448,18,1.0,0.006632152479141951,0.00392231997102499,1.6908749341964722,0.08640124648809433,31.774700164794922,-0.00046123750507832555,0.001474958029575646,0.00979338027536869,0.00039172187098301947,-9.2462869370855e-08,-0.0004611450422089547,0.0009659782517701387,0.0030037104152143,0.011940529569983482,0.024647533893585205,0.0,960,4.8,0.05211041867733002,0.0004611450422089547
0.00504768593236804,0.0,168.1356201171875,0.0,7.790380954742432,2.074826717376709,0.1359599381685257,2.0577809810638428,0.19299177825450897,80.92820739746094,5.885557402507402e-05,0.004988830536603928,0.002736753784120083,1.8189894035458565e-11,6.940076127648354e-05,1.0202611684799194,6.79925012588501,0.03761453554034233,0.0011044336715713143,-5.012984275817871,-5.53972053527832,0.46831825375556946,18,0.017989395186305046,0.14331306517124176,18,1.0,0.00662900460883975,0.003919931128621101,1.6911022663116455,0.08635448664426804,31.75677490234375,-0.0004610046744346717,0.0014744834043085575,0.00979643501341343,0.0003914486733265221,-1.5526893549648634e-07,-0.0004608494054991752,0.0009651948348619044,0.003003052668645978,0.011950320564210415,0.024644510820508003,0.0,961,4.805,0.05211151763796806,0.00046084943460300565
0.005045381840318441,0.0,168.1356201171875,0.0,7.79038143157959,2.074826717376709,0.1359599381685257,2.0577809810638428,0.19299177825450897,80.92820739746094,5.887785664526746e-05,0.004986504092812538,0.0027370459865778685,5.4569682106375694e-12,6.937709986232221e-05,1.020308494567871,6.7992401123046875,0.03762456029653549,0.0011099072871729732,-5.013461112976074,-5.54033088684082,0.4680907130241394,18,0.017986657097935677,0.14322079718112946,18,1.0,0.006625854875892401,0.003917544614523649,1.691328525543213,0.08630772680044174,31.738819122314453,-0.0004604458808899024,0.0014739518519490957,0.00979950837790966,0.00039118577842600644,1.1699739842625746e-07,-0.00046056287828832865,0.0009621749049983919,0.0030006885062903166,0.011943348683416843,0.024645619094371796,0.0,962,4.8100000000000005,0.052112724632024765,0.00046056287828832865
0.005043081473559141,0.0,168.13563537597656,0.0,7.790381908416748,2.074826717376709,0.1359599381685257,2.0577809810638428,0.19299177825450897,80.92820739746094,5.8902100136037916e-05,0.004984179511666298,0.00273734237998724,-1.0913936421275139e-11,6.936455611139536e-05,1.0203557014465332,6.799228668212891,0.03763469308614731,0.0011053114430978894,-5.013937473297119,-5.540940761566162,0.4685284495353699,18,0.017985355108976364,0.14312665164470673,18,1.0,0.006622709799557924,0.003915160428732634,1.691555142402649,0.08626103401184082,31.72089958190918,-0.0004602130502462485,0.001473589101806283,0.009802527725696564,0.00039097812259569764,1.2962846084447989e-07,-0.000460342678707093,0.0009629546548239887,0.003002540208399296,0.011957342736423016,0.024639246985316277,0.0,963,4.815,0.05211392045021057,0.000460342678707093
0.005040779709815979,0.0,168.13563537597656,0.0,7.79038143157959,2.074826717376709,0.1359599381685257,2.0577809810638428,0.19299177825450897,80.92820739746094,5.8924255426973104e-05,0.004981855396181345,0.002737645525485277,-5.4569682106375694e-12,6.934122211532667e-05,1.0204026699066162,6.799218654632568,0.037644848227500916,0.001109894597902894,-5.014414310455322,-5.541551113128662,0.46856608986854553,18,0.017982717603445053,0.14303265511989594,18,1.0,0.006619562860578299,0.003912776242941618,1.6917816400527954,0.08621431142091751,31.702922821044922,-0.0004602596163749793,0.0014730518450960517,0.009805594570934772,0.00039070783532224596,-2.1056621336428038e-07,-0.000460049050161615,0.0009581472841091454,0.0030013953801244497,0.011959538795053959,0.024640824645757675,0.0,964,4.82,0.052115172147750854,0.000460049050161615
0.0050384788773953915,0.0,168.1356201171875,0.0,7.790380954742432,2.074826717376709,0.1359599381685257,2.0577809810638428,0.19299177825450897,80.92820739746094,5.8947196521330625e-05,0.004979531746357679,0.0027379444800317287,5.4569682106375694e-12,6.93202528054826e-05,1.0204496383666992,6.799208164215088,0.03765469044446945,0.0011060414835810661,-5.014891147613525,-5.542161464691162,0.4686000943183899,18,0.017980268225073814,0.14293868839740753,18,1.0,0.006616417784243822,0.003910393454134464,1.6920082569122314,0.0861676037311554,31.684913635253906,-0.00045965425670147923,0.0014725823421031237,0.00980863906443119,0.0003904427867382765,1.0879011823745855e-07,-0.0004597630468197167,0.0009529968956485391,0.003001241711899638,0.011971964500844479,0.024648666381835938,0.0,965,4.825,0.05211649835109711,0.0004597630468197167
0.005036183167248964,0.0,168.1356201171875,0.0,7.79038143157959,2.074826955795288,0.1359599381685257,2.057781219482422,0.19299177825450897,80.92820739746094,5.896919537917711e-05,0.004977214150130749,0.002738208044320345,2.7284841053187847e-12,6.929493974894285e-05,1.0204968452453613,6.799199104309082,0.03766350820660591,0.0011013348121196032,-5.0153679847717285,-5.542771816253662,0.4688771367073059,18,0.017977338284254074,0.14284519851207733,18,1.0,0.0066132741048932076,0.0039080120623111725,1.6922348737716675,0.08612092584371567,31.666955947875977,-0.00045946799218655614,0.0014720370527356863,0.009811699390411377,0.0003901380696333945,-3.498280421880594e-08,-0.00045943300938233733,0.0009522620821371675,0.0030021630227565765,0.011980932205915451,0.02464161068201065,0.0,966,4.83,0.05211785435676575,0.00045943300938233733
0.005033884197473526,0.0,168.13563537597656,0.0,7.790381908416748,2.074826955795288,0.1359599381685257,2.0577809810638428,0.19299177825450897,80.92820739746094,5.89896080782637e-05,0.004974894691258669,0.0027384785935282707,-1.8189894035458565e-11,6.926112109795213e-05,1.0205438137054443,6.799190044403076,0.037672363221645355,0.0010995615739375353,-5.015844821929932,-5.543382167816162,0.46864327788352966,18,0.01797332614660263,0.1427517980337143,18,1.0,0.006610131822526455,0.0039056320674717426,1.6924614906311035,0.08607423305511475,31.648902893066406,-0.0004595611244440177,0.0014713635900989175,0.009814790450036526,0.00038977788062766194,-5.220936145731579e-07,-0.00045903903082944453,0.0009526759968139231,0.003001703880727291,0.01197146251797676,0.024620313197374344,0.0,967,4.835,0.05211926996707916,0.00045903900172561407
0.005031587556004524,0.0,168.13565063476562,0.0,7.790381908416748,2.074827194213867,0.1359599381685257,2.057781219482422,0.19299177825450897,80.92821502685547,5.901061376789585e-05,0.004972577095031738,0.0027387458831071854,7.275957614183426e-12,6.923365435795859e-05,1.0205905437469482,6.79918098449707,0.037681326270103455,0.001105794683098793,-5.016321659088135,-5.543992519378662,0.46815189719200134,18,0.01797020062804222,0.14265693724155426,18,1.0,0.006606990937143564,0.003903253935277462,1.69268798828125,0.0860276073217392,31.631052017211914,-0.0004591885954141715,0.0014707535738125443,0.00981784425675869,0.0003894779074471444,-4.770408850261342e-07,-0.00045871155452914536,0.0009518852457404137,0.003000614931806922,0.011967342346906662,0.02461446449160576,0.0,968,4.84,0.05212061107158661,0.00045871155452914536
0.005029292311519384,0.0,168.1356201171875,0.0,7.79038143157959,2.074826717376709,0.1359599381685257,2.0577809810638428,0.19299177825450897,80.9281997680664,5.9033394791185856e-05,0.00497025903314352,0.0027390141040086746,5.4569682106375694e-12,6.921312160557136e-05,1.0206373929977417,6.799171447753906,0.03769034147262573,0.0011094873771071434,-5.01679801940918,-5.544602394104004,0.4679403603076935,18,0.01796782575547695,0.14256423711776733,18,1.0,0.006603854708373547,0.0039008785970509052,1.6929147243499756,0.08598104119300842,31.612844467163086,-0.00045849010348320983,0.0014702716143801808,0.009820886887609959,0.0003892387030646205,-3.827153706036264e-08,-0.00045845183194614947,0.0009521121974103153,0.0029986936133354902,0.011968509294092655,0.024602308869361877,0.0,969,4.845,0.05212196707725525,0.00045845183194614947
0.005027002654969692,0.0,168.13565063476562,0.0,7.790382385253906,2.074826955795288,0.1359599381685257,2.057781457901001,0.19299177825450897,80.92820739746094,5.905627040192485e-05,0.00496794655919075,0.0027392874471843243,4.547473508864641e-11,6.919276347616687e-05,1.0206842422485352,6.799162864685059,0.03769940137863159,0.0011052966583520174,-5.017274379730225,-5.545212268829346,0.46821534633636475,18,0.01796550303697586,0.14246980845928192,18,1.0,0.006600719876587391,0.003898504888638854,1.6931413412094116,0.08593453466892242,31.5947265625,-0.000457838177680979,0.0014697992010042071,0.00982392206788063,0.00038897607009857893,3.305904101482803e-07,-0.0004581687680911273,0.0009529259405098855,0.002999525284394622,0.011982550844550133,0.02459552511572838,0.0,970,4.8500000000000005,0.05212335288524628,0.0004581688262987882
0.005024713929742575,0.0,168.13565063476562,0.0,7.790381908416748,2.074826955795288,0.1359599381685257,2.057781457901001,0.19299177825450897,80.92820739746094,5.907698505325243e-05,0.004965636879205704,0.002739566843956709,1.8189894035458565e-12,6.916204438311979e-05,1.02073073387146,6.799154281616211,0.03770852088928223,0.0011051136534661055,-5.0177507400512695,-5.5458221435546875,0.4681958258152008,18,0.017962012439966202,0.14237622916698456,18,1.0,0.006597586907446384,0.0038961325772106647,1.6933681964874268,0.08588802814483643,31.576684951782227,-0.00045825727283955596,0.0014691416872665286,0.009827014058828354,0.0003886295307893306,-4.656903911479538e-07,-0.000457791582448408,0.0009502120083197951,0.0030007753521203995,0.011979036033153534,0.02459118887782097,0.0,971,4.855,0.05212476849555969,0.000457791582448408
0.005022420082241297,0.0,168.13563537597656,0.0,7.790381908416748,2.074827194213867,0.1359599381685257,2.057781457901001,0.19299177825450897,80.92820739746094,5.909697210881859e-05,0.004963323008269072,0.002739853225648403,2.546585164964199e-11,6.912970275152475e-05,1.0207771062850952,6.799145698547363,0.037717655301094055,0.0011324025690555573,-5.0182271003723145,-5.546432018280029,0.4671362638473511,18,0.01795821078121662,0.14228250086307526,18,1.0,0.00659445533528924,0.003893761895596981,1.6935949325561523,0.08584152907133102,31.558513641357422,-0.000457838177680979,0.001468432368710637,0.009830106981098652,0.0003883574972860515,-3.51021299148423e-07,-0.0004574871563818306,0.0009539587190374732,0.0029924206901341677,0.011973955668509007,0.02456536330282688,0.0,972,4.86,0.052126262336969376,0.00045748718548566103
0.005020135547965765,0.0,168.13563537597656,0.0,7.790381908416748,2.074826717376709,0.1359599381685257,2.057781219482422,0.19299177825450897,80.92820739746094,5.911974949412979e-05,0.004961015656590462,0.0027401410043239594,4.547473508864641e-12,6.91099266987294e-05,1.02082359790802,6.799138069152832,0.03772689402103424,0.00112767587415874,-5.018702030181885,-5.547040939331055,0.4674694538116455,18,0.01795600913465023,0.14218904078006744,18,1.0,0.006591334007680416,0.0038913963362574577,1.6938223838806152,0.08579517900943756,31.540393829345703,-0.00045723281800747894,0.0014679586747661233,0.009833131916821003,0.000388093467336148,-2.9423972601515594e-08,-0.0004572033940348774,0.0009551752591505647,0.002994310110807419,0.011984934099018574,0.024557624012231827,0.0,973,4.865,0.052127689123153687,0.0004572033940348774
0.005017847754061222,0.0,168.13565063476562,0.0,7.79038143157959,2.074826717376709,0.1359599381685257,2.0577809810638428,0.19299177825450897,80.92820739746094,5.914046414545737e-05,0.004958707373589277,0.00274040549993515,2.1827872842550278e-11,6.907973147463053e-05,1.0208698511123657,6.799130439758301,0.0377361997961998,0.001140501699410379,-5.019177436828613,-5.547650337219238,0.46677258610725403,18,0.017952440306544304,0.14209339022636414,18,1.0,0.00658821128308773,0.0038890300784260035,1.6940499544143677,0.0857488214969635,31.52225685119629,-0.0004569534212350943,0.0014673139667138457,0.009836199693381786,0.00038780452450737357,-6.917980500541383e-08,-0.0004568842414300889,0.0009571301634423435,0.0029895713087171316,0.01196199469268322,0.024539226666092873,0.0,974,4.87,0.05212875455617905,0.00045688427053391933
0.005015566013753414,0.0,168.13563537597656,0.0,7.79038143157959,2.074826717376709,0.1359599381685257,2.0577809810638428,0.19299177825450897,80.92820739746094,5.916428563068621e-05,0.004956401884555817,0.0027406802400946617,9.094947017729282e-12,6.906603084644303e-05,1.0209159851074219,6.799121856689453,0.03774557262659073,0.0011355639435350895,-5.019651889801025,-5.548259258270264,0.46717163920402527,18,0.017950978130102158,0.14199937880039215,18,1.0,0.006585096474736929,0.003886667313054204,1.694278359413147,0.0857025608420372,31.504026412963867,-0.00045639462769032495,0.0014669353840872645,0.009839185513556004,0.0003875902621075511,2.616725396267891e-07,-0.00045665630022995174,0.0009579570032656193,0.002991416258737445,0.011975279077887535,0.024533633142709732,0.0,975,4.875,0.05212988331913948,0.00045665630022995174
0.005013283807784319,0.0,168.13563537597656,0.0,7.79038143157959,2.074826717376709,0.1359599381685257,2.0577809810638428,0.19299177825450897,80.92820739746094,5.918594615650363e-05,0.004954097792506218,0.00274096243083477,1.0913936421275139e-11,6.903923349454999e-05,1.0209619998931885,6.799115180969238,0.03775496780872345,0.0011403136886656284,-5.020126819610596,-5.548868179321289,0.4669426381587982,18,0.0179477259516716,0.14190736413002014,18,1.0,0.006581980735063553,0.0038843059446662664,1.694506287574768,0.08565627038478851,31.485740661621094,-0.0004561617970466711,0.0014663777546957135,0.009842217899858952,0.0003873140667565167,1.9150320439560416e-07,-0.0004563533002510667,0.000955232186242938,0.0029874600004404783,0.011973273009061813,0.024529919028282166,0.0,976,4.88,0.05213107913732529,0.0004563533002510667
0.0050110043957829475,0.0,168.13565063476562,0.0,7.79038143157959,2.074826955795288,0.1359599381685257,2.057781457901001,0.19299177825450897,80.92820739746094,5.920913099544123e-05,0.004951795097440481,0.002741248579695821,-9.094947017729282e-12,6.902129098307341e-05,1.021008014678955,6.799108028411865,0.03776446357369423,0.0011338443728163838,-5.020601749420166,-5.5494771003723145,0.4670475423336029,18,0.017945660278201103,0.1418110728263855,18,1.0,0.006578865461051464,0.0038819462060928345,1.6947338581085205,0.0856100544333458,31.46755599975586,-0.00045588240027428644,0.0014659566804766655,0.00984519999474287,0.00038707052590325475,2.0943116395695212e-07,-0.0004560918314382434,0.000951501599047333,0.002988356165587902,0.011975388042628765,0.024533431977033615,0.0,977,4.885,0.052132271230220795,0.0004560918314382434
0.005008724983781576,0.0,168.13565063476562,0.0,7.790382385253906,2.074827194213867,0.1359599381685257,2.057781457901001,0.19299177825450897,80.92820739746094,5.923099524807185e-05,0.004949493799358606,0.0027415447402745485,-3.637978807091713e-12,6.89959415467456e-05,1.0210539102554321,6.799100875854492,0.03777395188808441,0.0011349392589181662,-5.021076679229736,-5.55008602142334,0.4669930338859558,18,0.0179426409304142,0.1417190283536911,18,1.0,0.0065757520496845245,0.0038795876316726208,1.6949615478515625,0.08556382358074188,31.4492130279541,-0.0004557427018880941,0.0014654197730123997,0.009848219342529774,0.00038679310819134116,4.633329807741645e-08,-0.00045578903518617153,0.0009441361762583256,0.002986180828884244,0.011962260119616985,0.02453645132482052,0.0,978,4.89,0.052133552730083466,0.00045578903518617153
0.005006446968764067,0.0,168.13565063476562,0.0,7.790381908416748,2.074826955795288,0.1359599381685257,2.057781219482422,0.19299177825450897,80.92820739746094,5.925408186158165e-05,0.004947192966938019,0.002741849049925804,3.637978807091713e-12,6.897970888530836e-05,1.0210999250411987,6.799093246459961,0.03778359293937683,0.001130998833104968,-5.021551609039307,-5.550694942474365,0.46727684140205383,18,0.017940867692232132,0.14162391424179077,18,1.0,0.006572640035301447,0.003877230454236269,1.6951894760131836,0.08551764488220215,31.431074142456055,-0.0004556030035019018,0.0014650047523900867,0.009851180948317051,0.0003865623439196497,-6.094342098610398e-08,-0.0004555420600809157,0.0009402089053764939,0.002987627172842622,0.011969133280217648,0.02453751116991043,0.0,979,4.8950000000000005,0.05213482677936554,0.0004555420600809157
0.005004168953746557,0.0,168.13563537597656,0.0,7.79038143157959,2.074826717376709,0.1359599381685257,2.0577809810638428,0.19299177825450897,80.92820739746094,5.927581514697522e-05,0.004944893065840006,0.0027421105187386274,9.094947017729282e-12,6.895531987538561e-05,1.0211455821990967,6.799084663391113,0.037792742252349854,0.001134643447585404,-5.022026538848877,-5.551303863525391,0.46681687235832214,18,0.017937878146767616,0.14153030514717102,18,1.0,0.006569529417902231,0.003874874906614423,1.6954171657562256,0.08547145128250122,31.412805557250977,-0.0004554167389869787,0.001464490545913577,0.009854151867330074,0.00038630416383966804,-1.572479959674358e-07,-0.00045525949099101126,0.0009374039946123958,0.0029837123584002256,0.011980371549725533,0.024551475420594215,0.0,980,4.9,0.052136167883872986,0.00045525949099101126
0.005001892801374197,0.0,168.13565063476562,0.0,7.790381908416748,2.074826955795288,0.1359599381685257,2.057781457901001,0.19299177825450897,80.92820739746094,5.9297399275237694e-05,0.0049425954930484295,0.0027423356659710407,-1.2732925824820995e-11,6.893165118526667e-05,1.0211918354034424,6.799077987670898,0.03780152648687363,0.0011416052002459764,-5.022500991821289,-5.551912307739258,0.4666989743709564,18,0.01793532818555832,0.14143629372119904,18,1.0,0.006566423457115889,0.003872522385790944,1.6956450939178467,0.08542533218860626,31.39458656311035,-0.0004550907760858633,0.001463910099118948,0.00985720381140709,0.00038602756103500724,-1.3154931367413995e-07,-0.00045495922677218914,0.0009381687268614769,0.00298411981202662,0.011984935961663723,0.024538561701774597,0.0,981,4.905,0.05213756114244461,0.00045495922677218914
0.004999618045985699,0.0,168.1356658935547,0.0,7.790382385253906,2.074826717376709,0.1359599381685257,2.05778169631958,0.19299177825450897,80.92821502685547,5.931835403316654e-05,0.004940299782902002,0.0027425484731793404,-3.637978807091713e-12,6.88956497469917e-05,1.0212379693984985,6.799070358276367,0.03780972212553024,0.0011325597297400236,-5.022974967956543,-5.552520751953125,0.46623748540878296,18,0.017930682748556137,0.14134301245212555,18,1.0,0.006563322152942419,0.003870171494781971,1.695873737335205,0.08537924289703369,31.376266479492188,-0.00045462511479855554,0.0014632843667641282,0.009860257618129253,0.00038566713919863105,-6.23404048480272e-08,-0.0004545627743937075,0.0009328883606940508,0.0029802555218338966,0.011967942118644714,0.024527274072170258,0.0,982,4.91,0.052139006555080414,0.0004545627743937075
0.0049973465502262115,0.0,168.13565063476562,0.0,7.790381908416748,2.074826717376709,0.1359599381685257,2.057781457901001,0.19299177825450897,80.92820739746094,5.9342055465094745e-05,0.0049380045384168625,0.0027427123859524727,3.637978807091713e-12,6.888242933200672e-05,1.0212839841842651,6.799062252044678,0.03781649097800255,0.001127536059357226,-5.023448944091797,-5.553128719329834,0.4666375517845154,18,0.017929276451468468,0.14124733209609985,18,1.0,0.006560222245752811,0.003867823863402009,1.6961015462875366,0.08533324301242828,31.357975006103516,-0.00045411288738251703,0.0014629147481173277,0.009863209910690784,0.0003854569513350725,2.2648600860459807e-07,-0.0004543393733911216,0.0009337233495898545,0.0029820604249835014,0.01198126282542944,0.024521782994270325,0.0,983,4.915,0.052140455693006516,0.0004543393733911216
0.004995076917111874,0.0,168.1356658935547,0.0,7.790382385253906,2.074827194213867,0.1359599381685257,2.057781457901001,0.19299177825450897,80.92822265625,5.936358866165392e-05,0.004935713484883308,0.0027428928297013044,-1.8189894035458565e-12,6.885570473968983e-05,1.021329402923584,6.799056053161621,0.037823379039764404,0.0011211910750716925,-5.023923397064209,-5.553737163543701,0.46684151887893677,18,0.017926093190908432,0.14115718007087708,18,1.0,0.006557120475918055,0.0038654757663607597,1.6963294744491577,0.0852871984243393,31.339534759521484,-0.0004537403583526708,0.0014623646857216954,0.009866208769381046,0.0003851457731798291,2.611195668481654e-07,-0.00045400147791951895,0.0009308898588642478,0.0029823770746588707,0.011985063552856445,0.024515878409147263,0.0,984,4.92,0.05214203894138336,0.00045400147791951895
0.004992809146642685,0.0,168.13565063476562,0.0,7.790381908416748,2.074826955795288,0.1359599381685257,2.057781219482422,0.19299177825450897,80.92820739746094,5.938457979937084e-05,0.004933424759656191,0.002743073971942067,1.1823431123048067e-11,6.882908928673714e-05,1.0213749408721924,6.799048900604248,0.03783028945326805,0.0011167586781084538,-5.024398326873779,-5.554345607757568,0.4670891761779785,18,0.01792304217815399,0.1410621702671051,18,1.0,0.0065540168434381485,0.0038631290663033724,1.696556568145752,0.0852411761879921,31.321176528930664,-0.0004533678293228246,0.0014617880806326866,0.009869190864264965,0.0003848280757665634,2.893502823911971e-07,-0.0004536571796052158,0.00093174132052809,0.002984113758429885,0.0119925020262599,0.024508077651262283,0.0,985,4.925,0.05214361101388931,0.0004536571796052158
0.0049905432388186455,0.0,168.13565063476562,0.0,7.79038143157959,2.074826955795288,0.1359599381685257,2.057781457901001,0.19299177825450897,80.92820739746094,5.9403650084277615e-05,0.004931139759719372,0.0027432655915617943,-1.8189894035458565e-12,6.878876592963934e-05,1.0214203596115112,6.799042701721191,0.03783728927373886,0.0011141966097056866,-5.02487325668335,-5.5549540519714355,0.4670283794403076,18,0.01791803166270256,0.1409687101840973,18,1.0,0.006550915073603392,0.003860783763229847,1.6967837810516357,0.0851951539516449,31.3027400970459,-0.00045322813093663227,0.0014610524522140622,0.009872211143374443,0.0003844337770715356,-5.5879354573422704e-09,-0.0004532225430011749,0.000931748712901026,0.002981018042191863,0.011985298246145248,0.0244889035820961,0.0,986,4.93,0.05214526131749153,0.0004532225430011749
0.004988276865333319,0.0,168.13565063476562,0.0,7.79038143157959,2.074826955795288,0.1359599381685257,2.057781457901001,0.19299177825450897,80.92820739746094,5.942309508100152e-05,0.004928853828459978,0.002743464894592762,-1.9099388737231493e-11,6.875467079225928e-05,1.0214656591415405,6.799036502838135,0.03784433379769325,0.0011178955901414156,-5.02534818649292,-5.5555620193481445,0.46675899624824524,18,0.017913898453116417,0.14087626338005066,18,1.0,0.006547815166413784,0.0038584417197853327,1.6970102787017822,0.08514915406703949,31.284440994262695,-0.0004530418664217092,0.0014603777090087533,0.009875179268419743,0.0003840928548015654,-1.9432627596926034e-07,-0.0004528475401457399,0.000934927724301815,0.0029780245386064053,0.011981649324297905,0.024481968954205513,0.0,987,4.9350000000000005,0.052146948873996735,0.00045284751104190946
0.0049860128201544285,0.0,168.13568115234375,0.0,7.790382385253906,2.074827194213867,0.1359599381685257,2.057781457901001,0.19299177825450897,80.92822265625,5.944234726484865e-05,0.004926570691168308,0.002743667922914028,8.185452315956354e-12,6.871719961054623e-05,1.0215108394622803,6.799030303955078,0.03785141557455063,0.0011140769347548485,-5.025822639465332,-5.5561699867248535,0.46662548184394836,18,0.017909279093146324,0.14078108966350555,18,1.0,0.006544719450175762,0.003856101306155324,1.6972373723983765,0.08510322123765945,31.26597785949707,-0.0004524365067482091,0.0014596801484003663,0.009878159500658512,0.0003837125259451568,-6.781192506068352e-09,-0.00045242972555570304,0.0009354485664516687,0.0029759840108454227,0.011975305154919624,0.024468349292874336,0.0,988,4.94,0.052148666232824326,0.00045242972555570304
0.004983752500265837,0.0,168.1356658935547,0.0,7.7903828620910645,2.074826955795288,0.1359599381685257,2.057781457901001,0.19299177825450897,80.92822265625,5.946243618382141e-05,0.004924289882183075,0.0027438849210739136,3.637978807091713e-12,6.86855346430093e-05,1.0215559005737305,6.799025058746338,0.03785860538482666,0.0011106958845630288,-5.026297092437744,-5.556777477264404,0.46652209758758545,18,0.017905408516526222,0.14068983495235443,18,1.0,0.006541624665260315,0.003853763919323683,1.6974637508392334,0.08505730330944061,31.24753189086914,-0.0004522968083620168,0.0014590659411624074,0.009881100617349148,0.00038338018930517137,-2.31084413836115e-07,-0.0004520657239481807,0.000933713570702821,0.00297431624494493,0.011967828497290611,0.024454107508063316,0.0,989,4.945,0.052150480449199677,0.0004520657239481807
0.004981489852070808,0.0,168.13565063476562,0.0,7.790381908416748,2.074826717376709,0.1359599381685257,2.057781457901001,0.19299177825450897,80.92820739746094,5.948329271632247e-05,0.004922006744891405,0.0027441028505563736,5.4569682106375694e-12,6.866049079690129e-05,1.0216010808944702,6.799018859863281,0.03786583989858627,0.00110927177593112,-5.026771545410156,-5.557384967803955,0.4661373496055603,18,0.01790238358080387,0.14059565961360931,18,1.0,0.006538532208651304,0.0038514279294759035,1.6976903676986694,0.08501143753528595,31.2291316986084,-0.0004518777132034398,0.001458544167689979,0.009883980266749859,0.00038310245145112276,-1.1478550733100713e-07,-0.0004517629276961088,0.0009314302005805075,0.0029726491775363684,0.011966356076300144,0.02444883994758129,0.0,990,4.95,0.05215226113796234,0.0004517629276961088
0.004979233723133802,0.0,168.1356658935547,0.0,7.790382385253906,2.074826955795288,0.1359599381685257,2.05778169631958,0.19299177825450897,80.92821502685547,5.950504055363126e-05,0.004919728729873896,0.0027443310245871544,1.000444171950221e-11,6.864067108836025e-05,1.0216459035873413,6.799013137817383,0.037873122841119766,0.0011046670842915773,-5.027245998382568,-5.557992458343506,0.4664321839809418,18,0.017900101840496063,0.14050304889678955,18,1.0,0.006535440683364868,0.003849093336611986,1.697916865348816,0.08496563136577606,31.21057891845703,-0.00045136548578740126,0.0014580877032130957,0.009886853396892548,0.00038284846232272685,1.2363307177060958e-07,-0.00045148911885917187,0.0009320802637375891,0.0029734622221440077,0.011977148242294788,0.024442700669169426,0.0,991,4.955,0.05215414613485336,0.00045148911885917187
0.0049769761972129345,0.0,168.1356658935547,0.0,7.7903828620910645,2.074827194213867,0.1359599381685257,2.057781457901001,0.19299177825450897,80.92821502685547,5.952504579909146e-05,0.0049174511805176735,0.00274456525221467,-1.7280399333685637e-11,6.861559086246416e-05,1.021690845489502,6.799007415771484,0.037880487740039825,0.001111774705350399,-5.027720928192139,-5.558599948883057,0.4660308361053467,18,0.01789740100502968,0.14040957391262054,18,1.0,0.00653234776109457,0.0038467603735625744,1.698142647743225,0.08491981774568558,31.191993713378906,-0.0004510860890150166,0.0014574883971363306,0.009889760985970497,0.0003825605090241879,9.004725142353889e-08,-0.00045117613626644015,0.0009264270192943513,0.0029742715414613485,0.011962849646806717,0.024443568661808968,0.0,992,4.96,0.05215606838464737,0.0004511761071626097
0.004974722862243652,0.0,168.1356658935547,0.0,7.790382385253906,2.074827194213867,0.1359599381685257,2.057781457901001,0.19299177825450897,80.92821502685547,5.9545738622546196e-05,0.00491517735645175,0.0027448125183582306,1.0913936421275139e-11,6.859219865873456e-05,1.021735429763794,6.799001693725586,0.037887945771217346,0.0011070937616750598,-5.028195381164551,-5.559206962585449,0.4663239121437073,18,0.017894741147756577,0.14031854271888733,18,1.0,0.006529259029775858,0.00384443043731153,1.6983683109283447,0.08487406373023987,31.173398971557617,-0.0004509463906288243,0.0014569642953574657,0.009892625734210014,0.00038227089680731297,-8.329516277676705e-08,-0.0004508630954660475,0.0009272860479541123,0.0029761693440377712,0.011972709558904171,0.024435915052890778,0.0,993,4.965,0.05215805396437645,0.0004508630954660475
0.004972466733306646,0.0,168.1356658935547,0.0,7.790381908416748,2.074826955795288,0.1359599381685257,2.057781457901001,0.19299177825450897,80.92820739746094,5.956441964372061e-05,0.004912902135401964,0.002745061181485653,1.546140993013978e-11,6.855148239992559e-05,1.021780014038086,6.7989959716796875,0.03789540380239487,0.0011016536736860871,-5.028669834136963,-5.559813976287842,0.46596962213516235,18,0.017889469861984253,0.14022518694400787,18,1.0,0.006526172161102295,0.0038421021308749914,1.698594093322754,0.08482831716537476,31.15492820739746,-0.0004506204277277089,0.0014562740689143538,0.009895529597997665,0.0003818877739831805,-1.8120044843321923e-07,-0.00045043922727927566,0.0009210873395204544,0.0029706198256462812,0.011955407448112965,0.02443593367934227,0.0,994,4.97,0.05216004326939583,0.0004504392563831061
0.004970216657966375,0.0,168.1356658935547,0.0,7.790382385253906,2.074827194213867,0.1359599381685257,2.057781457901001,0.19299177825450897,80.92822265625,5.95864221395459e-05,0.00491063017398119,0.002745324047282338,-1.8189894035458565e-12,6.853722152300179e-05,1.021824598312378,6.798989772796631,0.03790302574634552,0.001099014887586236,-5.029144287109375,-5.560420989990234,0.46608877182006836,18,0.017887962982058525,0.140133798122406,18,1.0,0.006523086689412594,0.003839774988591671,1.6988199949264526,0.08478261530399323,31.136362075805664,-0.0004500150680542088,0.0014558823313564062,0.009898328222334385,0.0003816757525783032,1.97906047096194e-07,-0.000450212974101305,0.0009222719818353653,0.002972397953271866,0.011961751617491245,0.024422861635684967,0.0,995,4.9750000000000005,0.05216211825609207,0.000450212974101305
0.004967966582626104,0.0,168.13568115234375,0.0,7.790382385253906,2.074827194213867,0.1359599381685257,2.05778169631958,0.19299177825450897,80.92822265625,5.9607285948004574e-05,0.00490835914388299,0.002745591104030609,-1.0913936421275139e-11,6.851540820207447e-05,1.0218689441680908,6.798984050750732,0.03791065141558647,0.0011023965198546648,-5.029619216918945,-5.561028003692627,0.46606647968292236,18,0.01788538694381714,0.14004133641719818,18,1.0,0.0065199993550777435,0.003837449476122856,1.6990450620651245,0.08473694324493408,31.117630004882812,-0.00045048072934151655,0.0014553957153111696,0.009901151061058044,0.0003814324445556849,-5.328911356723893e-07,-0.00044994783820584416,0.0009202761575579643,0.0029700675513595343,0.011959834955632687,0.02442140132188797,0.0,996,4.98,0.052164219319820404,0.00044994783820584416
0.00496571185067296,0.0,168.13568115234375,0.0,7.790382385253906,2.074827194213867,0.1359599381685257,2.057781457901001,0.19299177825450897,80.92822265625,5.9628939197864383e-05,0.00490608299151063,0.002745864912867546,-1.8189894035458565e-12,6.849779310869053e-05,1.0219130516052246,6.798978805541992,0.0379183366894722,0.001131413853727281,-5.030093669891357,-5.5616350173950195,0.46493133902549744,18,0.017883053049445152,0.13994844257831573,18,1.0,0.006516917143017054,0.0038351251278072596,1.6992710828781128,0.08469129353761673,31.099151611328125,-0.00045029446482659346,0.0014549873303622007,0.009903938509523869,0.0003813228977378458,-4.7378125601476315e-07,-0.0004498206835705787,0.0009165967348963022,0.002955779666081071,0.011927781626582146,0.024410201236605644,0.0,997,4.985,0.05216634273529053,0.0004498206835705787
0.0049634636379778385,0.0,168.13568115234375,0.0,7.790381908416748,2.074827194213867,0.1359599381685257,2.05778169631958,0.19299177825450897,80.92822265625,5.96580357523635e-05,0.0049038054421544075,0.0027461503632366657,1.6370904631912708e-11,6.852478691143915e-05,1.0219573974609375,6.798972129821777,0.03792615979909897,0.0011349167907610536,-5.030567169189453,-5.562241554260254,0.4654567241668701,18,0.017886558547616005,0.13985678553581238,18,1.0,0.006513841915875673,0.003832804271951318,1.6994976997375488,0.08464577794075012,31.080341339111328,-0.0004496425390243626,0.0014552428619936109,0.009906500577926636,0.00038147196755744517,3.54193616648854e-07,-0.0004499967326410115,0.0009146075462922454,0.002954494208097458,0.011952790431678295,0.024415872991085052,0.0,998,4.99,0.05216853320598602,0.00044999676174484193
0.004961215425282717,0.0,168.13568115234375,0.0,7.7903828620910645,2.074827194213867,0.1359599381685257,2.05778169631958,0.19299177825450897,80.92822265625,5.968599725747481e-05,0.004901529289782047,0.002746442100033164,9.094947017729282e-13,6.854326056782156e-05,1.0220012664794922,6.798965930938721,0.03793403506278992,0.0011371253058314323,-5.031041145324707,-5.5628485679626465,0.46556928753852844,18,0.017888812348246574,0.13976529240608215,18,1.0,0.006510765291750431,0.0038304829504340887,1.6997244358062744,0.08460023254156113,31.061676025390625,-0.0004500150680542088,0.0014554093359038234,0.009909078478813171,0.00038157106610015035,9.924406184786674e-08,-0.0004501143121160567,0.0009148257086053491,0.0029504429548978806,0.011960598640143871,0.024412861093878746,0.0,999,4.995,0.05217074975371361,0.0004501143121160567
0.0049589634872972965,0.0,168.13568115234375,0.0,7.790382385253906,2.074826717376709,0.1359599381685257,2.057781457901001,0.19299177825450897,80.92822265625,5.97140533500351e-05,0.004899249412119389,0.0027467389591038227,-1.1823431123048067e-11,6.856038089608774e-05,1.0220451354980469,6.7989606857299805,0.03794194757938385,0.0011361947981640697,-5.031515121459961,-5.563456058502197,0.46588417887687683,18,0.017890695482492447,0.13967283070087433,18,1.0,0.006507690064609051,0.0038281609304249287,1.6999520063400269,0.08455470204353333,31.042909622192383,-0.000450387597084055,0.0014556010719388723,0.009911628440022469,0.0003816698445007205,-1.5736441128915432e-07,-0.00045023023267276585,0.0009150579571723938,0.0029441805090755224,0.01197688840329647,0.02440095879137516,0.0,1000,5.0,0.05217299982905388,0.00045023023267276585
